image_name,col_number,row_number,label
cricket_1.jpg,1,1,1
cricket_1.jpg,1,2,1
cricket_1.jpg,1,3,1
cricket_1.jpg,1,4,1
cricket_1.jpg,1,5,1
cricket_1.jpg,1,6,1
cricket_1.jpg,1,7,1
cricket_1.jpg,1,8,1
cricket_1.jpg,2,1,1
cricket_1.jpg,2,2,1
cricket_1.jpg,2,3,1
cricket_1.jpg,2,4,1
cricket_1.jpg,2,5,1
cricket_1.jpg,2,6,1
cricket_1.jpg,2,7,1
cricket_1.jpg,2,8,1
cricket_1.jpg,3,1,1
cricket_1.jpg,3,2,1
cricket_1.jpg,3,3,1
cricket_1.jpg,3,4,1
cricket_1.jpg,3,5,1
cricket_1.jpg,3,6,1
cricket_1.jpg,3,7,1
cricket_1.jpg,3,8,1
cricket_1.jpg,4,1,1
cricket_1.jpg,4,2,1
cricket_1.jpg,4,3,1
cricket_1.jpg,4,4,1
cricket_1.jpg,4,5,1
cricket_1.jpg,4,6,1
cricket_1.jpg,4,7,1
cricket_1.jpg,4,8,1
cricket_1.jpg,5,1,1
cricket_1.jpg,5,2,1
cricket_1.jpg,5,3,1
cricket_1.jpg,5,4,1
cricket_1.jpg,5,5,1
cricket_1.jpg,5,6,1
cricket_1.jpg,5,7,1
cricket_1.jpg,5,8,1
cricket_1.jpg,6,1,1
cricket_1.jpg,6,2,1
cricket_1.jpg,6,3,1
cricket_1.jpg,6,4,1
cricket_1.jpg,6,5,1
cricket_1.jpg,6,6,1
cricket_1.jpg,6,7,1
cricket_1.jpg,6,8,1
cricket_1.jpg,7,1,1
cricket_1.jpg,7,2,1
cricket_1.jpg,7,3,1
cricket_1.jpg,7,4,1
cricket_1.jpg,7,5,1
cricket_1.jpg,7,6,1
cricket_1.jpg,7,7,1
cricket_1.jpg,7,8,1
cricket_1.jpg,8,1,1
cricket_1.jpg,8,2,1
cricket_1.jpg,8,3,1
cricket_1.jpg,8,4,1
cricket_1.jpg,8,5,1
cricket_1.jpg,8,6,1
cricket_1.jpg,8,7,1
cricket_1.jpg,8,8,1
cricket_10.jpg,1,1,1
cricket_10.jpg,1,2,1
cricket_10.jpg,1,3,1
cricket_10.jpg,1,4,1
cricket_10.jpg,1,5,1
cricket_10.jpg,1,6,1
cricket_10.jpg,1,7,1
cricket_10.jpg,1,8,1
cricket_10.jpg,2,1,1
cricket_10.jpg,2,2,1
cricket_10.jpg,2,3,1
cricket_10.jpg,2,4,1
cricket_10.jpg,2,5,1
cricket_10.jpg,2,6,1
cricket_10.jpg,2,7,1
cricket_10.jpg,2,8,1
cricket_10.jpg,3,1,1
cricket_10.jpg,3,2,1
cricket_10.jpg,3,3,1
cricket_10.jpg,3,4,1
cricket_10.jpg,3,5,1
cricket_10.jpg,3,6,1
cricket_10.jpg,3,7,1
cricket_10.jpg,3,8,1
cricket_10.jpg,4,1,1
cricket_10.jpg,4,2,1
cricket_10.jpg,4,3,1
cricket_10.jpg,4,4,1
cricket_10.jpg,4,5,1
cricket_10.jpg,4,6,1
cricket_10.jpg,4,7,1
cricket_10.jpg,4,8,1
cricket_10.jpg,5,1,1
cricket_10.jpg,5,2,1
cricket_10.jpg,5,3,1
cricket_10.jpg,5,4,1
cricket_10.jpg,5,5,1
cricket_10.jpg,5,6,1
cricket_10.jpg,5,7,1
cricket_10.jpg,5,8,1
cricket_10.jpg,6,1,1
cricket_10.jpg,6,2,1
cricket_10.jpg,6,3,1
cricket_10.jpg,6,4,1
cricket_10.jpg,6,5,1
cricket_10.jpg,6,6,1
cricket_10.jpg,6,7,1
cricket_10.jpg,6,8,1
cricket_10.jpg,7,1,1
cricket_10.jpg,7,2,1
cricket_10.jpg,7,3,1
cricket_10.jpg,7,4,1
cricket_10.jpg,7,5,1
cricket_10.jpg,7,6,1
cricket_10.jpg,7,7,1
cricket_10.jpg,7,8,1
cricket_10.jpg,8,1,1
cricket_10.jpg,8,2,1
cricket_10.jpg,8,3,1
cricket_10.jpg,8,4,1
cricket_10.jpg,8,5,1
cricket_10.jpg,8,6,1
cricket_10.jpg,8,7,1
cricket_10.jpg,8,8,1
cricket_20.jpg,1,1,1
cricket_20.jpg,1,2,1
cricket_20.jpg,1,3,1
cricket_20.jpg,1,4,1
cricket_20.jpg,1,5,1
cricket_20.jpg,1,6,1
cricket_20.jpg,1,7,1
cricket_20.jpg,1,8,1
cricket_20.jpg,2,1,1
cricket_20.jpg,2,2,1
cricket_20.jpg,2,3,1
cricket_20.jpg,2,4,1
cricket_20.jpg,2,5,1
cricket_20.jpg,2,6,1
cricket_20.jpg,2,7,1
cricket_20.jpg,2,8,1
cricket_20.jpg,3,1,1
cricket_20.jpg,3,2,1
cricket_20.jpg,3,3,1
cricket_20.jpg,3,4,1
cricket_20.jpg,3,5,1
cricket_20.jpg,3,6,1
cricket_20.jpg,3,7,1
cricket_20.jpg,3,8,1
cricket_20.jpg,4,1,1
cricket_20.jpg,4,2,1
cricket_20.jpg,4,3,1
cricket_20.jpg,4,4,1
cricket_20.jpg,4,5,1
cricket_20.jpg,4,6,1
cricket_20.jpg,4,7,1
cricket_20.jpg,4,8,1
cricket_20.jpg,5,1,1
cricket_20.jpg,5,2,1
cricket_20.jpg,5,3,1
cricket_20.jpg,5,4,1
cricket_20.jpg,5,5,1
cricket_20.jpg,5,6,1
cricket_20.jpg,5,7,1
cricket_20.jpg,5,8,1
cricket_20.jpg,6,1,1
cricket_20.jpg,6,2,1
cricket_20.jpg,6,3,1
cricket_20.jpg,6,4,1
cricket_20.jpg,6,5,1
cricket_20.jpg,6,6,1
cricket_20.jpg,6,7,1
cricket_20.jpg,6,8,1
cricket_20.jpg,7,1,1
cricket_20.jpg,7,2,1
cricket_20.jpg,7,3,1
cricket_20.jpg,7,4,1
cricket_20.jpg,7,5,1
cricket_20.jpg,7,6,1
cricket_20.jpg,7,7,1
cricket_20.jpg,7,8,1
cricket_20.jpg,8,1,1
cricket_20.jpg,8,2,1
cricket_20.jpg,8,3,1
cricket_20.jpg,8,4,1
cricket_20.jpg,8,5,1
cricket_20.jpg,8,6,1
cricket_20.jpg,8,7,1
cricket_20.jpg,8,8,1
cricket_23.jpg,1,1,1
cricket_23.jpg,1,2,1
cricket_23.jpg,1,3,1
cricket_23.jpg,1,4,1
cricket_23.jpg,1,5,1
cricket_23.jpg,1,6,1
cricket_23.jpg,1,7,1
cricket_23.jpg,1,8,1
cricket_23.jpg,2,1,1
cricket_23.jpg,2,2,1
cricket_23.jpg,2,3,1
cricket_23.jpg,2,4,1
cricket_23.jpg,2,5,1
cricket_23.jpg,2,6,1
cricket_23.jpg,2,7,1
cricket_23.jpg,2,8,1
cricket_23.jpg,3,1,1
cricket_23.jpg,3,2,1
cricket_23.jpg,3,3,1
cricket_23.jpg,3,4,1
cricket_23.jpg,3,5,1
cricket_23.jpg,3,6,1
cricket_23.jpg,3,7,1
cricket_23.jpg,3,8,1
cricket_23.jpg,4,1,1
cricket_23.jpg,4,2,1
cricket_23.jpg,4,3,1
cricket_23.jpg,4,4,1
cricket_23.jpg,4,5,1
cricket_23.jpg,4,6,1
cricket_23.jpg,4,7,1
cricket_23.jpg,4,8,1
cricket_23.jpg,5,1,1
cricket_23.jpg,5,2,1
cricket_23.jpg,5,3,1
cricket_23.jpg,5,4,1
cricket_23.jpg,5,5,1
cricket_23.jpg,5,6,1
cricket_23.jpg,5,7,1
cricket_23.jpg,5,8,1
cricket_23.jpg,6,1,1
cricket_23.jpg,6,2,1
cricket_23.jpg,6,3,1
cricket_23.jpg,6,4,1
cricket_23.jpg,6,5,1
cricket_23.jpg,6,6,1
cricket_23.jpg,6,7,1
cricket_23.jpg,6,8,1
cricket_23.jpg,7,1,1
cricket_23.jpg,7,2,1
cricket_23.jpg,7,3,1
cricket_23.jpg,7,4,1
cricket_23.jpg,7,5,1
cricket_23.jpg,7,6,1
cricket_23.jpg,7,7,1
cricket_23.jpg,7,8,1
cricket_23.jpg,8,1,1
cricket_23.jpg,8,2,1
cricket_23.jpg,8,3,1
cricket_23.jpg,8,4,1
cricket_23.jpg,8,5,1
cricket_23.jpg,8,6,1
cricket_23.jpg,8,7,1
cricket_23.jpg,8,8,1
cricket_3.jpg,1,1,1
cricket_3.jpg,1,2,1
cricket_3.jpg,1,3,1
cricket_3.jpg,1,4,1
cricket_3.jpg,1,5,1
cricket_3.jpg,1,6,1
cricket_3.jpg,1,7,1
cricket_3.jpg,1,8,1
cricket_3.jpg,2,1,1
cricket_3.jpg,2,2,1
cricket_3.jpg,2,3,1
cricket_3.jpg,2,4,1
cricket_3.jpg,2,5,1
cricket_3.jpg,2,6,1
cricket_3.jpg,2,7,1
cricket_3.jpg,2,8,1
cricket_3.jpg,3,1,1
cricket_3.jpg,3,2,1
cricket_3.jpg,3,3,1
cricket_3.jpg,3,4,1
cricket_3.jpg,3,5,1
cricket_3.jpg,3,6,1
cricket_3.jpg,3,7,1
cricket_3.jpg,3,8,1
cricket_3.jpg,4,1,1
cricket_3.jpg,4,2,1
cricket_3.jpg,4,3,1
cricket_3.jpg,4,4,1
cricket_3.jpg,4,5,1
cricket_3.jpg,4,6,1
cricket_3.jpg,4,7,1
cricket_3.jpg,4,8,1
cricket_3.jpg,5,1,1
cricket_3.jpg,5,2,1
cricket_3.jpg,5,3,1
cricket_3.jpg,5,4,1
cricket_3.jpg,5,5,1
cricket_3.jpg,5,6,1
cricket_3.jpg,5,7,1
cricket_3.jpg,5,8,1
cricket_3.jpg,6,1,1
cricket_3.jpg,6,2,1
cricket_3.jpg,6,3,1
cricket_3.jpg,6,4,1
cricket_3.jpg,6,5,1
cricket_3.jpg,6,6,1
cricket_3.jpg,6,7,1
cricket_3.jpg,6,8,1
cricket_3.jpg,7,1,1
cricket_3.jpg,7,2,1
cricket_3.jpg,7,3,1
cricket_3.jpg,7,4,1
cricket_3.jpg,7,5,1
cricket_3.jpg,7,6,1
cricket_3.jpg,7,7,1
cricket_3.jpg,7,8,1
cricket_3.jpg,8,1,1
cricket_3.jpg,8,2,1
cricket_3.jpg,8,3,1
cricket_3.jpg,8,4,1
cricket_3.jpg,8,5,1
cricket_3.jpg,8,6,1
cricket_3.jpg,8,7,1
cricket_3.jpg,8,8,1
cricket_32.jpg,1,1,1
cricket_32.jpg,1,2,1
cricket_32.jpg,1,3,1
cricket_32.jpg,1,4,1
cricket_32.jpg,1,5,1
cricket_32.jpg,1,6,1
cricket_32.jpg,1,7,1
cricket_32.jpg,1,8,1
cricket_32.jpg,2,1,1
cricket_32.jpg,2,2,1
cricket_32.jpg,2,3,1
cricket_32.jpg,2,4,1
cricket_32.jpg,2,5,1
cricket_32.jpg,2,6,1
cricket_32.jpg,2,7,1
cricket_32.jpg,2,8,1
cricket_32.jpg,3,1,1
cricket_32.jpg,3,2,1
cricket_32.jpg,3,3,1
cricket_32.jpg,3,4,1
cricket_32.jpg,3,5,1
cricket_32.jpg,3,6,1
cricket_32.jpg,3,7,1
cricket_32.jpg,3,8,1
cricket_32.jpg,4,1,1
cricket_32.jpg,4,2,1
cricket_32.jpg,4,3,1
cricket_32.jpg,4,4,1
cricket_32.jpg,4,5,1
cricket_32.jpg,4,6,1
cricket_32.jpg,4,7,1
cricket_32.jpg,4,8,1
cricket_32.jpg,5,1,1
cricket_32.jpg,5,2,1
cricket_32.jpg,5,3,1
cricket_32.jpg,5,4,1
cricket_32.jpg,5,5,1
cricket_32.jpg,5,6,1
cricket_32.jpg,5,7,1
cricket_32.jpg,5,8,1
cricket_32.jpg,6,1,1
cricket_32.jpg,6,2,1
cricket_32.jpg,6,3,1
cricket_32.jpg,6,4,1
cricket_32.jpg,6,5,1
cricket_32.jpg,6,6,1
cricket_32.jpg,6,7,1
cricket_32.jpg,6,8,1
cricket_32.jpg,7,1,1
cricket_32.jpg,7,2,1
cricket_32.jpg,7,3,1
cricket_32.jpg,7,4,1
cricket_32.jpg,7,5,1
cricket_32.jpg,7,6,1
cricket_32.jpg,7,7,1
cricket_32.jpg,7,8,1
cricket_32.jpg,8,1,1
cricket_32.jpg,8,2,1
cricket_32.jpg,8,3,1
cricket_32.jpg,8,4,1
cricket_32.jpg,8,5,1
cricket_32.jpg,8,6,1
cricket_32.jpg,8,7,1
cricket_32.jpg,8,8,1
cricket_4.jpg,1,1,1
cricket_4.jpg,1,2,1
cricket_4.jpg,1,3,1
cricket_4.jpg,1,4,1
cricket_4.jpg,1,5,1
cricket_4.jpg,1,6,1
cricket_4.jpg,1,7,1
cricket_4.jpg,1,8,1
cricket_4.jpg,2,1,1
cricket_4.jpg,2,2,1
cricket_4.jpg,2,3,1
cricket_4.jpg,2,4,1
cricket_4.jpg,2,5,1
cricket_4.jpg,2,6,1
cricket_4.jpg,2,7,1
cricket_4.jpg,2,8,1
cricket_4.jpg,3,1,1
cricket_4.jpg,3,2,1
cricket_4.jpg,3,3,1
cricket_4.jpg,3,4,1
cricket_4.jpg,3,5,1
cricket_4.jpg,3,6,1
cricket_4.jpg,3,7,1
cricket_4.jpg,3,8,1
cricket_4.jpg,4,1,1
cricket_4.jpg,4,2,1
cricket_4.jpg,4,3,1
cricket_4.jpg,4,4,1
cricket_4.jpg,4,5,1
cricket_4.jpg,4,6,1
cricket_4.jpg,4,7,1
cricket_4.jpg,4,8,1
cricket_4.jpg,5,1,1
cricket_4.jpg,5,2,1
cricket_4.jpg,5,3,1
cricket_4.jpg,5,4,1
cricket_4.jpg,5,5,1
cricket_4.jpg,5,6,1
cricket_4.jpg,5,7,1
cricket_4.jpg,5,8,1
cricket_4.jpg,6,1,1
cricket_4.jpg,6,2,1
cricket_4.jpg,6,3,1
cricket_4.jpg,6,4,1
cricket_4.jpg,6,5,1
cricket_4.jpg,6,6,1
cricket_4.jpg,6,7,1
cricket_4.jpg,6,8,1
cricket_4.jpg,7,1,1
cricket_4.jpg,7,2,1
cricket_4.jpg,7,3,1
cricket_4.jpg,7,4,1
cricket_4.jpg,7,5,1
cricket_4.jpg,7,6,1
cricket_4.jpg,7,7,1
cricket_4.jpg,7,8,1
cricket_4.jpg,8,1,1
cricket_4.jpg,8,2,1
cricket_4.jpg,8,3,1
cricket_4.jpg,8,4,1
cricket_4.jpg,8,5,1
cricket_4.jpg,8,6,1
cricket_4.jpg,8,7,1
cricket_4.jpg,8,8,1
cricket_47.jpg,1,1,1
cricket_47.jpg,1,2,1
cricket_47.jpg,1,3,1
cricket_47.jpg,1,4,1
cricket_47.jpg,1,5,1
cricket_47.jpg,1,6,1
cricket_47.jpg,1,7,1
cricket_47.jpg,1,8,1
cricket_47.jpg,2,1,1
cricket_47.jpg,2,2,1
cricket_47.jpg,2,3,1
cricket_47.jpg,2,4,1
cricket_47.jpg,2,5,1
cricket_47.jpg,2,6,1
cricket_47.jpg,2,7,1
cricket_47.jpg,2,8,1
cricket_47.jpg,3,1,1
cricket_47.jpg,3,2,1
cricket_47.jpg,3,3,1
cricket_47.jpg,3,4,1
cricket_47.jpg,3,5,1
cricket_47.jpg,3,6,1
cricket_47.jpg,3,7,1
cricket_47.jpg,3,8,1
cricket_47.jpg,4,1,1
cricket_47.jpg,4,2,1
cricket_47.jpg,4,3,1
cricket_47.jpg,4,4,1
cricket_47.jpg,4,5,1
cricket_47.jpg,4,6,1
cricket_47.jpg,4,7,1
cricket_47.jpg,4,8,1
cricket_47.jpg,5,1,1
cricket_47.jpg,5,2,1
cricket_47.jpg,5,3,1
cricket_47.jpg,5,4,1
cricket_47.jpg,5,5,1
cricket_47.jpg,5,6,1
cricket_47.jpg,5,7,1
cricket_47.jpg,5,8,1
cricket_47.jpg,6,1,1
cricket_47.jpg,6,2,1
cricket_47.jpg,6,3,1
cricket_47.jpg,6,4,1
cricket_47.jpg,6,5,1
cricket_47.jpg,6,6,1
cricket_47.jpg,6,7,1
cricket_47.jpg,6,8,1
cricket_47.jpg,7,1,1
cricket_47.jpg,7,2,1
cricket_47.jpg,7,3,1
cricket_47.jpg,7,4,1
cricket_47.jpg,7,5,1
cricket_47.jpg,7,6,1
cricket_47.jpg,7,7,1
cricket_47.jpg,7,8,1
cricket_47.jpg,8,1,1
cricket_47.jpg,8,2,1
cricket_47.jpg,8,3,1
cricket_47.jpg,8,4,1
cricket_47.jpg,8,5,1
cricket_47.jpg,8,6,1
cricket_47.jpg,8,7,1
cricket_47.jpg,8,8,1
cricket_48.jpg,1,1,1
cricket_48.jpg,1,2,1
cricket_48.jpg,1,3,1
cricket_48.jpg,1,4,1
cricket_48.jpg,1,5,1
cricket_48.jpg,1,6,1
cricket_48.jpg,1,7,1
cricket_48.jpg,1,8,1
cricket_48.jpg,2,1,1
cricket_48.jpg,2,2,1
cricket_48.jpg,2,3,1
cricket_48.jpg,2,4,1
cricket_48.jpg,2,5,1
cricket_48.jpg,2,6,1
cricket_48.jpg,2,7,1
cricket_48.jpg,2,8,1
cricket_48.jpg,3,1,1
cricket_48.jpg,3,2,1
cricket_48.jpg,3,3,1
cricket_48.jpg,3,4,1
cricket_48.jpg,3,5,1
cricket_48.jpg,3,6,1
cricket_48.jpg,3,7,1
cricket_48.jpg,3,8,1
cricket_48.jpg,4,1,1
cricket_48.jpg,4,2,1
cricket_48.jpg,4,3,1
cricket_48.jpg,4,4,1
cricket_48.jpg,4,5,1
cricket_48.jpg,4,6,1
cricket_48.jpg,4,7,1
cricket_48.jpg,4,8,1
cricket_48.jpg,5,1,1
cricket_48.jpg,5,2,1
cricket_48.jpg,5,3,1
cricket_48.jpg,5,4,1
cricket_48.jpg,5,5,1
cricket_48.jpg,5,6,1
cricket_48.jpg,5,7,1
cricket_48.jpg,5,8,1
cricket_48.jpg,6,1,1
cricket_48.jpg,6,2,1
cricket_48.jpg,6,3,1
cricket_48.jpg,6,4,1
cricket_48.jpg,6,5,1
cricket_48.jpg,6,6,1
cricket_48.jpg,6,7,1
cricket_48.jpg,6,8,1
cricket_48.jpg,7,1,1
cricket_48.jpg,7,2,1
cricket_48.jpg,7,3,1
cricket_48.jpg,7,4,1
cricket_48.jpg,7,5,1
cricket_48.jpg,7,6,1
cricket_48.jpg,7,7,1
cricket_48.jpg,7,8,1
cricket_48.jpg,8,1,1
cricket_48.jpg,8,2,1
cricket_48.jpg,8,3,1
cricket_48.jpg,8,4,1
cricket_48.jpg,8,5,1
cricket_48.jpg,8,6,1
cricket_48.jpg,8,7,1
cricket_48.jpg,8,8,1
cricket_5.jpg,1,1,1
cricket_5.jpg,1,2,1
cricket_5.jpg,1,3,1
cricket_5.jpg,1,4,1
cricket_5.jpg,1,5,1
cricket_5.jpg,1,6,1
cricket_5.jpg,1,7,1
cricket_5.jpg,1,8,1
cricket_5.jpg,2,1,1
cricket_5.jpg,2,2,1
cricket_5.jpg,2,3,1
cricket_5.jpg,2,4,1
cricket_5.jpg,2,5,1
cricket_5.jpg,2,6,1
cricket_5.jpg,2,7,1
cricket_5.jpg,2,8,1
cricket_5.jpg,3,1,1
cricket_5.jpg,3,2,1
cricket_5.jpg,3,3,1
cricket_5.jpg,3,4,1
cricket_5.jpg,3,5,1
cricket_5.jpg,3,6,1
cricket_5.jpg,3,7,1
cricket_5.jpg,3,8,1
cricket_5.jpg,4,1,1
cricket_5.jpg,4,2,1
cricket_5.jpg,4,3,1
cricket_5.jpg,4,4,1
cricket_5.jpg,4,5,1
cricket_5.jpg,4,6,1
cricket_5.jpg,4,7,1
cricket_5.jpg,4,8,1
cricket_5.jpg,5,1,1
cricket_5.jpg,5,2,1
cricket_5.jpg,5,3,1
cricket_5.jpg,5,4,1
cricket_5.jpg,5,5,1
cricket_5.jpg,5,6,1
cricket_5.jpg,5,7,1
cricket_5.jpg,5,8,1
cricket_5.jpg,6,1,1
cricket_5.jpg,6,2,1
cricket_5.jpg,6,3,1
cricket_5.jpg,6,4,1
cricket_5.jpg,6,5,1
cricket_5.jpg,6,6,1
cricket_5.jpg,6,7,1
cricket_5.jpg,6,8,1
cricket_5.jpg,7,1,1
cricket_5.jpg,7,2,1
cricket_5.jpg,7,3,1
cricket_5.jpg,7,4,1
cricket_5.jpg,7,5,1
cricket_5.jpg,7,6,1
cricket_5.jpg,7,7,1
cricket_5.jpg,7,8,1
cricket_5.jpg,8,1,1
cricket_5.jpg,8,2,1
cricket_5.jpg,8,3,1
cricket_5.jpg,8,4,1
cricket_5.jpg,8,5,1
cricket_5.jpg,8,6,1
cricket_5.jpg,8,7,1
cricket_5.jpg,8,8,1
cricket_6.jpg,1,1,1
cricket_6.jpg,1,2,1
cricket_6.jpg,1,3,1
cricket_6.jpg,1,4,1
cricket_6.jpg,1,5,1
cricket_6.jpg,1,6,1
cricket_6.jpg,1,7,1
cricket_6.jpg,1,8,1
cricket_6.jpg,2,1,1
cricket_6.jpg,2,2,1
cricket_6.jpg,2,3,1
cricket_6.jpg,2,4,1
cricket_6.jpg,2,5,1
cricket_6.jpg,2,6,1
cricket_6.jpg,2,7,1
cricket_6.jpg,2,8,1
cricket_6.jpg,3,1,1
cricket_6.jpg,3,2,1
cricket_6.jpg,3,3,1
cricket_6.jpg,3,4,1
cricket_6.jpg,3,5,1
cricket_6.jpg,3,6,1
cricket_6.jpg,3,7,1
cricket_6.jpg,3,8,1
cricket_6.jpg,4,1,1
cricket_6.jpg,4,2,1
cricket_6.jpg,4,3,1
cricket_6.jpg,4,4,1
cricket_6.jpg,4,5,1
cricket_6.jpg,4,6,1
cricket_6.jpg,4,7,1
cricket_6.jpg,4,8,1
cricket_6.jpg,5,1,1
cricket_6.jpg,5,2,1
cricket_6.jpg,5,3,1
cricket_6.jpg,5,4,1
cricket_6.jpg,5,5,1
cricket_6.jpg,5,6,1
cricket_6.jpg,5,7,1
cricket_6.jpg,5,8,1
cricket_6.jpg,6,1,1
cricket_6.jpg,6,2,1
cricket_6.jpg,6,3,1
cricket_6.jpg,6,4,1
cricket_6.jpg,6,5,1
cricket_6.jpg,6,6,1
cricket_6.jpg,6,7,1
cricket_6.jpg,6,8,1
cricket_6.jpg,7,1,1
cricket_6.jpg,7,2,1
cricket_6.jpg,7,3,1
cricket_6.jpg,7,4,1
cricket_6.jpg,7,5,1
cricket_6.jpg,7,6,1
cricket_6.jpg,7,7,1
cricket_6.jpg,7,8,1
cricket_6.jpg,8,1,1
cricket_6.jpg,8,2,1
cricket_6.jpg,8,3,1
cricket_6.jpg,8,4,1
cricket_6.jpg,8,5,1
cricket_6.jpg,8,6,1
cricket_6.jpg,8,7,1
cricket_6.jpg,8,8,1
cricket_9.jpg,1,1,1
cricket_9.jpg,1,2,1
cricket_9.jpg,1,3,1
cricket_9.jpg,1,4,1
cricket_9.jpg,1,5,1
cricket_9.jpg,1,6,1
cricket_9.jpg,1,7,1
cricket_9.jpg,1,8,1
cricket_9.jpg,2,1,1
cricket_9.jpg,2,2,1
cricket_9.jpg,2,3,1
cricket_9.jpg,2,4,1
cricket_9.jpg,2,5,1
cricket_9.jpg,2,6,1
cricket_9.jpg,2,7,1
cricket_9.jpg,2,8,1
cricket_9.jpg,3,1,1
cricket_9.jpg,3,2,1
cricket_9.jpg,3,3,1
cricket_9.jpg,3,4,1
cricket_9.jpg,3,5,1
cricket_9.jpg,3,6,1
cricket_9.jpg,3,7,1
cricket_9.jpg,3,8,1
cricket_9.jpg,4,1,1
cricket_9.jpg,4,2,1
cricket_9.jpg,4,3,1
cricket_9.jpg,4,4,1
cricket_9.jpg,4,5,1
cricket_9.jpg,4,6,1
cricket_9.jpg,4,7,1
cricket_9.jpg,4,8,1
cricket_9.jpg,5,1,1
cricket_9.jpg,5,2,1
cricket_9.jpg,5,3,1
cricket_9.jpg,5,4,1
cricket_9.jpg,5,5,1
cricket_9.jpg,5,6,1
cricket_9.jpg,5,7,1
cricket_9.jpg,5,8,1
cricket_9.jpg,6,1,1
cricket_9.jpg,6,2,1
cricket_9.jpg,6,3,1
cricket_9.jpg,6,4,1
cricket_9.jpg,6,5,1
cricket_9.jpg,6,6,1
cricket_9.jpg,6,7,1
cricket_9.jpg,6,8,1
cricket_9.jpg,7,1,1
cricket_9.jpg,7,2,1
cricket_9.jpg,7,3,1
cricket_9.jpg,7,4,1
cricket_9.jpg,7,5,1
cricket_9.jpg,7,6,1
cricket_9.jpg,7,7,1
cricket_9.jpg,7,8,1
cricket_9.jpg,8,1,1
cricket_9.jpg,8,2,1
cricket_9.jpg,8,3,1
cricket_9.jpg,8,4,1
cricket_9.jpg,8,5,1
cricket_9.jpg,8,6,1
cricket_9.jpg,8,7,1
cricket_9.jpg,8,8,1
