image_name,tile_number,label
image_101.jpg,1,0
image_101.jpg,2,0
image_101.jpg,3,0
image_101.jpg,4,0
image_101.jpg,5,0
image_101.jpg,6,0
image_101.jpg,7,0
image_101.jpg,8,0
image_101.jpg,9,0
image_101.jpg,10,0
image_101.jpg,11,0
image_101.jpg,12,0
image_101.jpg,13,0
image_101.jpg,14,0
image_101.jpg,15,0
image_101.jpg,16,0
image_101.jpg,17,0
image_101.jpg,18,0
image_101.jpg,19,0
image_101.jpg,20,2
image_101.jpg,21,2
image_101.jpg,22,2
image_101.jpg,23,0
image_101.jpg,24,0
image_101.jpg,25,0
image_101.jpg,26,0
image_101.jpg,27,0
image_101.jpg,28,2
image_101.jpg,29,2
image_101.jpg,30,0
image_101.jpg,31,0
image_101.jpg,32,3
image_101.jpg,33,0
image_101.jpg,34,0
image_101.jpg,35,0
image_101.jpg,36,0
image_101.jpg,37,0
image_101.jpg,38,0
image_101.jpg,39,0
image_101.jpg,40,3
image_101.jpg,41,0
image_101.jpg,42,0
image_101.jpg,43,0
image_101.jpg,44,0
image_101.jpg,45,0
image_101.jpg,46,0
image_101.jpg,47,0
image_101.jpg,48,3
image_101.jpg,49,0
image_101.jpg,50,0
image_101.jpg,51,0
image_101.jpg,52,0
image_101.jpg,53,0
image_101.jpg,54,1
image_101.jpg,55,0
image_101.jpg,56,3
image_101.jpg,57,0
image_101.jpg,58,0
image_101.jpg,59,0
image_101.jpg,60,0
image_101.jpg,61,0
image_101.jpg,62,0
image_101.jpg,63,0
image_101.jpg,64,3
image_102.jpg,1,0
image_102.jpg,2,0
image_102.jpg,3,0
image_102.jpg,4,0
image_102.jpg,5,0
image_102.jpg,6,0
image_102.jpg,7,0
image_102.jpg,8,0
image_102.jpg,9,0
image_102.jpg,10,0
image_102.jpg,11,0
image_102.jpg,12,0
image_102.jpg,13,2
image_102.jpg,14,0
image_102.jpg,15,0
image_102.jpg,16,0
image_102.jpg,17,0
image_102.jpg,18,0
image_102.jpg,19,0
image_102.jpg,20,2
image_102.jpg,21,2
image_102.jpg,22,0
image_102.jpg,23,0
image_102.jpg,24,0
image_102.jpg,25,0
image_102.jpg,26,0
image_102.jpg,27,0
image_102.jpg,28,2
image_102.jpg,29,2
image_102.jpg,30,0
image_102.jpg,31,0
image_102.jpg,32,0
image_102.jpg,33,3
image_102.jpg,34,0
image_102.jpg,35,0
image_102.jpg,36,0
image_102.jpg,37,0
image_102.jpg,38,0
image_102.jpg,39,0
image_102.jpg,40,0
image_102.jpg,41,3
image_102.jpg,42,0
image_102.jpg,43,0
image_102.jpg,44,0
image_102.jpg,45,0
image_102.jpg,46,0
image_102.jpg,47,0
image_102.jpg,48,0
image_102.jpg,49,3
image_102.jpg,50,0
image_102.jpg,51,0
image_102.jpg,52,0
image_102.jpg,53,0
image_102.jpg,54,0
image_102.jpg,55,0
image_102.jpg,56,0
image_102.jpg,57,3
image_102.jpg,58,0
image_102.jpg,59,0
image_102.jpg,60,0
image_102.jpg,61,0
image_102.jpg,62,0
image_102.jpg,63,0
image_102.jpg,64,0
image_103.jpg,1,0
image_103.jpg,2,0
image_103.jpg,3,0
image_103.jpg,4,0
image_103.jpg,5,0
image_103.jpg,6,0
image_103.jpg,7,0
image_103.jpg,8,0
image_103.jpg,9,0
image_103.jpg,10,0
image_103.jpg,11,0
image_103.jpg,12,0
image_103.jpg,13,0
image_103.jpg,14,0
image_103.jpg,15,0
image_103.jpg,16,0
image_103.jpg,17,0
image_103.jpg,18,0
image_103.jpg,19,0
image_103.jpg,20,0
image_103.jpg,21,0
image_103.jpg,22,0
image_103.jpg,23,0
image_103.jpg,24,0
image_103.jpg,25,0
image_103.jpg,26,0
image_103.jpg,27,0
image_103.jpg,28,0
image_103.jpg,29,2
image_103.jpg,30,0
image_103.jpg,31,0
image_103.jpg,32,0
image_103.jpg,33,3
image_103.jpg,34,3
image_103.jpg,35,0
image_103.jpg,36,0
image_103.jpg,37,2
image_103.jpg,38,0
image_103.jpg,39,0
image_103.jpg,40,0
image_103.jpg,41,3
image_103.jpg,42,3
image_103.jpg,43,0
image_103.jpg,44,0
image_103.jpg,45,2
image_103.jpg,46,0
image_103.jpg,47,0
image_103.jpg,48,0
image_103.jpg,49,3
image_103.jpg,50,3
image_103.jpg,51,0
image_103.jpg,52,0
image_103.jpg,53,0
image_103.jpg,54,0
image_103.jpg,55,0
image_103.jpg,56,0
image_103.jpg,57,0
image_103.jpg,58,0
image_103.jpg,59,0
image_103.jpg,60,0
image_103.jpg,61,0
image_103.jpg,62,0
image_103.jpg,63,0
image_103.jpg,64,0
image_109.jpg,1,0
image_109.jpg,2,0
image_109.jpg,3,0
image_109.jpg,4,0
image_109.jpg,5,0
image_109.jpg,6,0
image_109.jpg,7,0
image_109.jpg,8,0
image_109.jpg,9,0
image_109.jpg,10,0
image_109.jpg,11,0
image_109.jpg,12,0
image_109.jpg,13,0
image_109.jpg,14,0
image_109.jpg,15,0
image_109.jpg,16,0
image_109.jpg,17,0
image_109.jpg,18,0
image_109.jpg,19,0
image_109.jpg,20,0
image_109.jpg,21,0
image_109.jpg,22,0
image_109.jpg,23,0
image_109.jpg,24,0
image_109.jpg,25,0
image_109.jpg,26,0
image_109.jpg,27,0
image_109.jpg,28,0
image_109.jpg,29,0
image_109.jpg,30,0
image_109.jpg,31,0
image_109.jpg,32,0
image_109.jpg,33,0
image_109.jpg,34,0
image_109.jpg,35,0
image_109.jpg,36,0
image_109.jpg,37,2
image_109.jpg,38,2
image_109.jpg,39,0
image_109.jpg,40,0
image_109.jpg,41,0
image_109.jpg,42,2
image_109.jpg,43,2
image_109.jpg,44,0
image_109.jpg,45,2
image_109.jpg,46,2
image_109.jpg,47,0
image_109.jpg,48,0
image_109.jpg,49,0
image_109.jpg,50,2
image_109.jpg,51,2
image_109.jpg,52,0
image_109.jpg,53,2
image_109.jpg,54,2
image_109.jpg,55,0
image_109.jpg,56,0
image_109.jpg,57,0
image_109.jpg,58,2
image_109.jpg,59,0
image_109.jpg,60,0
image_109.jpg,61,0
image_109.jpg,62,2
image_109.jpg,63,0
image_109.jpg,64,0
image_110.jpg,1,0
image_110.jpg,2,0
image_110.jpg,3,0
image_110.jpg,4,0
image_110.jpg,5,0
image_110.jpg,6,0
image_110.jpg,7,0
image_110.jpg,8,0
image_110.jpg,9,0
image_110.jpg,10,0
image_110.jpg,11,0
image_110.jpg,12,0
image_110.jpg,13,0
image_110.jpg,14,0
image_110.jpg,15,0
image_110.jpg,16,0
image_110.jpg,17,0
image_110.jpg,18,0
image_110.jpg,19,0
image_110.jpg,20,0
image_110.jpg,21,0
image_110.jpg,22,0
image_110.jpg,23,0
image_110.jpg,24,0
image_110.jpg,25,0
image_110.jpg,26,0
image_110.jpg,27,0
image_110.jpg,28,0
image_110.jpg,29,0
image_110.jpg,30,0
image_110.jpg,31,0
image_110.jpg,32,0
image_110.jpg,33,0
image_110.jpg,34,3
image_110.jpg,35,0
image_110.jpg,36,0
image_110.jpg,37,0
image_110.jpg,38,0
image_110.jpg,39,0
image_110.jpg,40,0
image_110.jpg,41,0
image_110.jpg,42,3
image_110.jpg,43,0
image_110.jpg,44,0
image_110.jpg,45,0
image_110.jpg,46,0
image_110.jpg,47,0
image_110.jpg,48,0
image_110.jpg,49,0
image_110.jpg,50,3
image_110.jpg,51,0
image_110.jpg,52,0
image_110.jpg,53,0
image_110.jpg,54,0
image_110.jpg,55,0
image_110.jpg,56,0
image_110.jpg,57,0
image_110.jpg,58,3
image_110.jpg,59,0
image_110.jpg,60,0
image_110.jpg,61,0
image_110.jpg,62,0
image_110.jpg,63,0
image_110.jpg,64,0
image_115.jpg,1,0
image_115.jpg,2,0
image_115.jpg,3,0
image_115.jpg,4,0
image_115.jpg,5,0
image_115.jpg,6,2
image_115.jpg,7,2
image_115.jpg,8,0
image_115.jpg,9,0
image_115.jpg,10,0
image_115.jpg,11,0
image_115.jpg,12,2
image_115.jpg,13,2
image_115.jpg,14,2
image_115.jpg,15,0
image_115.jpg,16,0
image_115.jpg,17,0
image_115.jpg,18,0
image_115.jpg,19,0
image_115.jpg,20,2
image_115.jpg,21,2
image_115.jpg,22,2
image_115.jpg,23,0
image_115.jpg,24,0
image_115.jpg,25,0
image_115.jpg,26,0
image_115.jpg,27,0
image_115.jpg,28,0
image_115.jpg,29,0
image_115.jpg,30,1
image_115.jpg,31,0
image_115.jpg,32,0
image_115.jpg,33,0
image_115.jpg,34,0
image_115.jpg,35,0
image_115.jpg,36,0
image_115.jpg,37,0
image_115.jpg,38,0
image_115.jpg,39,0
image_115.jpg,40,0
image_115.jpg,41,0
image_115.jpg,42,0
image_115.jpg,43,0
image_115.jpg,44,0
image_115.jpg,45,3
image_115.jpg,46,3
image_115.jpg,47,0
image_115.jpg,48,0
image_115.jpg,49,0
image_115.jpg,50,0
image_115.jpg,51,0
image_115.jpg,52,0
image_115.jpg,53,3
image_115.jpg,54,3
image_115.jpg,55,0
image_115.jpg,56,0
image_115.jpg,57,0
image_115.jpg,58,0
image_115.jpg,59,0
image_115.jpg,60,0
image_115.jpg,61,3
image_115.jpg,62,3
image_115.jpg,63,0
image_115.jpg,64,0
image_116.jpg,1,0
image_116.jpg,2,0
image_116.jpg,3,0
image_116.jpg,4,0
image_116.jpg,5,0
image_116.jpg,6,0
image_116.jpg,7,0
image_116.jpg,8,0
image_116.jpg,9,2
image_116.jpg,10,2
image_116.jpg,11,0
image_116.jpg,12,0
image_116.jpg,13,0
image_116.jpg,14,0
image_116.jpg,15,0
image_116.jpg,16,0
image_116.jpg,17,2
image_116.jpg,18,2
image_116.jpg,19,0
image_116.jpg,20,0
image_116.jpg,21,0
image_116.jpg,22,0
image_116.jpg,23,0
image_116.jpg,24,0
image_116.jpg,25,2
image_116.jpg,26,0
image_116.jpg,27,0
image_116.jpg,28,0
image_116.jpg,29,0
image_116.jpg,30,0
image_116.jpg,31,0
image_116.jpg,32,0
image_116.jpg,33,0
image_116.jpg,34,0
image_116.jpg,35,0
image_116.jpg,36,0
image_116.jpg,37,0
image_116.jpg,38,0
image_116.jpg,39,0
image_116.jpg,40,0
image_116.jpg,41,0
image_116.jpg,42,0
image_116.jpg,43,0
image_116.jpg,44,0
image_116.jpg,45,0
image_116.jpg,46,0
image_116.jpg,47,0
image_116.jpg,48,0
image_116.jpg,49,0
image_116.jpg,50,0
image_116.jpg,51,0
image_116.jpg,52,0
image_116.jpg,53,0
image_116.jpg,54,0
image_116.jpg,55,0
image_116.jpg,56,0
image_116.jpg,57,0
image_116.jpg,58,0
image_116.jpg,59,0
image_116.jpg,60,0
image_116.jpg,61,0
image_116.jpg,62,0
image_116.jpg,63,0
image_116.jpg,64,0
image_119.jpg,1,0
image_119.jpg,2,0
image_119.jpg,3,0
image_119.jpg,4,0
image_119.jpg,5,0
image_119.jpg,6,0
image_119.jpg,7,0
image_119.jpg,8,0
image_119.jpg,9,0
image_119.jpg,10,0
image_119.jpg,11,0
image_119.jpg,12,0
image_119.jpg,13,0
image_119.jpg,14,0
image_119.jpg,15,0
image_119.jpg,16,0
image_119.jpg,17,0
image_119.jpg,18,0
image_119.jpg,19,0
image_119.jpg,20,0
image_119.jpg,21,0
image_119.jpg,22,0
image_119.jpg,23,2
image_119.jpg,24,0
image_119.jpg,25,0
image_119.jpg,26,0
image_119.jpg,27,0
image_119.jpg,28,0
image_119.jpg,29,0
image_119.jpg,30,0
image_119.jpg,31,2
image_119.jpg,32,0
image_119.jpg,33,1
image_119.jpg,34,3
image_119.jpg,35,0
image_119.jpg,36,0
image_119.jpg,37,0
image_119.jpg,38,0
image_119.jpg,39,2
image_119.jpg,40,0
image_119.jpg,41,1
image_119.jpg,42,3
image_119.jpg,43,0
image_119.jpg,44,0
image_119.jpg,45,0
image_119.jpg,46,0
image_119.jpg,47,2
image_119.jpg,48,2
image_119.jpg,49,0
image_119.jpg,50,3
image_119.jpg,51,0
image_119.jpg,52,0
image_119.jpg,53,0
image_119.jpg,54,0
image_119.jpg,55,0
image_119.jpg,56,0
image_119.jpg,57,0
image_119.jpg,58,3
image_119.jpg,59,0
image_119.jpg,60,0
image_119.jpg,61,0
image_119.jpg,62,0
image_119.jpg,63,0
image_119.jpg,64,0
image_120.jpg,1,0
image_120.jpg,2,0
image_120.jpg,3,0
image_120.jpg,4,0
image_120.jpg,5,0
image_120.jpg,6,0
image_120.jpg,7,0
image_120.jpg,8,0
image_120.jpg,9,0
image_120.jpg,10,0
image_120.jpg,11,0
image_120.jpg,12,0
image_120.jpg,13,0
image_120.jpg,14,0
image_120.jpg,15,0
image_120.jpg,16,0
image_120.jpg,17,0
image_120.jpg,18,0
image_120.jpg,19,0
image_120.jpg,20,0
image_120.jpg,21,0
image_120.jpg,22,0
image_120.jpg,23,0
image_120.jpg,24,0
image_120.jpg,25,0
image_120.jpg,26,0
image_120.jpg,27,0
image_120.jpg,28,0
image_120.jpg,29,0
image_120.jpg,30,0
image_120.jpg,31,3
image_120.jpg,32,0
image_120.jpg,33,0
image_120.jpg,34,0
image_120.jpg,35,0
image_120.jpg,36,0
image_120.jpg,37,0
image_120.jpg,38,3
image_120.jpg,39,0
image_120.jpg,40,0
image_120.jpg,41,0
image_120.jpg,42,0
image_120.jpg,43,0
image_120.jpg,44,0
image_120.jpg,45,0
image_120.jpg,46,3
image_120.jpg,47,3
image_120.jpg,48,0
image_120.jpg,49,0
image_120.jpg,50,0
image_120.jpg,51,0
image_120.jpg,52,0
image_120.jpg,53,0
image_120.jpg,54,3
image_120.jpg,55,3
image_120.jpg,56,0
image_120.jpg,57,0
image_120.jpg,58,0
image_120.jpg,59,0
image_120.jpg,60,0
image_120.jpg,61,0
image_120.jpg,62,3
image_120.jpg,63,3
image_120.jpg,64,0
image_121.jpg,1,0
image_121.jpg,2,0
image_121.jpg,3,0
image_121.jpg,4,0
image_121.jpg,5,0
image_121.jpg,6,0
image_121.jpg,7,0
image_121.jpg,8,0
image_121.jpg,9,0
image_121.jpg,10,0
image_121.jpg,11,0
image_121.jpg,12,0
image_121.jpg,13,0
image_121.jpg,14,0
image_121.jpg,15,0
image_121.jpg,16,0
image_121.jpg,17,0
image_121.jpg,18,0
image_121.jpg,19,2
image_121.jpg,20,2
image_121.jpg,21,2
image_121.jpg,22,2
image_121.jpg,23,1
image_121.jpg,24,0
image_121.jpg,25,0
image_121.jpg,26,0
image_121.jpg,27,0
image_121.jpg,28,0
image_121.jpg,29,0
image_121.jpg,30,2
image_121.jpg,31,1
image_121.jpg,32,0
image_121.jpg,33,0
image_121.jpg,34,0
image_121.jpg,35,0
image_121.jpg,36,0
image_121.jpg,37,0
image_121.jpg,38,0
image_121.jpg,39,0
image_121.jpg,40,0
image_121.jpg,41,0
image_121.jpg,42,0
image_121.jpg,43,0
image_121.jpg,44,0
image_121.jpg,45,0
image_121.jpg,46,0
image_121.jpg,47,0
image_121.jpg,48,0
image_121.jpg,49,0
image_121.jpg,50,0
image_121.jpg,51,0
image_121.jpg,52,0
image_121.jpg,53,0
image_121.jpg,54,0
image_121.jpg,55,0
image_121.jpg,56,0
image_121.jpg,57,0
image_121.jpg,58,0
image_121.jpg,59,0
image_121.jpg,60,0
image_121.jpg,61,0
image_121.jpg,62,0
image_121.jpg,63,0
image_121.jpg,64,0
image_122.jpg,1,0
image_122.jpg,2,0
image_122.jpg,3,0
image_122.jpg,4,0
image_122.jpg,5,2
image_122.jpg,6,2
image_122.jpg,7,0
image_122.jpg,8,0
image_122.jpg,9,0
image_122.jpg,10,0
image_122.jpg,11,0
image_122.jpg,12,0
image_122.jpg,13,2
image_122.jpg,14,2
image_122.jpg,15,0
image_122.jpg,16,0
image_122.jpg,17,0
image_122.jpg,18,0
image_122.jpg,19,0
image_122.jpg,20,0
image_122.jpg,21,2
image_122.jpg,22,2
image_122.jpg,23,0
image_122.jpg,24,0
image_122.jpg,25,0
image_122.jpg,26,0
image_122.jpg,27,0
image_122.jpg,28,0
image_122.jpg,29,2
image_122.jpg,30,2
image_122.jpg,31,0
image_122.jpg,32,0
image_122.jpg,33,0
image_122.jpg,34,0
image_122.jpg,35,0
image_122.jpg,36,0
image_122.jpg,37,0
image_122.jpg,38,0
image_122.jpg,39,0
image_122.jpg,40,0
image_122.jpg,41,0
image_122.jpg,42,0
image_122.jpg,43,0
image_122.jpg,44,0
image_122.jpg,45,0
image_122.jpg,46,0
image_122.jpg,47,0
image_122.jpg,48,0
image_122.jpg,49,0
image_122.jpg,50,0
image_122.jpg,51,0
image_122.jpg,52,0
image_122.jpg,53,0
image_122.jpg,54,0
image_122.jpg,55,0
image_122.jpg,56,0
image_122.jpg,57,0
image_122.jpg,58,0
image_122.jpg,59,0
image_122.jpg,60,0
image_122.jpg,61,0
image_122.jpg,62,0
image_122.jpg,63,0
image_122.jpg,64,0
image_123.jpg,1,0
image_123.jpg,2,0
image_123.jpg,3,0
image_123.jpg,4,0
image_123.jpg,5,0
image_123.jpg,6,0
image_123.jpg,7,0
image_123.jpg,8,0
image_123.jpg,9,0
image_123.jpg,10,0
image_123.jpg,11,0
image_123.jpg,12,0
image_123.jpg,13,0
image_123.jpg,14,0
image_123.jpg,15,0
image_123.jpg,16,0
image_123.jpg,17,0
image_123.jpg,18,0
image_123.jpg,19,0
image_123.jpg,20,0
image_123.jpg,21,0
image_123.jpg,22,0
image_123.jpg,23,0
image_123.jpg,24,0
image_123.jpg,25,0
image_123.jpg,26,0
image_123.jpg,27,0
image_123.jpg,28,0
image_123.jpg,29,0
image_123.jpg,30,0
image_123.jpg,31,0
image_123.jpg,32,0
image_123.jpg,33,0
image_123.jpg,34,0
image_123.jpg,35,0
image_123.jpg,36,0
image_123.jpg,37,0
image_123.jpg,38,0
image_123.jpg,39,0
image_123.jpg,40,0
image_123.jpg,41,0
image_123.jpg,42,0
image_123.jpg,43,0
image_123.jpg,44,0
image_123.jpg,45,0
image_123.jpg,46,0
image_123.jpg,47,0
image_123.jpg,48,0
image_123.jpg,49,0
image_123.jpg,50,0
image_123.jpg,51,3
image_123.jpg,52,0
image_123.jpg,53,0
image_123.jpg,54,0
image_123.jpg,55,0
image_123.jpg,56,0
image_123.jpg,57,0
image_123.jpg,58,0
image_123.jpg,59,3
image_123.jpg,60,0
image_123.jpg,61,0
image_123.jpg,62,0
image_123.jpg,63,0
image_123.jpg,64,0
image_127.jpg,1,0
image_127.jpg,2,2
image_127.jpg,3,2
image_127.jpg,4,0
image_127.jpg,5,0
image_127.jpg,6,0
image_127.jpg,7,0
image_127.jpg,8,0
image_127.jpg,9,0
image_127.jpg,10,2
image_127.jpg,11,2
image_127.jpg,12,0
image_127.jpg,13,0
image_127.jpg,14,0
image_127.jpg,15,0
image_127.jpg,16,0
image_127.jpg,17,0
image_127.jpg,18,2
image_127.jpg,19,2
image_127.jpg,20,0
image_127.jpg,21,0
image_127.jpg,22,0
image_127.jpg,23,0
image_127.jpg,24,0
image_127.jpg,25,0
image_127.jpg,26,2
image_127.jpg,27,2
image_127.jpg,28,0
image_127.jpg,29,0
image_127.jpg,30,0
image_127.jpg,31,0
image_127.jpg,32,0
image_127.jpg,33,0
image_127.jpg,34,2
image_127.jpg,35,0
image_127.jpg,36,0
image_127.jpg,37,0
image_127.jpg,38,0
image_127.jpg,39,0
image_127.jpg,40,0
image_127.jpg,41,0
image_127.jpg,42,0
image_127.jpg,43,0
image_127.jpg,44,0
image_127.jpg,45,0
image_127.jpg,46,0
image_127.jpg,47,0
image_127.jpg,48,0
image_127.jpg,49,0
image_127.jpg,50,0
image_127.jpg,51,0
image_127.jpg,52,0
image_127.jpg,53,0
image_127.jpg,54,0
image_127.jpg,55,0
image_127.jpg,56,0
image_127.jpg,57,0
image_127.jpg,58,0
image_127.jpg,59,0
image_127.jpg,60,0
image_127.jpg,61,0
image_127.jpg,62,0
image_127.jpg,63,0
image_127.jpg,64,0
image_128.jpg,1,0
image_128.jpg,2,2
image_128.jpg,3,2
image_128.jpg,4,0
image_128.jpg,5,0
image_128.jpg,6,0
image_128.jpg,7,0
image_128.jpg,8,0
image_128.jpg,9,0
image_128.jpg,10,2
image_128.jpg,11,2
image_128.jpg,12,0
image_128.jpg,13,0
image_128.jpg,14,0
image_128.jpg,15,0
image_128.jpg,16,0
image_128.jpg,17,0
image_128.jpg,18,2
image_128.jpg,19,2
image_128.jpg,20,0
image_128.jpg,21,0
image_128.jpg,22,0
image_128.jpg,23,0
image_128.jpg,24,0
image_128.jpg,25,0
image_128.jpg,26,0
image_128.jpg,27,0
image_128.jpg,28,0
image_128.jpg,29,0
image_128.jpg,30,0
image_128.jpg,31,0
image_128.jpg,32,0
image_128.jpg,33,0
image_128.jpg,34,0
image_128.jpg,35,0
image_128.jpg,36,0
image_128.jpg,37,0
image_128.jpg,38,0
image_128.jpg,39,0
image_128.jpg,40,0
image_128.jpg,41,0
image_128.jpg,42,0
image_128.jpg,43,0
image_128.jpg,44,0
image_128.jpg,45,0
image_128.jpg,46,0
image_128.jpg,47,0
image_128.jpg,48,0
image_128.jpg,49,0
image_128.jpg,50,0
image_128.jpg,51,0
image_128.jpg,52,0
image_128.jpg,53,0
image_128.jpg,54,0
image_128.jpg,55,0
image_128.jpg,56,0
image_128.jpg,57,0
image_128.jpg,58,0
image_128.jpg,59,0
image_128.jpg,60,0
image_128.jpg,61,0
image_128.jpg,62,0
image_128.jpg,63,0
image_128.jpg,64,0
image_129.jpg,1,0
image_129.jpg,2,0
image_129.jpg,3,2
image_129.jpg,4,2
image_129.jpg,5,0
image_129.jpg,6,0
image_129.jpg,7,0
image_129.jpg,8,0
image_129.jpg,9,0
image_129.jpg,10,2
image_129.jpg,11,2
image_129.jpg,12,0
image_129.jpg,13,0
image_129.jpg,14,0
image_129.jpg,15,0
image_129.jpg,16,0
image_129.jpg,17,0
image_129.jpg,18,2
image_129.jpg,19,2
image_129.jpg,20,0
image_129.jpg,21,0
image_129.jpg,22,0
image_129.jpg,23,0
image_129.jpg,24,0
image_129.jpg,25,0
image_129.jpg,26,2
image_129.jpg,27,0
image_129.jpg,28,0
image_129.jpg,29,0
image_129.jpg,30,0
image_129.jpg,31,0
image_129.jpg,32,0
image_129.jpg,33,0
image_129.jpg,34,0
image_129.jpg,35,0
image_129.jpg,36,0
image_129.jpg,37,0
image_129.jpg,38,0
image_129.jpg,39,0
image_129.jpg,40,0
image_129.jpg,41,0
image_129.jpg,42,0
image_129.jpg,43,0
image_129.jpg,44,0
image_129.jpg,45,0
image_129.jpg,46,0
image_129.jpg,47,0
image_129.jpg,48,0
image_129.jpg,49,0
image_129.jpg,50,0
image_129.jpg,51,0
image_129.jpg,52,0
image_129.jpg,53,0
image_129.jpg,54,0
image_129.jpg,55,0
image_129.jpg,56,0
image_129.jpg,57,0
image_129.jpg,58,0
image_129.jpg,59,0
image_129.jpg,60,0
image_129.jpg,61,0
image_129.jpg,62,0
image_129.jpg,63,0
image_129.jpg,64,0
image_130.jpg,1,0
image_130.jpg,2,0
image_130.jpg,3,0
image_130.jpg,4,0
image_130.jpg,5,0
image_130.jpg,6,0
image_130.jpg,7,0
image_130.jpg,8,0
image_130.jpg,9,0
image_130.jpg,10,0
image_130.jpg,11,0
image_130.jpg,12,0
image_130.jpg,13,0
image_130.jpg,14,0
image_130.jpg,15,0
image_130.jpg,16,0
image_130.jpg,17,0
image_130.jpg,18,0
image_130.jpg,19,0
image_130.jpg,20,0
image_130.jpg,21,0
image_130.jpg,22,0
image_130.jpg,23,0
image_130.jpg,24,0
image_130.jpg,25,0
image_130.jpg,26,0
image_130.jpg,27,0
image_130.jpg,28,0
image_130.jpg,29,0
image_130.jpg,30,0
image_130.jpg,31,0
image_130.jpg,32,0
image_130.jpg,33,0
image_130.jpg,34,0
image_130.jpg,35,0
image_130.jpg,36,0
image_130.jpg,37,0
image_130.jpg,38,0
image_130.jpg,39,0
image_130.jpg,40,0
image_130.jpg,41,0
image_130.jpg,42,0
image_130.jpg,43,0
image_130.jpg,44,0
image_130.jpg,45,0
image_130.jpg,46,0
image_130.jpg,47,0
image_130.jpg,48,0
image_130.jpg,49,0
image_130.jpg,50,0
image_130.jpg,51,0
image_130.jpg,52,0
image_130.jpg,53,3
image_130.jpg,54,3
image_130.jpg,55,0
image_130.jpg,56,0
image_130.jpg,57,0
image_130.jpg,58,0
image_130.jpg,59,0
image_130.jpg,60,0
image_130.jpg,61,3
image_130.jpg,62,3
image_130.jpg,63,0
image_130.jpg,64,0
image_132.jpg,1,0
image_132.jpg,2,0
image_132.jpg,3,0
image_132.jpg,4,0
image_132.jpg,5,0
image_132.jpg,6,0
image_132.jpg,7,0
image_132.jpg,8,0
image_132.jpg,9,0
image_132.jpg,10,0
image_132.jpg,11,0
image_132.jpg,12,0
image_132.jpg,13,0
image_132.jpg,14,0
image_132.jpg,15,0
image_132.jpg,16,0
image_132.jpg,17,0
image_132.jpg,18,0
image_132.jpg,19,0
image_132.jpg,20,0
image_132.jpg,21,0
image_132.jpg,22,0
image_132.jpg,23,0
image_132.jpg,24,0
image_132.jpg,25,0
image_132.jpg,26,0
image_132.jpg,27,0
image_132.jpg,28,0
image_132.jpg,29,0
image_132.jpg,30,0
image_132.jpg,31,0
image_132.jpg,32,0
image_132.jpg,33,0
image_132.jpg,34,0
image_132.jpg,35,0
image_132.jpg,36,0
image_132.jpg,37,0
image_132.jpg,38,0
image_132.jpg,39,0
image_132.jpg,40,0
image_132.jpg,41,0
image_132.jpg,42,0
image_132.jpg,43,0
image_132.jpg,44,0
image_132.jpg,45,0
image_132.jpg,46,0
image_132.jpg,47,0
image_132.jpg,48,0
image_132.jpg,49,0
image_132.jpg,50,0
image_132.jpg,51,0
image_132.jpg,52,0
image_132.jpg,53,0
image_132.jpg,54,0
image_132.jpg,55,0
image_132.jpg,56,1
image_132.jpg,57,0
image_132.jpg,58,0
image_132.jpg,59,0
image_132.jpg,60,0
image_132.jpg,61,0
image_132.jpg,62,0
image_132.jpg,63,0
image_132.jpg,64,0
image_136.jpg,1,0
image_136.jpg,2,0
image_136.jpg,3,0
image_136.jpg,4,0
image_136.jpg,5,0
image_136.jpg,6,0
image_136.jpg,7,0
image_136.jpg,8,0
image_136.jpg,9,0
image_136.jpg,10,0
image_136.jpg,11,0
image_136.jpg,12,0
image_136.jpg,13,0
image_136.jpg,14,2
image_136.jpg,15,0
image_136.jpg,16,0
image_136.jpg,17,0
image_136.jpg,18,0
image_136.jpg,19,0
image_136.jpg,20,0
image_136.jpg,21,0
image_136.jpg,22,2
image_136.jpg,23,0
image_136.jpg,24,0
image_136.jpg,25,0
image_136.jpg,26,0
image_136.jpg,27,0
image_136.jpg,28,0
image_136.jpg,29,2
image_136.jpg,30,2
image_136.jpg,31,0
image_136.jpg,32,0
image_136.jpg,33,0
image_136.jpg,34,0
image_136.jpg,35,0
image_136.jpg,36,0
image_136.jpg,37,2
image_136.jpg,38,2
image_136.jpg,39,0
image_136.jpg,40,0
image_136.jpg,41,0
image_136.jpg,42,0
image_136.jpg,43,0
image_136.jpg,44,0
image_136.jpg,45,0
image_136.jpg,46,0
image_136.jpg,47,0
image_136.jpg,48,0
image_136.jpg,49,0
image_136.jpg,50,0
image_136.jpg,51,0
image_136.jpg,52,0
image_136.jpg,53,0
image_136.jpg,54,0
image_136.jpg,55,0
image_136.jpg,56,0
image_136.jpg,57,0
image_136.jpg,58,0
image_136.jpg,59,0
image_136.jpg,60,0
image_136.jpg,61,0
image_136.jpg,62,0
image_136.jpg,63,0
image_136.jpg,64,0
image_142.jpg,1,0
image_142.jpg,2,0
image_142.jpg,3,0
image_142.jpg,4,0
image_142.jpg,5,0
image_142.jpg,6,0
image_142.jpg,7,0
image_142.jpg,8,0
image_142.jpg,9,0
image_142.jpg,10,0
image_142.jpg,11,0
image_142.jpg,12,0
image_142.jpg,13,0
image_142.jpg,14,0
image_142.jpg,15,0
image_142.jpg,16,0
image_142.jpg,17,0
image_142.jpg,18,0
image_142.jpg,19,0
image_142.jpg,20,0
image_142.jpg,21,0
image_142.jpg,22,0
image_142.jpg,23,0
image_142.jpg,24,0
image_142.jpg,25,0
image_142.jpg,26,0
image_142.jpg,27,0
image_142.jpg,28,0
image_142.jpg,29,0
image_142.jpg,30,0
image_142.jpg,31,0
image_142.jpg,32,0
image_142.jpg,33,0
image_142.jpg,34,0
image_142.jpg,35,0
image_142.jpg,36,0
image_142.jpg,37,0
image_142.jpg,38,0
image_142.jpg,39,0
image_142.jpg,40,0
image_142.jpg,41,0
image_142.jpg,42,0
image_142.jpg,43,0
image_142.jpg,44,0
image_142.jpg,45,0
image_142.jpg,46,0
image_142.jpg,47,3
image_142.jpg,48,0
image_142.jpg,49,0
image_142.jpg,50,0
image_142.jpg,51,0
image_142.jpg,52,0
image_142.jpg,53,0
image_142.jpg,54,0
image_142.jpg,55,3
image_142.jpg,56,0
image_142.jpg,57,0
image_142.jpg,58,0
image_142.jpg,59,0
image_142.jpg,60,0
image_142.jpg,61,0
image_142.jpg,62,3
image_142.jpg,63,3
image_142.jpg,64,0
image_143.jpg,1,0
image_143.jpg,2,0
image_143.jpg,3,0
image_143.jpg,4,0
image_143.jpg,5,0
image_143.jpg,6,0
image_143.jpg,7,0
image_143.jpg,8,0
image_143.jpg,9,0
image_143.jpg,10,2
image_143.jpg,11,0
image_143.jpg,12,0
image_143.jpg,13,0
image_143.jpg,14,0
image_143.jpg,15,0
image_143.jpg,16,0
image_143.jpg,17,0
image_143.jpg,18,2
image_143.jpg,19,0
image_143.jpg,20,0
image_143.jpg,21,0
image_143.jpg,22,0
image_143.jpg,23,0
image_143.jpg,24,0
image_143.jpg,25,0
image_143.jpg,26,2
image_143.jpg,27,0
image_143.jpg,28,0
image_143.jpg,29,0
image_143.jpg,30,0
image_143.jpg,31,0
image_143.jpg,32,0
image_143.jpg,33,0
image_143.jpg,34,0
image_143.jpg,35,0
image_143.jpg,36,0
image_143.jpg,37,0
image_143.jpg,38,0
image_143.jpg,39,0
image_143.jpg,40,0
image_143.jpg,41,0
image_143.jpg,42,0
image_143.jpg,43,0
image_143.jpg,44,0
image_143.jpg,45,0
image_143.jpg,46,0
image_143.jpg,47,0
image_143.jpg,48,0
image_143.jpg,49,0
image_143.jpg,50,0
image_143.jpg,51,0
image_143.jpg,52,0
image_143.jpg,53,0
image_143.jpg,54,0
image_143.jpg,55,0
image_143.jpg,56,0
image_143.jpg,57,0
image_143.jpg,58,0
image_143.jpg,59,0
image_143.jpg,60,0
image_143.jpg,61,0
image_143.jpg,62,0
image_143.jpg,63,0
image_143.jpg,64,0
image_148.jpg,1,0
image_148.jpg,2,0
image_148.jpg,3,2
image_148.jpg,4,2
image_148.jpg,5,2
image_148.jpg,6,0
image_148.jpg,7,0
image_148.jpg,8,0
image_148.jpg,9,0
image_148.jpg,10,0
image_148.jpg,11,2
image_148.jpg,12,2
image_148.jpg,13,2
image_148.jpg,14,0
image_148.jpg,15,0
image_148.jpg,16,0
image_148.jpg,17,0
image_148.jpg,18,0
image_148.jpg,19,0
image_148.jpg,20,0
image_148.jpg,21,0
image_148.jpg,22,0
image_148.jpg,23,0
image_148.jpg,24,0
image_148.jpg,25,0
image_148.jpg,26,0
image_148.jpg,27,0
image_148.jpg,28,0
image_148.jpg,29,0
image_148.jpg,30,0
image_148.jpg,31,0
image_148.jpg,32,0
image_148.jpg,33,0
image_148.jpg,34,0
image_148.jpg,35,0
image_148.jpg,36,0
image_148.jpg,37,0
image_148.jpg,38,0
image_148.jpg,39,0
image_148.jpg,40,0
image_148.jpg,41,0
image_148.jpg,42,0
image_148.jpg,43,0
image_148.jpg,44,0
image_148.jpg,45,0
image_148.jpg,46,0
image_148.jpg,47,0
image_148.jpg,48,0
image_148.jpg,49,0
image_148.jpg,50,0
image_148.jpg,51,0
image_148.jpg,52,0
image_148.jpg,53,0
image_148.jpg,54,0
image_148.jpg,55,0
image_148.jpg,56,0
image_148.jpg,57,0
image_148.jpg,58,0
image_148.jpg,59,0
image_148.jpg,60,0
image_148.jpg,61,0
image_148.jpg,62,0
image_148.jpg,63,0
image_148.jpg,64,0
image_151.jpg,1,0
image_151.jpg,2,0
image_151.jpg,3,0
image_151.jpg,4,0
image_151.jpg,5,0
image_151.jpg,6,0
image_151.jpg,7,0
image_151.jpg,8,0
image_151.jpg,9,0
image_151.jpg,10,2
image_151.jpg,11,2
image_151.jpg,12,0
image_151.jpg,13,0
image_151.jpg,14,0
image_151.jpg,15,0
image_151.jpg,16,0
image_151.jpg,17,0
image_151.jpg,18,2
image_151.jpg,19,2
image_151.jpg,20,0
image_151.jpg,21,0
image_151.jpg,22,0
image_151.jpg,23,0
image_151.jpg,24,0
image_151.jpg,25,0
image_151.jpg,26,2
image_151.jpg,27,2
image_151.jpg,28,0
image_151.jpg,29,0
image_151.jpg,30,0
image_151.jpg,31,0
image_151.jpg,32,0
image_151.jpg,33,0
image_151.jpg,34,0
image_151.jpg,35,0
image_151.jpg,36,0
image_151.jpg,37,0
image_151.jpg,38,0
image_151.jpg,39,0
image_151.jpg,40,3
image_151.jpg,41,0
image_151.jpg,42,0
image_151.jpg,43,0
image_151.jpg,44,0
image_151.jpg,45,0
image_151.jpg,46,0
image_151.jpg,47,0
image_151.jpg,48,3
image_151.jpg,49,0
image_151.jpg,50,0
image_151.jpg,51,0
image_151.jpg,52,0
image_151.jpg,53,0
image_151.jpg,54,0
image_151.jpg,55,0
image_151.jpg,56,3
image_151.jpg,57,0
image_151.jpg,58,0
image_151.jpg,59,0
image_151.jpg,60,0
image_151.jpg,61,0
image_151.jpg,62,0
image_151.jpg,63,0
image_151.jpg,64,3
image_153.jpg,1,0
image_153.jpg,2,2
image_153.jpg,3,2
image_153.jpg,4,0
image_153.jpg,5,0
image_153.jpg,6,0
image_153.jpg,7,0
image_153.jpg,8,0
image_153.jpg,9,0
image_153.jpg,10,2
image_153.jpg,11,2
image_153.jpg,12,0
image_153.jpg,13,0
image_153.jpg,14,0
image_153.jpg,15,0
image_153.jpg,16,0
image_153.jpg,17,0
image_153.jpg,18,2
image_153.jpg,19,2
image_153.jpg,20,0
image_153.jpg,21,0
image_153.jpg,22,0
image_153.jpg,23,0
image_153.jpg,24,0
image_153.jpg,25,0
image_153.jpg,26,2
image_153.jpg,27,2
image_153.jpg,28,0
image_153.jpg,29,0
image_153.jpg,30,0
image_153.jpg,31,0
image_153.jpg,32,0
image_153.jpg,33,0
image_153.jpg,34,0
image_153.jpg,35,0
image_153.jpg,36,0
image_153.jpg,37,0
image_153.jpg,38,0
image_153.jpg,39,0
image_153.jpg,40,0
image_153.jpg,41,0
image_153.jpg,42,0
image_153.jpg,43,0
image_153.jpg,44,0
image_153.jpg,45,0
image_153.jpg,46,0
image_153.jpg,47,0
image_153.jpg,48,0
image_153.jpg,49,0
image_153.jpg,50,0
image_153.jpg,51,0
image_153.jpg,52,0
image_153.jpg,53,0
image_153.jpg,54,0
image_153.jpg,55,0
image_153.jpg,56,0
image_153.jpg,57,0
image_153.jpg,58,0
image_153.jpg,59,0
image_153.jpg,60,0
image_153.jpg,61,0
image_153.jpg,62,0
image_153.jpg,63,0
image_153.jpg,64,0
image_155.jpg,1,0
image_155.jpg,2,0
image_155.jpg,3,0
image_155.jpg,4,0
image_155.jpg,5,2
image_155.jpg,6,2
image_155.jpg,7,0
image_155.jpg,8,0
image_155.jpg,9,0
image_155.jpg,10,0
image_155.jpg,11,0
image_155.jpg,12,0
image_155.jpg,13,2
image_155.jpg,14,2
image_155.jpg,15,0
image_155.jpg,16,0
image_155.jpg,17,0
image_155.jpg,18,0
image_155.jpg,19,0
image_155.jpg,20,0
image_155.jpg,21,2
image_155.jpg,22,2
image_155.jpg,23,0
image_155.jpg,24,0
image_155.jpg,25,0
image_155.jpg,26,0
image_155.jpg,27,0
image_155.jpg,28,0
image_155.jpg,29,0
image_155.jpg,30,0
image_155.jpg,31,0
image_155.jpg,32,0
image_155.jpg,33,0
image_155.jpg,34,0
image_155.jpg,35,0
image_155.jpg,36,0
image_155.jpg,37,0
image_155.jpg,38,0
image_155.jpg,39,0
image_155.jpg,40,0
image_155.jpg,41,0
image_155.jpg,42,0
image_155.jpg,43,0
image_155.jpg,44,0
image_155.jpg,45,0
image_155.jpg,46,0
image_155.jpg,47,0
image_155.jpg,48,0
image_155.jpg,49,0
image_155.jpg,50,0
image_155.jpg,51,0
image_155.jpg,52,0
image_155.jpg,53,0
image_155.jpg,54,0
image_155.jpg,55,0
image_155.jpg,56,0
image_155.jpg,57,0
image_155.jpg,58,0
image_155.jpg,59,0
image_155.jpg,60,0
image_155.jpg,61,0
image_155.jpg,62,0
image_155.jpg,63,0
image_155.jpg,64,0
image_157.jpg,1,0
image_157.jpg,2,0
image_157.jpg,3,0
image_157.jpg,4,0
image_157.jpg,5,0
image_157.jpg,6,0
image_157.jpg,7,0
image_157.jpg,8,0
image_157.jpg,9,0
image_157.jpg,10,0
image_157.jpg,11,0
image_157.jpg,12,0
image_157.jpg,13,0
image_157.jpg,14,0
image_157.jpg,15,2
image_157.jpg,16,2
image_157.jpg,17,0
image_157.jpg,18,0
image_157.jpg,19,0
image_157.jpg,20,0
image_157.jpg,21,0
image_157.jpg,22,0
image_157.jpg,23,2
image_157.jpg,24,2
image_157.jpg,25,0
image_157.jpg,26,0
image_157.jpg,27,0
image_157.jpg,28,0
image_157.jpg,29,0
image_157.jpg,30,0
image_157.jpg,31,2
image_157.jpg,32,2
image_157.jpg,33,0
image_157.jpg,34,3
image_157.jpg,35,0
image_157.jpg,36,0
image_157.jpg,37,0
image_157.jpg,38,0
image_157.jpg,39,0
image_157.jpg,40,0
image_157.jpg,41,0
image_157.jpg,42,3
image_157.jpg,43,0
image_157.jpg,44,0
image_157.jpg,45,0
image_157.jpg,46,0
image_157.jpg,47,0
image_157.jpg,48,0
image_157.jpg,49,0
image_157.jpg,50,3
image_157.jpg,51,0
image_157.jpg,52,0
image_157.jpg,53,0
image_157.jpg,54,0
image_157.jpg,55,0
image_157.jpg,56,0
image_157.jpg,57,3
image_157.jpg,58,3
image_157.jpg,59,0
image_157.jpg,60,0
image_157.jpg,61,0
image_157.jpg,62,0
image_157.jpg,63,0
image_157.jpg,64,0
image_158.jpg,1,0
image_158.jpg,2,0
image_158.jpg,3,0
image_158.jpg,4,0
image_158.jpg,5,2
image_158.jpg,6,0
image_158.jpg,7,0
image_158.jpg,8,0
image_158.jpg,9,0
image_158.jpg,10,0
image_158.jpg,11,2
image_158.jpg,12,0
image_158.jpg,13,2
image_158.jpg,14,0
image_158.jpg,15,0
image_158.jpg,16,0
image_158.jpg,17,0
image_158.jpg,18,0
image_158.jpg,19,2
image_158.jpg,20,0
image_158.jpg,21,2
image_158.jpg,22,0
image_158.jpg,23,0
image_158.jpg,24,0
image_158.jpg,25,0
image_158.jpg,26,0
image_158.jpg,27,2
image_158.jpg,28,0
image_158.jpg,29,2
image_158.jpg,30,0
image_158.jpg,31,0
image_158.jpg,32,0
image_158.jpg,33,0
image_158.jpg,34,0
image_158.jpg,35,0
image_158.jpg,36,0
image_158.jpg,37,0
image_158.jpg,38,0
image_158.jpg,39,0
image_158.jpg,40,0
image_158.jpg,41,0
image_158.jpg,42,0
image_158.jpg,43,0
image_158.jpg,44,0
image_158.jpg,45,0
image_158.jpg,46,0
image_158.jpg,47,0
image_158.jpg,48,0
image_158.jpg,49,0
image_158.jpg,50,0
image_158.jpg,51,0
image_158.jpg,52,0
image_158.jpg,53,0
image_158.jpg,54,0
image_158.jpg,55,0
image_158.jpg,56,0
image_158.jpg,57,0
image_158.jpg,58,0
image_158.jpg,59,0
image_158.jpg,60,0
image_158.jpg,61,0
image_158.jpg,62,0
image_158.jpg,63,0
image_158.jpg,64,0
image_159.jpg,1,0
image_159.jpg,2,0
image_159.jpg,3,0
image_159.jpg,4,0
image_159.jpg,5,0
image_159.jpg,6,0
image_159.jpg,7,0
image_159.jpg,8,0
image_159.jpg,9,0
image_159.jpg,10,0
image_159.jpg,11,0
image_159.jpg,12,0
image_159.jpg,13,0
image_159.jpg,14,0
image_159.jpg,15,0
image_159.jpg,16,0
image_159.jpg,17,0
image_159.jpg,18,0
image_159.jpg,19,0
image_159.jpg,20,0
image_159.jpg,21,0
image_159.jpg,22,0
image_159.jpg,23,0
image_159.jpg,24,0
image_159.jpg,25,0
image_159.jpg,26,0
image_159.jpg,27,0
image_159.jpg,28,0
image_159.jpg,29,0
image_159.jpg,30,0
image_159.jpg,31,0
image_159.jpg,32,0
image_159.jpg,33,0
image_159.jpg,34,0
image_159.jpg,35,0
image_159.jpg,36,0
image_159.jpg,37,0
image_159.jpg,38,0
image_159.jpg,39,0
image_159.jpg,40,0
image_159.jpg,41,3
image_159.jpg,42,3
image_159.jpg,43,0
image_159.jpg,44,0
image_159.jpg,45,0
image_159.jpg,46,0
image_159.jpg,47,0
image_159.jpg,48,0
image_159.jpg,49,3
image_159.jpg,50,3
image_159.jpg,51,0
image_159.jpg,52,0
image_159.jpg,53,0
image_159.jpg,54,0
image_159.jpg,55,0
image_159.jpg,56,0
image_159.jpg,57,3
image_159.jpg,58,3
image_159.jpg,59,0
image_159.jpg,60,0
image_159.jpg,61,0
image_159.jpg,62,0
image_159.jpg,63,0
image_159.jpg,64,0
image_160.jpg,1,0
image_160.jpg,2,0
image_160.jpg,3,0
image_160.jpg,4,0
image_160.jpg,5,0
image_160.jpg,6,0
image_160.jpg,7,0
image_160.jpg,8,0
image_160.jpg,9,0
image_160.jpg,10,0
image_160.jpg,11,0
image_160.jpg,12,0
image_160.jpg,13,0
image_160.jpg,14,0
image_160.jpg,15,0
image_160.jpg,16,0
image_160.jpg,17,0
image_160.jpg,18,0
image_160.jpg,19,0
image_160.jpg,20,0
image_160.jpg,21,2
image_160.jpg,22,2
image_160.jpg,23,0
image_160.jpg,24,0
image_160.jpg,25,0
image_160.jpg,26,0
image_160.jpg,27,0
image_160.jpg,28,0
image_160.jpg,29,2
image_160.jpg,30,2
image_160.jpg,31,0
image_160.jpg,32,0
image_160.jpg,33,0
image_160.jpg,34,0
image_160.jpg,35,0
image_160.jpg,36,0
image_160.jpg,37,0
image_160.jpg,38,0
image_160.jpg,39,0
image_160.jpg,40,0
image_160.jpg,41,0
image_160.jpg,42,0
image_160.jpg,43,0
image_160.jpg,44,0
image_160.jpg,45,0
image_160.jpg,46,0
image_160.jpg,47,0
image_160.jpg,48,0
image_160.jpg,49,0
image_160.jpg,50,0
image_160.jpg,51,0
image_160.jpg,52,0
image_160.jpg,53,0
image_160.jpg,54,0
image_160.jpg,55,0
image_160.jpg,56,0
image_160.jpg,57,0
image_160.jpg,58,0
image_160.jpg,59,0
image_160.jpg,60,0
image_160.jpg,61,0
image_160.jpg,62,0
image_160.jpg,63,0
image_160.jpg,64,0
image_163.jpg,1,0
image_163.jpg,2,0
image_163.jpg,3,0
image_163.jpg,4,0
image_163.jpg,5,0
image_163.jpg,6,1
image_163.jpg,7,0
image_163.jpg,8,0
image_163.jpg,9,0
image_163.jpg,10,0
image_163.jpg,11,0
image_163.jpg,12,0
image_163.jpg,13,0
image_163.jpg,14,0
image_163.jpg,15,2
image_163.jpg,16,0
image_163.jpg,17,0
image_163.jpg,18,0
image_163.jpg,19,0
image_163.jpg,20,0
image_163.jpg,21,0
image_163.jpg,22,2
image_163.jpg,23,2
image_163.jpg,24,0
image_163.jpg,25,0
image_163.jpg,26,0
image_163.jpg,27,0
image_163.jpg,28,0
image_163.jpg,29,0
image_163.jpg,30,0
image_163.jpg,31,0
image_163.jpg,32,0
image_163.jpg,33,0
image_163.jpg,34,0
image_163.jpg,35,0
image_163.jpg,36,0
image_163.jpg,37,0
image_163.jpg,38,0
image_163.jpg,39,0
image_163.jpg,40,0
image_163.jpg,41,0
image_163.jpg,42,0
image_163.jpg,43,3
image_163.jpg,44,0
image_163.jpg,45,0
image_163.jpg,46,0
image_163.jpg,47,0
image_163.jpg,48,0
image_163.jpg,49,0
image_163.jpg,50,0
image_163.jpg,51,3
image_163.jpg,52,0
image_163.jpg,53,0
image_163.jpg,54,0
image_163.jpg,55,0
image_163.jpg,56,0
image_163.jpg,57,0
image_163.jpg,58,0
image_163.jpg,59,3
image_163.jpg,60,0
image_163.jpg,61,0
image_163.jpg,62,0
image_163.jpg,63,0
image_163.jpg,64,0
image_164.jpg,1,0
image_164.jpg,2,0
image_164.jpg,3,0
image_164.jpg,4,0
image_164.jpg,5,2
image_164.jpg,6,2
image_164.jpg,7,0
image_164.jpg,8,0
image_164.jpg,9,0
image_164.jpg,10,0
image_164.jpg,11,0
image_164.jpg,12,0
image_164.jpg,13,2
image_164.jpg,14,0
image_164.jpg,15,0
image_164.jpg,16,0
image_164.jpg,17,0
image_164.jpg,18,0
image_164.jpg,19,0
image_164.jpg,20,0
image_164.jpg,21,0
image_164.jpg,22,0
image_164.jpg,23,0
image_164.jpg,24,0
image_164.jpg,25,0
image_164.jpg,26,0
image_164.jpg,27,0
image_164.jpg,28,0
image_164.jpg,29,0
image_164.jpg,30,0
image_164.jpg,31,0
image_164.jpg,32,0
image_164.jpg,33,0
image_164.jpg,34,0
image_164.jpg,35,0
image_164.jpg,36,0
image_164.jpg,37,0
image_164.jpg,38,3
image_164.jpg,39,0
image_164.jpg,40,0
image_164.jpg,41,0
image_164.jpg,42,0
image_164.jpg,43,0
image_164.jpg,44,0
image_164.jpg,45,0
image_164.jpg,46,3
image_164.jpg,47,0
image_164.jpg,48,0
image_164.jpg,49,0
image_164.jpg,50,0
image_164.jpg,51,0
image_164.jpg,52,0
image_164.jpg,53,0
image_164.jpg,54,3
image_164.jpg,55,0
image_164.jpg,56,0
image_164.jpg,57,0
image_164.jpg,58,0
image_164.jpg,59,0
image_164.jpg,60,0
image_164.jpg,61,0
image_164.jpg,62,3
image_164.jpg,63,0
image_164.jpg,64,0
image_167.jpg,1,0
image_167.jpg,2,0
image_167.jpg,3,0
image_167.jpg,4,0
image_167.jpg,5,0
image_167.jpg,6,0
image_167.jpg,7,2
image_167.jpg,8,2
image_167.jpg,9,0
image_167.jpg,10,0
image_167.jpg,11,0
image_167.jpg,12,0
image_167.jpg,13,0
image_167.jpg,14,2
image_167.jpg,15,2
image_167.jpg,16,0
image_167.jpg,17,0
image_167.jpg,18,0
image_167.jpg,19,0
image_167.jpg,20,0
image_167.jpg,21,0
image_167.jpg,22,0
image_167.jpg,23,0
image_167.jpg,24,0
image_167.jpg,25,0
image_167.jpg,26,0
image_167.jpg,27,0
image_167.jpg,28,0
image_167.jpg,29,0
image_167.jpg,30,0
image_167.jpg,31,0
image_167.jpg,32,0
image_167.jpg,33,0
image_167.jpg,34,0
image_167.jpg,35,0
image_167.jpg,36,3
image_167.jpg,37,0
image_167.jpg,38,0
image_167.jpg,39,0
image_167.jpg,40,0
image_167.jpg,41,0
image_167.jpg,42,0
image_167.jpg,43,0
image_167.jpg,44,3
image_167.jpg,45,0
image_167.jpg,46,0
image_167.jpg,47,0
image_167.jpg,48,0
image_167.jpg,49,0
image_167.jpg,50,0
image_167.jpg,51,0
image_167.jpg,52,3
image_167.jpg,53,0
image_167.jpg,54,0
image_167.jpg,55,0
image_167.jpg,56,0
image_167.jpg,57,0
image_167.jpg,58,0
image_167.jpg,59,0
image_167.jpg,60,3
image_167.jpg,61,0
image_167.jpg,62,0
image_167.jpg,63,0
image_167.jpg,64,0
image_168.jpg,1,0
image_168.jpg,2,0
image_168.jpg,3,0
image_168.jpg,4,0
image_168.jpg,5,0
image_168.jpg,6,0
image_168.jpg,7,0
image_168.jpg,8,0
image_168.jpg,9,0
image_168.jpg,10,0
image_168.jpg,11,0
image_168.jpg,12,0
image_168.jpg,13,0
image_168.jpg,14,0
image_168.jpg,15,0
image_168.jpg,16,0
image_168.jpg,17,0
image_168.jpg,18,0
image_168.jpg,19,0
image_168.jpg,20,0
image_168.jpg,21,0
image_168.jpg,22,0
image_168.jpg,23,0
image_168.jpg,24,0
image_168.jpg,25,0
image_168.jpg,26,0
image_168.jpg,27,0
image_168.jpg,28,0
image_168.jpg,29,0
image_168.jpg,30,0
image_168.jpg,31,0
image_168.jpg,32,0
image_168.jpg,33,0
image_168.jpg,34,0
image_168.jpg,35,0
image_168.jpg,36,0
image_168.jpg,37,3
image_168.jpg,38,0
image_168.jpg,39,0
image_168.jpg,40,0
image_168.jpg,41,0
image_168.jpg,42,0
image_168.jpg,43,0
image_168.jpg,44,0
image_168.jpg,45,3
image_168.jpg,46,0
image_168.jpg,47,0
image_168.jpg,48,0
image_168.jpg,49,0
image_168.jpg,50,0
image_168.jpg,51,0
image_168.jpg,52,0
image_168.jpg,53,3
image_168.jpg,54,0
image_168.jpg,55,0
image_168.jpg,56,0
image_168.jpg,57,0
image_168.jpg,58,0
image_168.jpg,59,0
image_168.jpg,60,0
image_168.jpg,61,3
image_168.jpg,62,0
image_168.jpg,63,0
image_168.jpg,64,0
image_169.jpg,1,0
image_169.jpg,2,0
image_169.jpg,3,0
image_169.jpg,4,0
image_169.jpg,5,0
image_169.jpg,6,0
image_169.jpg,7,0
image_169.jpg,8,0
image_169.jpg,9,0
image_169.jpg,10,0
image_169.jpg,11,0
image_169.jpg,12,0
image_169.jpg,13,0
image_169.jpg,14,0
image_169.jpg,15,0
image_169.jpg,16,0
image_169.jpg,17,0
image_169.jpg,18,0
image_169.jpg,19,0
image_169.jpg,20,0
image_169.jpg,21,0
image_169.jpg,22,0
image_169.jpg,23,0
image_169.jpg,24,0
image_169.jpg,25,0
image_169.jpg,26,0
image_169.jpg,27,0
image_169.jpg,28,2
image_169.jpg,29,0
image_169.jpg,30,0
image_169.jpg,31,0
image_169.jpg,32,0
image_169.jpg,33,0
image_169.jpg,34,0
image_169.jpg,35,0
image_169.jpg,36,2
image_169.jpg,37,0
image_169.jpg,38,0
image_169.jpg,39,0
image_169.jpg,40,0
image_169.jpg,41,0
image_169.jpg,42,0
image_169.jpg,43,0
image_169.jpg,44,2
image_169.jpg,45,0
image_169.jpg,46,0
image_169.jpg,47,0
image_169.jpg,48,0
image_169.jpg,49,0
image_169.jpg,50,0
image_169.jpg,51,0
image_169.jpg,52,2
image_169.jpg,53,0
image_169.jpg,54,0
image_169.jpg,55,0
image_169.jpg,56,0
image_169.jpg,57,0
image_169.jpg,58,0
image_169.jpg,59,0
image_169.jpg,60,2
image_169.jpg,61,0
image_169.jpg,62,0
image_169.jpg,63,0
image_169.jpg,64,0
image_170.jpg,1,0
image_170.jpg,2,0
image_170.jpg,3,0
image_170.jpg,4,0
image_170.jpg,5,0
image_170.jpg,6,0
image_170.jpg,7,0
image_170.jpg,8,0
image_170.jpg,9,0
image_170.jpg,10,0
image_170.jpg,11,0
image_170.jpg,12,0
image_170.jpg,13,0
image_170.jpg,14,0
image_170.jpg,15,0
image_170.jpg,16,0
image_170.jpg,17,0
image_170.jpg,18,0
image_170.jpg,19,0
image_170.jpg,20,0
image_170.jpg,21,0
image_170.jpg,22,0
image_170.jpg,23,0
image_170.jpg,24,0
image_170.jpg,25,0
image_170.jpg,26,0
image_170.jpg,27,0
image_170.jpg,28,0
image_170.jpg,29,0
image_170.jpg,30,0
image_170.jpg,31,0
image_170.jpg,32,0
image_170.jpg,33,2
image_170.jpg,34,2
image_170.jpg,35,2
image_170.jpg,36,0
image_170.jpg,37,0
image_170.jpg,38,0
image_170.jpg,39,0
image_170.jpg,40,0
image_170.jpg,41,0
image_170.jpg,42,0
image_170.jpg,43,0
image_170.jpg,44,0
image_170.jpg,45,0
image_170.jpg,46,0
image_170.jpg,47,0
image_170.jpg,48,0
image_170.jpg,49,0
image_170.jpg,50,0
image_170.jpg,51,0
image_170.jpg,52,0
image_170.jpg,53,0
image_170.jpg,54,0
image_170.jpg,55,0
image_170.jpg,56,0
image_170.jpg,57,0
image_170.jpg,58,0
image_170.jpg,59,0
image_170.jpg,60,0
image_170.jpg,61,0
image_170.jpg,62,0
image_170.jpg,63,0
image_170.jpg,64,0
image_172.jpg,1,0
image_172.jpg,2,0
image_172.jpg,3,0
image_172.jpg,4,2
image_172.jpg,5,2
image_172.jpg,6,0
image_172.jpg,7,0
image_172.jpg,8,0
image_172.jpg,9,0
image_172.jpg,10,0
image_172.jpg,11,0
image_172.jpg,12,0
image_172.jpg,13,0
image_172.jpg,14,0
image_172.jpg,15,0
image_172.jpg,16,0
image_172.jpg,17,0
image_172.jpg,18,0
image_172.jpg,19,0
image_172.jpg,20,0
image_172.jpg,21,0
image_172.jpg,22,0
image_172.jpg,23,0
image_172.jpg,24,0
image_172.jpg,25,0
image_172.jpg,26,0
image_172.jpg,27,0
image_172.jpg,28,2
image_172.jpg,29,0
image_172.jpg,30,0
image_172.jpg,31,0
image_172.jpg,32,0
image_172.jpg,33,0
image_172.jpg,34,0
image_172.jpg,35,0
image_172.jpg,36,2
image_172.jpg,37,0
image_172.jpg,38,0
image_172.jpg,39,0
image_172.jpg,40,0
image_172.jpg,41,0
image_172.jpg,42,0
image_172.jpg,43,0
image_172.jpg,44,2
image_172.jpg,45,0
image_172.jpg,46,0
image_172.jpg,47,0
image_172.jpg,48,0
image_172.jpg,49,0
image_172.jpg,50,0
image_172.jpg,51,0
image_172.jpg,52,2
image_172.jpg,53,0
image_172.jpg,54,0
image_172.jpg,55,0
image_172.jpg,56,0
image_172.jpg,57,0
image_172.jpg,58,0
image_172.jpg,59,0
image_172.jpg,60,2
image_172.jpg,61,0
image_172.jpg,62,0
image_172.jpg,63,0
image_172.jpg,64,0
image_173.jpg,1,0
image_173.jpg,2,0
image_173.jpg,3,0
image_173.jpg,4,0
image_173.jpg,5,0
image_173.jpg,6,0
image_173.jpg,7,0
image_173.jpg,8,0
image_173.jpg,9,0
image_173.jpg,10,0
image_173.jpg,11,0
image_173.jpg,12,0
image_173.jpg,13,0
image_173.jpg,14,0
image_173.jpg,15,0
image_173.jpg,16,0
image_173.jpg,17,0
image_173.jpg,18,0
image_173.jpg,19,0
image_173.jpg,20,0
image_173.jpg,21,0
image_173.jpg,22,0
image_173.jpg,23,0
image_173.jpg,24,0
image_173.jpg,25,0
image_173.jpg,26,0
image_173.jpg,27,0
image_173.jpg,28,0
image_173.jpg,29,0
image_173.jpg,30,0
image_173.jpg,31,0
image_173.jpg,32,0
image_173.jpg,33,3
image_173.jpg,34,0
image_173.jpg,35,0
image_173.jpg,36,0
image_173.jpg,37,0
image_173.jpg,38,0
image_173.jpg,39,0
image_173.jpg,40,0
image_173.jpg,41,3
image_173.jpg,42,0
image_173.jpg,43,0
image_173.jpg,44,0
image_173.jpg,45,0
image_173.jpg,46,0
image_173.jpg,47,0
image_173.jpg,48,0
image_173.jpg,49,3
image_173.jpg,50,0
image_173.jpg,51,0
image_173.jpg,52,0
image_173.jpg,53,0
image_173.jpg,54,0
image_173.jpg,55,0
image_173.jpg,56,0
image_173.jpg,57,3
image_173.jpg,58,0
image_173.jpg,59,0
image_173.jpg,60,0
image_173.jpg,61,0
image_173.jpg,62,0
image_173.jpg,63,0
image_173.jpg,64,0
image_174.jpg,1,0
image_174.jpg,2,0
image_174.jpg,3,0
image_174.jpg,4,0
image_174.jpg,5,0
image_174.jpg,6,0
image_174.jpg,7,0
image_174.jpg,8,0
image_174.jpg,9,0
image_174.jpg,10,0
image_174.jpg,11,0
image_174.jpg,12,0
image_174.jpg,13,0
image_174.jpg,14,0
image_174.jpg,15,0
image_174.jpg,16,0
image_174.jpg,17,0
image_174.jpg,18,0
image_174.jpg,19,0
image_174.jpg,20,0
image_174.jpg,21,0
image_174.jpg,22,0
image_174.jpg,23,2
image_174.jpg,24,0
image_174.jpg,25,0
image_174.jpg,26,0
image_174.jpg,27,0
image_174.jpg,28,0
image_174.jpg,29,0
image_174.jpg,30,0
image_174.jpg,31,2
image_174.jpg,32,0
image_174.jpg,33,0
image_174.jpg,34,0
image_174.jpg,35,0
image_174.jpg,36,0
image_174.jpg,37,0
image_174.jpg,38,0
image_174.jpg,39,0
image_174.jpg,40,0
image_174.jpg,41,0
image_174.jpg,42,0
image_174.jpg,43,0
image_174.jpg,44,0
image_174.jpg,45,0
image_174.jpg,46,0
image_174.jpg,47,0
image_174.jpg,48,0
image_174.jpg,49,0
image_174.jpg,50,0
image_174.jpg,51,0
image_174.jpg,52,0
image_174.jpg,53,0
image_174.jpg,54,0
image_174.jpg,55,0
image_174.jpg,56,0
image_174.jpg,57,0
image_174.jpg,58,0
image_174.jpg,59,0
image_174.jpg,60,0
image_174.jpg,61,0
image_174.jpg,62,0
image_174.jpg,63,0
image_174.jpg,64,1
image_175.jpg,1,0
image_175.jpg,2,0
image_175.jpg,3,0
image_175.jpg,4,0
image_175.jpg,5,1
image_175.jpg,6,0
image_175.jpg,7,0
image_175.jpg,8,0
image_175.jpg,9,0
image_175.jpg,10,0
image_175.jpg,11,0
image_175.jpg,12,0
image_175.jpg,13,0
image_175.jpg,14,0
image_175.jpg,15,0
image_175.jpg,16,0
image_175.jpg,17,0
image_175.jpg,18,0
image_175.jpg,19,0
image_175.jpg,20,0
image_175.jpg,21,0
image_175.jpg,22,0
image_175.jpg,23,0
image_175.jpg,24,0
image_175.jpg,25,0
image_175.jpg,26,0
image_175.jpg,27,3
image_175.jpg,28,0
image_175.jpg,29,0
image_175.jpg,30,0
image_175.jpg,31,0
image_175.jpg,32,0
image_175.jpg,33,0
image_175.jpg,34,0
image_175.jpg,35,3
image_175.jpg,36,0
image_175.jpg,37,0
image_175.jpg,38,0
image_175.jpg,39,0
image_175.jpg,40,0
image_175.jpg,41,2
image_175.jpg,42,2
image_175.jpg,43,2
image_175.jpg,44,2
image_175.jpg,45,0
image_175.jpg,46,0
image_175.jpg,47,0
image_175.jpg,48,0
image_175.jpg,49,0
image_175.jpg,50,0
image_175.jpg,51,3
image_175.jpg,52,0
image_175.jpg,53,0
image_175.jpg,54,0
image_175.jpg,55,0
image_175.jpg,56,0
image_175.jpg,57,0
image_175.jpg,58,0
image_175.jpg,59,3
image_175.jpg,60,0
image_175.jpg,61,0
image_175.jpg,62,0
image_175.jpg,63,0
image_175.jpg,64,0
image_177.jpg,1,0
image_177.jpg,2,0
image_177.jpg,3,0
image_177.jpg,4,0
image_177.jpg,5,0
image_177.jpg,6,0
image_177.jpg,7,0
image_177.jpg,8,0
image_177.jpg,9,0
image_177.jpg,10,0
image_177.jpg,11,2
image_177.jpg,12,2
image_177.jpg,13,0
image_177.jpg,14,0
image_177.jpg,15,0
image_177.jpg,16,0
image_177.jpg,17,0
image_177.jpg,18,0
image_177.jpg,19,2
image_177.jpg,20,2
image_177.jpg,21,0
image_177.jpg,22,0
image_177.jpg,23,1
image_177.jpg,24,0
image_177.jpg,25,0
image_177.jpg,26,0
image_177.jpg,27,0
image_177.jpg,28,0
image_177.jpg,29,0
image_177.jpg,30,0
image_177.jpg,31,0
image_177.jpg,32,0
image_177.jpg,33,3
image_177.jpg,34,3
image_177.jpg,35,0
image_177.jpg,36,0
image_177.jpg,37,0
image_177.jpg,38,0
image_177.jpg,39,0
image_177.jpg,40,0
image_177.jpg,41,3
image_177.jpg,42,3
image_177.jpg,43,0
image_177.jpg,44,0
image_177.jpg,45,0
image_177.jpg,46,0
image_177.jpg,47,0
image_177.jpg,48,0
image_177.jpg,49,0
image_177.jpg,50,3
image_177.jpg,51,0
image_177.jpg,52,0
image_177.jpg,53,0
image_177.jpg,54,0
image_177.jpg,55,0
image_177.jpg,56,0
image_177.jpg,57,0
image_177.jpg,58,3
image_177.jpg,59,0
image_177.jpg,60,0
image_177.jpg,61,0
image_177.jpg,62,0
image_177.jpg,63,0
image_177.jpg,64,0
image_178.jpg,1,0
image_178.jpg,2,0
image_178.jpg,3,0
image_178.jpg,4,0
image_178.jpg,5,0
image_178.jpg,6,2
image_178.jpg,7,2
image_178.jpg,8,0
image_178.jpg,9,0
image_178.jpg,10,0
image_178.jpg,11,0
image_178.jpg,12,0
image_178.jpg,13,0
image_178.jpg,14,2
image_178.jpg,15,2
image_178.jpg,16,0
image_178.jpg,17,0
image_178.jpg,18,0
image_178.jpg,19,0
image_178.jpg,20,0
image_178.jpg,21,0
image_178.jpg,22,0
image_178.jpg,23,0
image_178.jpg,24,0
image_178.jpg,25,1
image_178.jpg,26,0
image_178.jpg,27,0
image_178.jpg,28,0
image_178.jpg,29,0
image_178.jpg,30,0
image_178.jpg,31,0
image_178.jpg,32,0
image_178.jpg,33,0
image_178.jpg,34,0
image_178.jpg,35,0
image_178.jpg,36,3
image_178.jpg,37,0
image_178.jpg,38,0
image_178.jpg,39,0
image_178.jpg,40,0
image_178.jpg,41,0
image_178.jpg,42,0
image_178.jpg,43,0
image_178.jpg,44,3
image_178.jpg,45,0
image_178.jpg,46,0
image_178.jpg,47,0
image_178.jpg,48,0
image_178.jpg,49,0
image_178.jpg,50,0
image_178.jpg,51,0
image_178.jpg,52,3
image_178.jpg,53,0
image_178.jpg,54,0
image_178.jpg,55,0
image_178.jpg,56,0
image_178.jpg,57,0
image_178.jpg,58,0
image_178.jpg,59,0
image_178.jpg,60,3
image_178.jpg,61,0
image_178.jpg,62,0
image_178.jpg,63,0
image_178.jpg,64,0
image_179.jpg,1,0
image_179.jpg,2,0
image_179.jpg,3,0
image_179.jpg,4,2
image_179.jpg,5,0
image_179.jpg,6,0
image_179.jpg,7,0
image_179.jpg,8,0
image_179.jpg,9,0
image_179.jpg,10,0
image_179.jpg,11,2
image_179.jpg,12,2
image_179.jpg,13,0
image_179.jpg,14,0
image_179.jpg,15,0
image_179.jpg,16,0
image_179.jpg,17,0
image_179.jpg,18,0
image_179.jpg,19,2
image_179.jpg,20,2
image_179.jpg,21,0
image_179.jpg,22,0
image_179.jpg,23,0
image_179.jpg,24,0
image_179.jpg,25,0
image_179.jpg,26,0
image_179.jpg,27,0
image_179.jpg,28,0
image_179.jpg,29,0
image_179.jpg,30,0
image_179.jpg,31,0
image_179.jpg,32,0
image_179.jpg,33,0
image_179.jpg,34,0
image_179.jpg,35,0
image_179.jpg,36,0
image_179.jpg,37,0
image_179.jpg,38,0
image_179.jpg,39,0
image_179.jpg,40,0
image_179.jpg,41,0
image_179.jpg,42,0
image_179.jpg,43,0
image_179.jpg,44,0
image_179.jpg,45,0
image_179.jpg,46,0
image_179.jpg,47,0
image_179.jpg,48,0
image_179.jpg,49,0
image_179.jpg,50,0
image_179.jpg,51,0
image_179.jpg,52,0
image_179.jpg,53,0
image_179.jpg,54,0
image_179.jpg,55,0
image_179.jpg,56,0
image_179.jpg,57,0
image_179.jpg,58,0
image_179.jpg,59,0
image_179.jpg,60,0
image_179.jpg,61,0
image_179.jpg,62,0
image_179.jpg,63,0
image_179.jpg,64,0
image_181.jpg,1,0
image_181.jpg,2,0
image_181.jpg,3,0
image_181.jpg,4,0
image_181.jpg,5,0
image_181.jpg,6,0
image_181.jpg,7,0
image_181.jpg,8,0
image_181.jpg,9,0
image_181.jpg,10,0
image_181.jpg,11,0
image_181.jpg,12,0
image_181.jpg,13,0
image_181.jpg,14,0
image_181.jpg,15,0
image_181.jpg,16,0
image_181.jpg,17,0
image_181.jpg,18,0
image_181.jpg,19,0
image_181.jpg,20,0
image_181.jpg,21,0
image_181.jpg,22,0
image_181.jpg,23,0
image_181.jpg,24,0
image_181.jpg,25,0
image_181.jpg,26,0
image_181.jpg,27,0
image_181.jpg,28,0
image_181.jpg,29,0
image_181.jpg,30,0
image_181.jpg,31,0
image_181.jpg,32,0
image_181.jpg,33,0
image_181.jpg,34,0
image_181.jpg,35,0
image_181.jpg,36,0
image_181.jpg,37,0
image_181.jpg,38,0
image_181.jpg,39,2
image_181.jpg,40,2
image_181.jpg,41,0
image_181.jpg,42,3
image_181.jpg,43,0
image_181.jpg,44,0
image_181.jpg,45,0
image_181.jpg,46,2
image_181.jpg,47,2
image_181.jpg,48,2
image_181.jpg,49,0
image_181.jpg,50,3
image_181.jpg,51,0
image_181.jpg,52,0
image_181.jpg,53,0
image_181.jpg,54,0
image_181.jpg,55,0
image_181.jpg,56,0
image_181.jpg,57,0
image_181.jpg,58,3
image_181.jpg,59,0
image_181.jpg,60,0
image_181.jpg,61,0
image_181.jpg,62,0
image_181.jpg,63,0
image_181.jpg,64,0
image_182.jpg,1,0
image_182.jpg,2,0
image_182.jpg,3,0
image_182.jpg,4,0
image_182.jpg,5,0
image_182.jpg,6,0
image_182.jpg,7,0
image_182.jpg,8,0
image_182.jpg,9,0
image_182.jpg,10,0
image_182.jpg,11,0
image_182.jpg,12,0
image_182.jpg,13,2
image_182.jpg,14,2
image_182.jpg,15,0
image_182.jpg,16,0
image_182.jpg,17,0
image_182.jpg,18,0
image_182.jpg,19,0
image_182.jpg,20,0
image_182.jpg,21,2
image_182.jpg,22,2
image_182.jpg,23,0
image_182.jpg,24,0
image_182.jpg,25,0
image_182.jpg,26,0
image_182.jpg,27,0
image_182.jpg,28,0
image_182.jpg,29,0
image_182.jpg,30,0
image_182.jpg,31,0
image_182.jpg,32,0
image_182.jpg,33,0
image_182.jpg,34,0
image_182.jpg,35,0
image_182.jpg,36,0
image_182.jpg,37,0
image_182.jpg,38,0
image_182.jpg,39,0
image_182.jpg,40,0
image_182.jpg,41,0
image_182.jpg,42,0
image_182.jpg,43,0
image_182.jpg,44,0
image_182.jpg,45,0
image_182.jpg,46,0
image_182.jpg,47,0
image_182.jpg,48,3
image_182.jpg,49,0
image_182.jpg,50,0
image_182.jpg,51,0
image_182.jpg,52,0
image_182.jpg,53,0
image_182.jpg,54,0
image_182.jpg,55,0
image_182.jpg,56,3
image_182.jpg,57,0
image_182.jpg,58,0
image_182.jpg,59,0
image_182.jpg,60,0
image_182.jpg,61,0
image_182.jpg,62,0
image_182.jpg,63,0
image_182.jpg,64,3
