image_name,cell_number,col_number,row_number,label
image_1.jpg,1,1,1,0
image_1.jpg,2,2,1,0
image_1.jpg,3,3,1,0
image_1.jpg,4,4,1,0
image_1.jpg,5,5,1,2
image_1.jpg,6,6,1,0
image_1.jpg,7,7,1,0
image_1.jpg,8,8,1,0
image_1.jpg,9,1,2,0
image_1.jpg,10,2,2,0
image_1.jpg,11,3,2,0
image_1.jpg,12,4,2,0
image_1.jpg,13,5,2,2
image_1.jpg,14,6,2,2
image_1.jpg,15,7,2,0
image_1.jpg,16,8,2,0
image_1.jpg,17,1,3,0
image_1.jpg,18,2,3,0
image_1.jpg,19,3,3,0
image_1.jpg,20,4,3,0
image_1.jpg,21,5,3,0
image_1.jpg,22,6,3,0
image_1.jpg,23,7,3,0
image_1.jpg,24,8,3,0
image_1.jpg,25,1,4,0
image_1.jpg,26,2,4,0
image_1.jpg,27,3,4,0
image_1.jpg,28,4,4,0
image_1.jpg,29,5,4,0
image_1.jpg,30,6,4,0
image_1.jpg,31,7,4,0
image_1.jpg,32,8,4,0
image_1.jpg,33,1,5,0
image_1.jpg,34,2,5,0
image_1.jpg,35,3,5,0
image_1.jpg,36,4,5,0
image_1.jpg,37,5,5,0
image_1.jpg,38,6,5,0
image_1.jpg,39,7,5,0
image_1.jpg,40,8,5,0
image_1.jpg,41,1,6,0
image_1.jpg,42,2,6,0
image_1.jpg,43,3,6,0
image_1.jpg,44,4,6,3
image_1.jpg,45,5,6,0
image_1.jpg,46,6,6,0
image_1.jpg,47,7,6,0
image_1.jpg,48,8,6,0
image_1.jpg,49,1,7,0
image_1.jpg,50,2,7,0
image_1.jpg,51,3,7,0
image_1.jpg,52,4,7,3
image_1.jpg,53,5,7,0
image_1.jpg,54,6,7,0
image_1.jpg,55,7,7,0
image_1.jpg,56,8,7,0
image_1.jpg,57,1,8,0
image_1.jpg,58,2,8,0
image_1.jpg,59,3,8,0
image_1.jpg,60,4,8,3
image_1.jpg,61,5,8,3
image_1.jpg,62,6,8,0
image_1.jpg,63,7,8,0
image_1.jpg,64,8,8,0
image_10.jpg,1,1,1,0
image_10.jpg,2,2,1,0
image_10.jpg,3,3,1,0
image_10.jpg,4,4,1,0
image_10.jpg,5,5,1,0
image_10.jpg,6,6,1,0
image_10.jpg,7,7,1,0
image_10.jpg,8,8,1,0
image_10.jpg,9,1,2,0
image_10.jpg,10,2,2,0
image_10.jpg,11,3,2,2
image_10.jpg,12,4,2,2
image_10.jpg,13,5,2,2
image_10.jpg,14,6,2,0
image_10.jpg,15,7,2,0
image_10.jpg,16,8,2,0
image_10.jpg,17,1,3,0
image_10.jpg,18,2,3,0
image_10.jpg,19,3,3,0
image_10.jpg,20,4,3,0
image_10.jpg,21,5,3,0
image_10.jpg,22,6,3,0
image_10.jpg,23,7,3,0
image_10.jpg,24,8,3,0
image_10.jpg,25,1,4,0
image_10.jpg,26,2,4,0
image_10.jpg,27,3,4,0
image_10.jpg,28,4,4,0
image_10.jpg,29,5,4,0
image_10.jpg,30,6,4,0
image_10.jpg,31,7,4,0
image_10.jpg,32,8,4,0
image_10.jpg,33,1,5,0
image_10.jpg,34,2,5,0
image_10.jpg,35,3,5,0
image_10.jpg,36,4,5,0
image_10.jpg,37,5,5,0
image_10.jpg,38,6,5,0
image_10.jpg,39,7,5,0
image_10.jpg,40,8,5,0
image_10.jpg,41,1,6,0
image_10.jpg,42,2,6,0
image_10.jpg,43,3,6,0
image_10.jpg,44,4,6,0
image_10.jpg,45,5,6,3
image_10.jpg,46,6,6,0
image_10.jpg,47,7,6,0
image_10.jpg,48,8,6,0
image_10.jpg,49,1,7,0
image_10.jpg,50,2,7,0
image_10.jpg,51,3,7,0
image_10.jpg,52,4,7,0
image_10.jpg,53,5,7,3
image_10.jpg,54,6,7,0
image_10.jpg,55,7,7,0
image_10.jpg,56,8,7,0
image_10.jpg,57,1,8,0
image_10.jpg,58,2,8,0
image_10.jpg,59,3,8,0
image_10.jpg,60,4,8,0
image_10.jpg,61,5,8,3
image_10.jpg,62,6,8,0
image_10.jpg,63,7,8,0
image_10.jpg,64,8,8,0
image_11.jpg,1,1,1,0
image_11.jpg,2,2,1,0
image_11.jpg,3,3,1,2
image_11.jpg,4,4,1,2
image_11.jpg,5,5,1,0
image_11.jpg,6,6,1,0
image_11.jpg,7,7,1,0
image_11.jpg,8,8,1,0
image_11.jpg,9,1,2,0
image_11.jpg,10,2,2,0
image_11.jpg,11,3,2,0
image_11.jpg,12,4,2,2
image_11.jpg,13,5,2,2
image_11.jpg,14,6,2,0
image_11.jpg,15,7,2,0
image_11.jpg,16,8,2,0
image_11.jpg,17,1,3,0
image_11.jpg,18,2,3,0
image_11.jpg,19,3,3,0
image_11.jpg,20,4,3,0
image_11.jpg,21,5,3,2
image_11.jpg,22,6,3,0
image_11.jpg,23,7,3,0
image_11.jpg,24,8,3,0
image_11.jpg,25,1,4,0
image_11.jpg,26,2,4,0
image_11.jpg,27,3,4,0
image_11.jpg,28,4,4,0
image_11.jpg,29,5,4,2
image_11.jpg,30,6,4,2
image_11.jpg,31,7,4,0
image_11.jpg,32,8,4,0
image_11.jpg,33,1,5,0
image_11.jpg,34,2,5,0
image_11.jpg,35,3,5,0
image_11.jpg,36,4,5,0
image_11.jpg,37,5,5,0
image_11.jpg,38,6,5,0
image_11.jpg,39,7,5,0
image_11.jpg,40,8,5,0
image_11.jpg,41,1,6,0
image_11.jpg,42,2,6,0
image_11.jpg,43,3,6,0
image_11.jpg,44,4,6,0
image_11.jpg,45,5,6,0
image_11.jpg,46,6,6,0
image_11.jpg,47,7,6,0
image_11.jpg,48,8,6,0
image_11.jpg,49,1,7,0
image_11.jpg,50,2,7,0
image_11.jpg,51,3,7,0
image_11.jpg,52,4,7,0
image_11.jpg,53,5,7,0
image_11.jpg,54,6,7,0
image_11.jpg,55,7,7,0
image_11.jpg,56,8,7,0
image_11.jpg,57,1,8,0
image_11.jpg,58,2,8,0
image_11.jpg,59,3,8,0
image_11.jpg,60,4,8,0
image_11.jpg,61,5,8,0
image_11.jpg,62,6,8,0
image_11.jpg,63,7,8,0
image_11.jpg,64,8,8,0
image_12.jpg,1,1,1,0
image_12.jpg,2,2,1,0
image_12.jpg,3,3,1,0
image_12.jpg,4,4,1,0
image_12.jpg,5,5,1,0
image_12.jpg,6,6,1,0
image_12.jpg,7,7,1,0
image_12.jpg,8,8,1,0
image_12.jpg,9,1,2,0
image_12.jpg,10,2,2,0
image_12.jpg,11,3,2,0
image_12.jpg,12,4,2,0
image_12.jpg,13,5,2,0
image_12.jpg,14,6,2,0
image_12.jpg,15,7,2,0
image_12.jpg,16,8,2,0
image_12.jpg,17,1,3,0
image_12.jpg,18,2,3,0
image_12.jpg,19,3,3,0
image_12.jpg,20,4,3,0
image_12.jpg,21,5,3,0
image_12.jpg,22,6,3,0
image_12.jpg,23,7,3,0
image_12.jpg,24,8,3,0
image_12.jpg,25,1,4,0
image_12.jpg,26,2,4,0
image_12.jpg,27,3,4,0
image_12.jpg,28,4,4,0
image_12.jpg,29,5,4,0
image_12.jpg,30,6,4,0
image_12.jpg,31,7,4,0
image_12.jpg,32,8,4,0
image_12.jpg,33,1,5,0
image_12.jpg,34,2,5,0
image_12.jpg,35,3,5,0
image_12.jpg,36,4,5,0
image_12.jpg,37,5,5,0
image_12.jpg,38,6,5,0
image_12.jpg,39,7,5,0
image_12.jpg,40,8,5,0
image_12.jpg,41,1,6,0
image_12.jpg,42,2,6,0
image_12.jpg,43,3,6,0
image_12.jpg,44,4,6,0
image_12.jpg,45,5,6,0
image_12.jpg,46,6,6,0
image_12.jpg,47,7,6,0
image_12.jpg,48,8,6,0
image_12.jpg,49,1,7,0
image_12.jpg,50,2,7,0
image_12.jpg,51,3,7,0
image_12.jpg,52,4,7,0
image_12.jpg,53,5,7,0
image_12.jpg,54,6,7,0
image_12.jpg,55,7,7,0
image_12.jpg,56,8,7,0
image_12.jpg,57,1,8,0
image_12.jpg,58,2,8,0
image_12.jpg,59,3,8,0
image_12.jpg,60,4,8,0
image_12.jpg,61,5,8,0
image_12.jpg,62,6,8,0
image_12.jpg,63,7,8,0
image_12.jpg,64,8,8,0
image_13.jpg,1,1,1,0
image_13.jpg,2,2,1,0
image_13.jpg,3,3,1,0
image_13.jpg,4,4,1,0
image_13.jpg,5,5,1,2
image_13.jpg,6,6,1,0
image_13.jpg,7,7,1,0
image_13.jpg,8,8,1,0
image_13.jpg,9,1,2,0
image_13.jpg,10,2,2,0
image_13.jpg,11,3,2,0
image_13.jpg,12,4,2,0
image_13.jpg,13,5,2,2
image_13.jpg,14,6,2,0
image_13.jpg,15,7,2,0
image_13.jpg,16,8,2,0
image_13.jpg,17,1,3,0
image_13.jpg,18,2,3,0
image_13.jpg,19,3,3,0
image_13.jpg,20,4,3,0
image_13.jpg,21,5,3,0
image_13.jpg,22,6,3,0
image_13.jpg,23,7,3,0
image_13.jpg,24,8,3,0
image_13.jpg,25,1,4,0
image_13.jpg,26,2,4,0
image_13.jpg,27,3,4,0
image_13.jpg,28,4,4,0
image_13.jpg,29,5,4,0
image_13.jpg,30,6,4,0
image_13.jpg,31,7,4,0
image_13.jpg,32,8,4,0
image_13.jpg,33,1,5,0
image_13.jpg,34,2,5,0
image_13.jpg,35,3,5,0
image_13.jpg,36,4,5,0
image_13.jpg,37,5,5,0
image_13.jpg,38,6,5,0
image_13.jpg,39,7,5,0
image_13.jpg,40,8,5,0
image_13.jpg,41,1,6,0
image_13.jpg,42,2,6,0
image_13.jpg,43,3,6,3
image_13.jpg,44,4,6,3
image_13.jpg,45,5,6,0
image_13.jpg,46,6,6,0
image_13.jpg,47,7,6,0
image_13.jpg,48,8,6,0
image_13.jpg,49,1,7,0
image_13.jpg,50,2,7,0
image_13.jpg,51,3,7,3
image_13.jpg,52,4,7,3
image_13.jpg,53,5,7,0
image_13.jpg,54,6,7,0
image_13.jpg,55,7,7,0
image_13.jpg,56,8,7,0
image_13.jpg,57,1,8,0
image_13.jpg,58,2,8,0
image_13.jpg,59,3,8,3
image_13.jpg,60,4,8,3
image_13.jpg,61,5,8,0
image_13.jpg,62,6,8,0
image_13.jpg,63,7,8,0
image_13.jpg,64,8,8,0
image_14.jpg,1,1,1,0
image_14.jpg,2,2,1,0
image_14.jpg,3,3,1,0
image_14.jpg,4,4,1,0
image_14.jpg,5,5,1,0
image_14.jpg,6,6,1,0
image_14.jpg,7,7,1,0
image_14.jpg,8,8,1,0
image_14.jpg,9,1,2,0
image_14.jpg,10,2,2,0
image_14.jpg,11,3,2,0
image_14.jpg,12,4,2,0
image_14.jpg,13,5,2,0
image_14.jpg,14,6,2,2
image_14.jpg,15,7,2,0
image_14.jpg,16,8,2,0
image_14.jpg,17,1,3,0
image_14.jpg,18,2,3,0
image_14.jpg,19,3,3,0
image_14.jpg,20,4,3,0
image_14.jpg,21,5,3,0
image_14.jpg,22,6,3,2
image_14.jpg,23,7,3,0
image_14.jpg,24,8,3,0
image_14.jpg,25,1,4,0
image_14.jpg,26,2,4,0
image_14.jpg,27,3,4,1
image_14.jpg,28,4,4,0
image_14.jpg,29,5,4,0
image_14.jpg,30,6,4,2
image_14.jpg,31,7,4,0
image_14.jpg,32,8,4,0
image_14.jpg,33,1,5,3
image_14.jpg,34,2,5,3
image_14.jpg,35,3,5,0
image_14.jpg,36,4,5,0
image_14.jpg,37,5,5,0
image_14.jpg,38,6,5,2
image_14.jpg,39,7,5,0
image_14.jpg,40,8,5,0
image_14.jpg,41,1,6,3
image_14.jpg,42,2,6,3
image_14.jpg,43,3,6,0
image_14.jpg,44,4,6,0
image_14.jpg,45,5,6,0
image_14.jpg,46,6,6,0
image_14.jpg,47,7,6,0
image_14.jpg,48,8,6,0
image_14.jpg,49,1,7,3
image_14.jpg,50,2,7,3
image_14.jpg,51,3,7,0
image_14.jpg,52,4,7,0
image_14.jpg,53,5,7,0
image_14.jpg,54,6,7,0
image_14.jpg,55,7,7,0
image_14.jpg,56,8,7,0
image_14.jpg,57,1,8,3
image_14.jpg,58,2,8,3
image_14.jpg,59,3,8,0
image_14.jpg,60,4,8,0
image_14.jpg,61,5,8,0
image_14.jpg,62,6,8,0
image_14.jpg,63,7,8,0
image_14.jpg,64,8,8,0
image_15.jpg,1,1,1,0
image_15.jpg,2,2,1,0
image_15.jpg,3,3,1,0
image_15.jpg,4,4,1,0
image_15.jpg,5,5,1,0
image_15.jpg,6,6,1,0
image_15.jpg,7,7,1,0
image_15.jpg,8,8,1,0
image_15.jpg,9,1,2,0
image_15.jpg,10,2,2,2
image_15.jpg,11,3,2,2
image_15.jpg,12,4,2,0
image_15.jpg,13,5,2,0
image_15.jpg,14,6,2,0
image_15.jpg,15,7,2,0
image_15.jpg,16,8,2,0
image_15.jpg,17,1,3,2
image_15.jpg,18,2,3,2
image_15.jpg,19,3,3,0
image_15.jpg,20,4,3,0
image_15.jpg,21,5,3,0
image_15.jpg,22,6,3,0
image_15.jpg,23,7,3,0
image_15.jpg,24,8,3,0
image_15.jpg,25,1,4,2
image_15.jpg,26,2,4,2
image_15.jpg,27,3,4,0
image_15.jpg,28,4,4,0
image_15.jpg,29,5,4,0
image_15.jpg,30,6,4,0
image_15.jpg,31,7,4,0
image_15.jpg,32,8,4,0
image_15.jpg,33,1,5,0
image_15.jpg,34,2,5,3
image_15.jpg,35,3,5,0
image_15.jpg,36,4,5,0
image_15.jpg,37,5,5,0
image_15.jpg,38,6,5,0
image_15.jpg,39,7,5,0
image_15.jpg,40,8,5,0
image_15.jpg,41,1,6,0
image_15.jpg,42,2,6,3
image_15.jpg,43,3,6,0
image_15.jpg,44,4,6,0
image_15.jpg,45,5,6,0
image_15.jpg,46,6,6,0
image_15.jpg,47,7,6,0
image_15.jpg,48,8,6,0
image_15.jpg,49,1,7,0
image_15.jpg,50,2,7,3
image_15.jpg,51,3,7,0
image_15.jpg,52,4,7,0
image_15.jpg,53,5,7,0
image_15.jpg,54,6,7,0
image_15.jpg,55,7,7,0
image_15.jpg,56,8,7,0
image_15.jpg,57,1,8,0
image_15.jpg,58,2,8,3
image_15.jpg,59,3,8,0
image_15.jpg,60,4,8,0
image_15.jpg,61,5,8,0
image_15.jpg,62,6,8,0
image_15.jpg,63,7,8,0
image_15.jpg,64,8,8,0
image_16.jpg,1,1,1,0
image_16.jpg,2,2,1,0
image_16.jpg,3,3,1,0
image_16.jpg,4,4,1,0
image_16.jpg,5,5,1,2
image_16.jpg,6,6,1,0
image_16.jpg,7,7,1,0
image_16.jpg,8,8,1,0
image_16.jpg,9,1,2,0
image_16.jpg,10,2,2,0
image_16.jpg,11,3,2,0
image_16.jpg,12,4,2,0
image_16.jpg,13,5,2,2
image_16.jpg,14,6,2,0
image_16.jpg,15,7,2,0
image_16.jpg,16,8,2,0
image_16.jpg,17,1,3,0
image_16.jpg,18,2,3,0
image_16.jpg,19,3,3,0
image_16.jpg,20,4,3,0
image_16.jpg,21,5,3,2
image_16.jpg,22,6,3,0
image_16.jpg,23,7,3,0
image_16.jpg,24,8,3,0
image_16.jpg,25,1,4,0
image_16.jpg,26,2,4,0
image_16.jpg,27,3,4,0
image_16.jpg,28,4,4,0
image_16.jpg,29,5,4,0
image_16.jpg,30,6,4,0
image_16.jpg,31,7,4,0
image_16.jpg,32,8,4,0
image_16.jpg,33,1,5,0
image_16.jpg,34,2,5,3
image_16.jpg,35,3,5,0
image_16.jpg,36,4,5,0
image_16.jpg,37,5,5,0
image_16.jpg,38,6,5,0
image_16.jpg,39,7,5,0
image_16.jpg,40,8,5,0
image_16.jpg,41,1,6,0
image_16.jpg,42,2,6,3
image_16.jpg,43,3,6,0
image_16.jpg,44,4,6,0
image_16.jpg,45,5,6,0
image_16.jpg,46,6,6,0
image_16.jpg,47,7,6,0
image_16.jpg,48,8,6,0
image_16.jpg,49,1,7,0
image_16.jpg,50,2,7,3
image_16.jpg,51,3,7,0
image_16.jpg,52,4,7,0
image_16.jpg,53,5,7,0
image_16.jpg,54,6,7,0
image_16.jpg,55,7,7,0
image_16.jpg,56,8,7,0
image_16.jpg,57,1,8,0
image_16.jpg,58,2,8,3
image_16.jpg,59,3,8,0
image_16.jpg,60,4,8,0
image_16.jpg,61,5,8,0
image_16.jpg,62,6,8,0
image_16.jpg,63,7,8,0
image_16.jpg,64,8,8,0
image_17.jpg,1,1,1,0
image_17.jpg,2,2,1,0
image_17.jpg,3,3,1,0
image_17.jpg,4,4,1,0
image_17.jpg,5,5,1,0
image_17.jpg,6,6,1,2
image_17.jpg,7,7,1,0
image_17.jpg,8,8,1,0
image_17.jpg,9,1,2,0
image_17.jpg,10,2,2,0
image_17.jpg,11,3,2,0
image_17.jpg,12,4,2,0
image_17.jpg,13,5,2,2
image_17.jpg,14,6,2,2
image_17.jpg,15,7,2,0
image_17.jpg,16,8,2,0
image_17.jpg,17,1,3,0
image_17.jpg,18,2,3,0
image_17.jpg,19,3,3,0
image_17.jpg,20,4,3,0
image_17.jpg,21,5,3,0
image_17.jpg,22,6,3,0
image_17.jpg,23,7,3,0
image_17.jpg,24,8,3,0
image_17.jpg,25,1,4,0
image_17.jpg,26,2,4,0
image_17.jpg,27,3,4,0
image_17.jpg,28,4,4,0
image_17.jpg,29,5,4,0
image_17.jpg,30,6,4,0
image_17.jpg,31,7,4,0
image_17.jpg,32,8,4,0
image_17.jpg,33,1,5,0
image_17.jpg,34,2,5,0
image_17.jpg,35,3,5,0
image_17.jpg,36,4,5,3
image_17.jpg,37,5,5,0
image_17.jpg,38,6,5,0
image_17.jpg,39,7,5,0
image_17.jpg,40,8,5,0
image_17.jpg,41,1,6,0
image_17.jpg,42,2,6,0
image_17.jpg,43,3,6,0
image_17.jpg,44,4,6,3
image_17.jpg,45,5,6,0
image_17.jpg,46,6,6,0
image_17.jpg,47,7,6,0
image_17.jpg,48,8,6,0
image_17.jpg,49,1,7,0
image_17.jpg,50,2,7,0
image_17.jpg,51,3,7,0
image_17.jpg,52,4,7,3
image_17.jpg,53,5,7,0
image_17.jpg,54,6,7,0
image_17.jpg,55,7,7,0
image_17.jpg,56,8,7,0
image_17.jpg,57,1,8,0
image_17.jpg,58,2,8,0
image_17.jpg,59,3,8,0
image_17.jpg,60,4,8,3
image_17.jpg,61,5,8,0
image_17.jpg,62,6,8,0
image_17.jpg,63,7,8,0
image_17.jpg,64,8,8,0
image_18.jpg,1,1,1,0
image_18.jpg,2,2,1,0
image_18.jpg,3,3,1,0
image_18.jpg,4,4,1,0
image_18.jpg,5,5,1,2
image_18.jpg,6,6,1,2
image_18.jpg,7,7,1,0
image_18.jpg,8,8,1,0
image_18.jpg,9,1,2,0
image_18.jpg,10,2,2,0
image_18.jpg,11,3,2,0
image_18.jpg,12,4,2,2
image_18.jpg,13,5,2,2
image_18.jpg,14,6,2,0
image_18.jpg,15,7,2,0
image_18.jpg,16,8,2,0
image_18.jpg,17,1,3,0
image_18.jpg,18,2,3,0
image_18.jpg,19,3,3,0
image_18.jpg,20,4,3,0
image_18.jpg,21,5,3,0
image_18.jpg,22,6,3,0
image_18.jpg,23,7,3,0
image_18.jpg,24,8,3,0
image_18.jpg,25,1,4,0
image_18.jpg,26,2,4,0
image_18.jpg,27,3,4,0
image_18.jpg,28,4,4,0
image_18.jpg,29,5,4,0
image_18.jpg,30,6,4,0
image_18.jpg,31,7,4,0
image_18.jpg,32,8,4,0
image_18.jpg,33,1,5,0
image_18.jpg,34,2,5,0
image_18.jpg,35,3,5,0
image_18.jpg,36,4,5,0
image_18.jpg,37,5,5,0
image_18.jpg,38,6,5,0
image_18.jpg,39,7,5,0
image_18.jpg,40,8,5,0
image_18.jpg,41,1,6,3
image_18.jpg,42,2,6,3
image_18.jpg,43,3,6,0
image_18.jpg,44,4,6,0
image_18.jpg,45,5,6,0
image_18.jpg,46,6,6,0
image_18.jpg,47,7,6,0
image_18.jpg,48,8,6,0
image_18.jpg,49,1,7,3
image_18.jpg,50,2,7,3
image_18.jpg,51,3,7,0
image_18.jpg,52,4,7,0
image_18.jpg,53,5,7,0
image_18.jpg,54,6,7,0
image_18.jpg,55,7,7,0
image_18.jpg,56,8,7,0
image_18.jpg,57,1,8,3
image_18.jpg,58,2,8,3
image_18.jpg,59,3,8,0
image_18.jpg,60,4,8,0
image_18.jpg,61,5,8,0
image_18.jpg,62,6,8,0
image_18.jpg,63,7,8,0
image_18.jpg,64,8,8,0
image_19.jpg,1,1,1,0
image_19.jpg,2,2,1,0
image_19.jpg,3,3,1,0
image_19.jpg,4,4,1,0
image_19.jpg,5,5,1,0
image_19.jpg,6,6,1,2
image_19.jpg,7,7,1,0
image_19.jpg,8,8,1,0
image_19.jpg,9,1,2,0
image_19.jpg,10,2,2,0
image_19.jpg,11,3,2,0
image_19.jpg,12,4,2,0
image_19.jpg,13,5,2,0
image_19.jpg,14,6,2,2
image_19.jpg,15,7,2,0
image_19.jpg,16,8,2,0
image_19.jpg,17,1,3,0
image_19.jpg,18,2,3,0
image_19.jpg,19,3,3,0
image_19.jpg,20,4,3,0
image_19.jpg,21,5,3,0
image_19.jpg,22,6,3,2
image_19.jpg,23,7,3,0
image_19.jpg,24,8,3,0
image_19.jpg,25,1,4,0
image_19.jpg,26,2,4,0
image_19.jpg,27,3,4,0
image_19.jpg,28,4,4,0
image_19.jpg,29,5,4,0
image_19.jpg,30,6,4,0
image_19.jpg,31,7,4,0
image_19.jpg,32,8,4,0
image_19.jpg,33,1,5,0
image_19.jpg,34,2,5,0
image_19.jpg,35,3,5,0
image_19.jpg,36,4,5,0
image_19.jpg,37,5,5,0
image_19.jpg,38,6,5,0
image_19.jpg,39,7,5,0
image_19.jpg,40,8,5,0
image_19.jpg,41,1,6,0
image_19.jpg,42,2,6,0
image_19.jpg,43,3,6,3
image_19.jpg,44,4,6,0
image_19.jpg,45,5,6,0
image_19.jpg,46,6,6,0
image_19.jpg,47,7,6,0
image_19.jpg,48,8,6,0
image_19.jpg,49,1,7,0
image_19.jpg,50,2,7,0
image_19.jpg,51,3,7,3
image_19.jpg,52,4,7,0
image_19.jpg,53,5,7,0
image_19.jpg,54,6,7,0
image_19.jpg,55,7,7,0
image_19.jpg,56,8,7,0
image_19.jpg,57,1,8,0
image_19.jpg,58,2,8,0
image_19.jpg,59,3,8,3
image_19.jpg,60,4,8,0
image_19.jpg,61,5,8,0
image_19.jpg,62,6,8,0
image_19.jpg,63,7,8,0
image_19.jpg,64,8,8,0
image_2.jpg,1,1,1,0
image_2.jpg,2,2,1,0
image_2.jpg,3,3,1,0
image_2.jpg,4,4,1,0
image_2.jpg,5,5,1,0
image_2.jpg,6,6,1,0
image_2.jpg,7,7,1,0
image_2.jpg,8,8,1,0
image_2.jpg,9,1,2,0
image_2.jpg,10,2,2,2
image_2.jpg,11,3,2,2
image_2.jpg,12,4,2,0
image_2.jpg,13,5,2,0
image_2.jpg,14,6,2,0
image_2.jpg,15,7,2,0
image_2.jpg,16,8,2,0
image_2.jpg,17,1,3,0
image_2.jpg,18,2,3,2
image_2.jpg,19,3,3,0
image_2.jpg,20,4,3,0
image_2.jpg,21,5,3,0
image_2.jpg,22,6,3,0
image_2.jpg,23,7,3,0
image_2.jpg,24,8,3,0
image_2.jpg,25,1,4,0
image_2.jpg,26,2,4,2
image_2.jpg,27,3,4,0
image_2.jpg,28,4,4,0
image_2.jpg,29,5,4,0
image_2.jpg,30,6,4,0
image_2.jpg,31,7,4,0
image_2.jpg,32,8,4,0
image_2.jpg,33,1,5,0
image_2.jpg,34,2,5,2
image_2.jpg,35,3,5,0
image_2.jpg,36,4,5,0
image_2.jpg,37,5,5,0
image_2.jpg,38,6,5,0
image_2.jpg,39,7,5,3
image_2.jpg,40,8,5,3
image_2.jpg,41,1,6,0
image_2.jpg,42,2,6,0
image_2.jpg,43,3,6,0
image_2.jpg,44,4,6,0
image_2.jpg,45,5,6,0
image_2.jpg,46,6,6,0
image_2.jpg,47,7,6,3
image_2.jpg,48,8,6,3
image_2.jpg,49,1,7,0
image_2.jpg,50,2,7,0
image_2.jpg,51,3,7,0
image_2.jpg,52,4,7,0
image_2.jpg,53,5,7,0
image_2.jpg,54,6,7,0
image_2.jpg,55,7,7,3
image_2.jpg,56,8,7,3
image_2.jpg,57,1,8,0
image_2.jpg,58,2,8,0
image_2.jpg,59,3,8,0
image_2.jpg,60,4,8,0
image_2.jpg,61,5,8,0
image_2.jpg,62,6,8,0
image_2.jpg,63,7,8,3
image_2.jpg,64,8,8,3
image_20.jpg,1,1,1,0
image_20.jpg,2,2,1,0
image_20.jpg,3,3,1,2
image_20.jpg,4,4,1,2
image_20.jpg,5,5,1,0
image_20.jpg,6,6,1,0
image_20.jpg,7,7,1,0
image_20.jpg,8,8,1,0
image_20.jpg,9,1,2,0
image_20.jpg,10,2,2,0
image_20.jpg,11,3,2,2
image_20.jpg,12,4,2,2
image_20.jpg,13,5,2,0
image_20.jpg,14,6,2,0
image_20.jpg,15,7,2,0
image_20.jpg,16,8,2,0
image_20.jpg,17,1,3,0
image_20.jpg,18,2,3,0
image_20.jpg,19,3,3,2
image_20.jpg,20,4,3,2
image_20.jpg,21,5,3,0
image_20.jpg,22,6,3,0
image_20.jpg,23,7,3,0
image_20.jpg,24,8,3,0
image_20.jpg,25,1,4,0
image_20.jpg,26,2,4,0
image_20.jpg,27,3,4,2
image_20.jpg,28,4,4,0
image_20.jpg,29,5,4,0
image_20.jpg,30,6,4,0
image_20.jpg,31,7,4,0
image_20.jpg,32,8,4,0
image_20.jpg,33,1,5,0
image_20.jpg,34,2,5,0
image_20.jpg,35,3,5,0
image_20.jpg,36,4,5,0
image_20.jpg,37,5,5,0
image_20.jpg,38,6,5,0
image_20.jpg,39,7,5,3
image_20.jpg,40,8,5,3
image_20.jpg,41,1,6,0
image_20.jpg,42,2,6,0
image_20.jpg,43,3,6,0
image_20.jpg,44,4,6,0
image_20.jpg,45,5,6,0
image_20.jpg,46,6,6,0
image_20.jpg,47,7,6,3
image_20.jpg,48,8,6,3
image_20.jpg,49,1,7,0
image_20.jpg,50,2,7,0
image_20.jpg,51,3,7,0
image_20.jpg,52,4,7,0
image_20.jpg,53,5,7,0
image_20.jpg,54,6,7,0
image_20.jpg,55,7,7,3
image_20.jpg,56,8,7,3
image_20.jpg,57,1,8,0
image_20.jpg,58,2,8,0
image_20.jpg,59,3,8,0
image_20.jpg,60,4,8,0
image_20.jpg,61,5,8,0
image_20.jpg,62,6,8,0
image_20.jpg,63,7,8,3
image_20.jpg,64,8,8,3
image_21.jpg,1,1,1,0
image_21.jpg,2,2,1,0
image_21.jpg,3,3,1,0
image_21.jpg,4,4,1,2
image_21.jpg,5,5,1,2
image_21.jpg,6,6,1,0
image_21.jpg,7,7,1,0
image_21.jpg,8,8,1,0
image_21.jpg,9,1,2,0
image_21.jpg,10,2,2,0
image_21.jpg,11,3,2,0
image_21.jpg,12,4,2,0
image_21.jpg,13,5,2,2
image_21.jpg,14,6,2,2
image_21.jpg,15,7,2,0
image_21.jpg,16,8,2,0
image_21.jpg,17,1,3,0
image_21.jpg,18,2,3,0
image_21.jpg,19,3,3,0
image_21.jpg,20,4,3,0
image_21.jpg,21,5,3,0
image_21.jpg,22,6,3,0
image_21.jpg,23,7,3,0
image_21.jpg,24,8,3,0
image_21.jpg,25,1,4,0
image_21.jpg,26,2,4,0
image_21.jpg,27,3,4,0
image_21.jpg,28,4,4,0
image_21.jpg,29,5,4,0
image_21.jpg,30,6,4,0
image_21.jpg,31,7,4,0
image_21.jpg,32,8,4,0
image_21.jpg,33,1,5,0
image_21.jpg,34,2,5,3
image_21.jpg,35,3,5,3
image_21.jpg,36,4,5,0
image_21.jpg,37,5,5,0
image_21.jpg,38,6,5,0
image_21.jpg,39,7,5,0
image_21.jpg,40,8,5,0
image_21.jpg,41,1,6,0
image_21.jpg,42,2,6,3
image_21.jpg,43,3,6,3
image_21.jpg,44,4,6,0
image_21.jpg,45,5,6,0
image_21.jpg,46,6,6,0
image_21.jpg,47,7,6,0
image_21.jpg,48,8,6,0
image_21.jpg,49,1,7,0
image_21.jpg,50,2,7,3
image_21.jpg,51,3,7,3
image_21.jpg,52,4,7,0
image_21.jpg,53,5,7,0
image_21.jpg,54,6,7,0
image_21.jpg,55,7,7,0
image_21.jpg,56,8,7,0
image_21.jpg,57,1,8,0
image_21.jpg,58,2,8,3
image_21.jpg,59,3,8,3
image_21.jpg,60,4,8,0
image_21.jpg,61,5,8,0
image_21.jpg,62,6,8,0
image_21.jpg,63,7,8,0
image_21.jpg,64,8,8,0
image_22.jpg,1,1,1,0
image_22.jpg,2,2,1,0
image_22.jpg,3,3,1,0
image_22.jpg,4,4,1,0
image_22.jpg,5,5,1,0
image_22.jpg,6,6,1,0
image_22.jpg,7,7,1,0
image_22.jpg,8,8,1,0
image_22.jpg,9,1,2,0
image_22.jpg,10,2,2,0
image_22.jpg,11,3,2,0
image_22.jpg,12,4,2,0
image_22.jpg,13,5,2,2
image_22.jpg,14,6,2,0
image_22.jpg,15,7,2,0
image_22.jpg,16,8,2,0
image_22.jpg,17,1,3,0
image_22.jpg,18,2,3,0
image_22.jpg,19,3,3,0
image_22.jpg,20,4,3,0
image_22.jpg,21,5,3,2
image_22.jpg,22,6,3,0
image_22.jpg,23,7,3,0
image_22.jpg,24,8,3,0
image_22.jpg,25,1,4,0
image_22.jpg,26,2,4,0
image_22.jpg,27,3,4,0
image_22.jpg,28,4,4,0
image_22.jpg,29,5,4,2
image_22.jpg,30,6,4,0
image_22.jpg,31,7,4,0
image_22.jpg,32,8,4,0
image_22.jpg,33,1,5,0
image_22.jpg,34,2,5,0
image_22.jpg,35,3,5,0
image_22.jpg,36,4,5,0
image_22.jpg,37,5,5,3
image_22.jpg,38,6,5,0
image_22.jpg,39,7,5,0
image_22.jpg,40,8,5,0
image_22.jpg,41,1,6,0
image_22.jpg,42,2,6,0
image_22.jpg,43,3,6,0
image_22.jpg,44,4,6,0
image_22.jpg,45,5,6,3
image_22.jpg,46,6,6,0
image_22.jpg,47,7,6,0
image_22.jpg,48,8,6,0
image_22.jpg,49,1,7,0
image_22.jpg,50,2,7,0
image_22.jpg,51,3,7,0
image_22.jpg,52,4,7,0
image_22.jpg,53,5,7,3
image_22.jpg,54,6,7,0
image_22.jpg,55,7,7,0
image_22.jpg,56,8,7,0
image_22.jpg,57,1,8,0
image_22.jpg,58,2,8,0
image_22.jpg,59,3,8,0
image_22.jpg,60,4,8,0
image_22.jpg,61,5,8,3
image_22.jpg,62,6,8,0
image_22.jpg,63,7,8,0
image_22.jpg,64,8,8,0
image_23.jpg,1,1,1,0
image_23.jpg,2,2,1,0
image_23.jpg,3,3,1,2
image_23.jpg,4,4,1,2
image_23.jpg,5,5,1,0
image_23.jpg,6,6,1,0
image_23.jpg,7,7,1,0
image_23.jpg,8,8,1,0
image_23.jpg,9,1,2,0
image_23.jpg,10,2,2,0
image_23.jpg,11,3,2,2
image_23.jpg,12,4,2,0
image_23.jpg,13,5,2,0
image_23.jpg,14,6,2,0
image_23.jpg,15,7,2,0
image_23.jpg,16,8,2,0
image_23.jpg,17,1,3,0
image_23.jpg,18,2,3,0
image_23.jpg,19,3,3,0
image_23.jpg,20,4,3,0
image_23.jpg,21,5,3,0
image_23.jpg,22,6,3,0
image_23.jpg,23,7,3,0
image_23.jpg,24,8,3,0
image_23.jpg,25,1,4,0
image_23.jpg,26,2,4,0
image_23.jpg,27,3,4,0
image_23.jpg,28,4,4,0
image_23.jpg,29,5,4,0
image_23.jpg,30,6,4,0
image_23.jpg,31,7,4,0
image_23.jpg,32,8,4,0
image_23.jpg,33,1,5,0
image_23.jpg,34,2,5,0
image_23.jpg,35,3,5,0
image_23.jpg,36,4,5,0
image_23.jpg,37,5,5,0
image_23.jpg,38,6,5,0
image_23.jpg,39,7,5,0
image_23.jpg,40,8,5,0
image_23.jpg,41,1,6,0
image_23.jpg,42,2,6,0
image_23.jpg,43,3,6,0
image_23.jpg,44,4,6,0
image_23.jpg,45,5,6,3
image_23.jpg,46,6,6,0
image_23.jpg,47,7,6,0
image_23.jpg,48,8,6,0
image_23.jpg,49,1,7,0
image_23.jpg,50,2,7,0
image_23.jpg,51,3,7,0
image_23.jpg,52,4,7,0
image_23.jpg,53,5,7,3
image_23.jpg,54,6,7,0
image_23.jpg,55,7,7,0
image_23.jpg,56,8,7,0
image_23.jpg,57,1,8,0
image_23.jpg,58,2,8,0
image_23.jpg,59,3,8,0
image_23.jpg,60,4,8,0
image_23.jpg,61,5,8,3
image_23.jpg,62,6,8,0
image_23.jpg,63,7,8,0
image_23.jpg,64,8,8,0
image_24.jpg,1,1,1,0
image_24.jpg,2,2,1,0
image_24.jpg,3,3,1,0
image_24.jpg,4,4,1,0
image_24.jpg,5,5,1,0
image_24.jpg,6,6,1,2
image_24.jpg,7,7,1,0
image_24.jpg,8,8,1,0
image_24.jpg,9,1,2,0
image_24.jpg,10,2,2,0
image_24.jpg,11,3,2,0
image_24.jpg,12,4,2,0
image_24.jpg,13,5,2,0
image_24.jpg,14,6,2,2
image_24.jpg,15,7,2,0
image_24.jpg,16,8,2,0
image_24.jpg,17,1,3,0
image_24.jpg,18,2,3,0
image_24.jpg,19,3,3,0
image_24.jpg,20,4,3,0
image_24.jpg,21,5,3,0
image_24.jpg,22,6,3,2
image_24.jpg,23,7,3,0
image_24.jpg,24,8,3,0
image_24.jpg,25,1,4,0
image_24.jpg,26,2,4,0
image_24.jpg,27,3,4,0
image_24.jpg,28,4,4,0
image_24.jpg,29,5,4,0
image_24.jpg,30,6,4,0
image_24.jpg,31,7,4,0
image_24.jpg,32,8,4,0
image_24.jpg,33,1,5,0
image_24.jpg,34,2,5,0
image_24.jpg,35,3,5,3
image_24.jpg,36,4,5,0
image_24.jpg,37,5,5,0
image_24.jpg,38,6,5,0
image_24.jpg,39,7,5,0
image_24.jpg,40,8,5,0
image_24.jpg,41,1,6,0
image_24.jpg,42,2,6,0
image_24.jpg,43,3,6,3
image_24.jpg,44,4,6,0
image_24.jpg,45,5,6,0
image_24.jpg,46,6,6,0
image_24.jpg,47,7,6,0
image_24.jpg,48,8,6,0
image_24.jpg,49,1,7,0
image_24.jpg,50,2,7,0
image_24.jpg,51,3,7,3
image_24.jpg,52,4,7,0
image_24.jpg,53,5,7,0
image_24.jpg,54,6,7,0
image_24.jpg,55,7,7,0
image_24.jpg,56,8,7,0
image_24.jpg,57,1,8,0
image_24.jpg,58,2,8,0
image_24.jpg,59,3,8,3
image_24.jpg,60,4,8,0
image_24.jpg,61,5,8,0
image_24.jpg,62,6,8,0
image_24.jpg,63,7,8,0
image_24.jpg,64,8,8,0
image_25.jpg,1,1,1,0
image_25.jpg,2,2,1,0
image_25.jpg,3,3,1,0
image_25.jpg,4,4,1,0
image_25.jpg,5,5,1,0
image_25.jpg,6,6,1,0
image_25.jpg,7,7,1,2
image_25.jpg,8,8,1,0
image_25.jpg,9,1,2,0
image_25.jpg,10,2,2,0
image_25.jpg,11,3,2,0
image_25.jpg,12,4,2,0
image_25.jpg,13,5,2,0
image_25.jpg,14,6,2,2
image_25.jpg,15,7,2,2
image_25.jpg,16,8,2,0
image_25.jpg,17,1,3,0
image_25.jpg,18,2,3,0
image_25.jpg,19,3,3,0
image_25.jpg,20,4,3,0
image_25.jpg,21,5,3,0
image_25.jpg,22,6,3,2
image_25.jpg,23,7,3,0
image_25.jpg,24,8,3,0
image_25.jpg,25,1,4,0
image_25.jpg,26,2,4,0
image_25.jpg,27,3,4,0
image_25.jpg,28,4,4,0
image_25.jpg,29,5,4,0
image_25.jpg,30,6,4,0
image_25.jpg,31,7,4,0
image_25.jpg,32,8,4,0
image_25.jpg,33,1,5,0
image_25.jpg,34,2,5,0
image_25.jpg,35,3,5,0
image_25.jpg,36,4,5,0
image_25.jpg,37,5,5,0
image_25.jpg,38,6,5,3
image_25.jpg,39,7,5,0
image_25.jpg,40,8,5,0
image_25.jpg,41,1,6,0
image_25.jpg,42,2,6,0
image_25.jpg,43,3,6,0
image_25.jpg,44,4,6,0
image_25.jpg,45,5,6,0
image_25.jpg,46,6,6,3
image_25.jpg,47,7,6,0
image_25.jpg,48,8,6,0
image_25.jpg,49,1,7,0
image_25.jpg,50,2,7,0
image_25.jpg,51,3,7,0
image_25.jpg,52,4,7,0
image_25.jpg,53,5,7,0
image_25.jpg,54,6,7,3
image_25.jpg,55,7,7,0
image_25.jpg,56,8,7,0
image_25.jpg,57,1,8,0
image_25.jpg,58,2,8,0
image_25.jpg,59,3,8,0
image_25.jpg,60,4,8,0
image_25.jpg,61,5,8,0
image_25.jpg,62,6,8,3
image_25.jpg,63,7,8,0
image_25.jpg,64,8,8,0
image_26.jpg,1,1,1,0
image_26.jpg,2,2,1,0
image_26.jpg,3,3,1,0
image_26.jpg,4,4,1,0
image_26.jpg,5,5,1,0
image_26.jpg,6,6,1,0
image_26.jpg,7,7,1,0
image_26.jpg,8,8,1,0
image_26.jpg,9,1,2,0
image_26.jpg,10,2,2,0
image_26.jpg,11,3,2,0
image_26.jpg,12,4,2,0
image_26.jpg,13,5,2,0
image_26.jpg,14,6,2,0
image_26.jpg,15,7,2,0
image_26.jpg,16,8,2,0
image_26.jpg,17,1,3,0
image_26.jpg,18,2,3,0
image_26.jpg,19,3,3,0
image_26.jpg,20,4,3,0
image_26.jpg,21,5,3,0
image_26.jpg,22,6,3,0
image_26.jpg,23,7,3,0
image_26.jpg,24,8,3,0
image_26.jpg,25,1,4,0
image_26.jpg,26,2,4,0
image_26.jpg,27,3,4,0
image_26.jpg,28,4,4,0
image_26.jpg,29,5,4,0
image_26.jpg,30,6,4,0
image_26.jpg,31,7,4,0
image_26.jpg,32,8,4,0
image_26.jpg,33,1,5,0
image_26.jpg,34,2,5,0
image_26.jpg,35,3,5,1
image_26.jpg,36,4,5,0
image_26.jpg,37,5,5,0
image_26.jpg,38,6,5,0
image_26.jpg,39,7,5,0
image_26.jpg,40,8,5,0
image_26.jpg,41,1,6,0
image_26.jpg,42,2,6,0
image_26.jpg,43,3,6,1
image_26.jpg,44,4,6,3
image_26.jpg,45,5,6,3
image_26.jpg,46,6,6,0
image_26.jpg,47,7,6,0
image_26.jpg,48,8,6,0
image_26.jpg,49,1,7,0
image_26.jpg,50,2,7,0
image_26.jpg,51,3,7,0
image_26.jpg,52,4,7,3
image_26.jpg,53,5,7,3
image_26.jpg,54,6,7,0
image_26.jpg,55,7,7,0
image_26.jpg,56,8,7,0
image_26.jpg,57,1,8,0
image_26.jpg,58,2,8,0
image_26.jpg,59,3,8,0
image_26.jpg,60,4,8,3
image_26.jpg,61,5,8,3
image_26.jpg,62,6,8,0
image_26.jpg,63,7,8,0
image_26.jpg,64,8,8,0
image_27.jpg,1,1,1,0
image_27.jpg,2,2,1,0
image_27.jpg,3,3,1,0
image_27.jpg,4,4,1,0
image_27.jpg,5,5,1,0
image_27.jpg,6,6,1,0
image_27.jpg,7,7,1,0
image_27.jpg,8,8,1,0
image_27.jpg,9,1,2,0
image_27.jpg,10,2,2,0
image_27.jpg,11,3,2,0
image_27.jpg,12,4,2,0
image_27.jpg,13,5,2,0
image_27.jpg,14,6,2,0
image_27.jpg,15,7,2,0
image_27.jpg,16,8,2,0
image_27.jpg,17,1,3,0
image_27.jpg,18,2,3,0
image_27.jpg,19,3,3,0
image_27.jpg,20,4,3,0
image_27.jpg,21,5,3,2
image_27.jpg,22,6,3,0
image_27.jpg,23,7,3,0
image_27.jpg,24,8,3,0
image_27.jpg,25,1,4,0
image_27.jpg,26,2,4,0
image_27.jpg,27,3,4,0
image_27.jpg,28,4,4,0
image_27.jpg,29,5,4,2
image_27.jpg,30,6,4,0
image_27.jpg,31,7,4,0
image_27.jpg,32,8,4,0
image_27.jpg,33,1,5,0
image_27.jpg,34,2,5,0
image_27.jpg,35,3,5,0
image_27.jpg,36,4,5,2
image_27.jpg,37,5,5,0
image_27.jpg,38,6,5,0
image_27.jpg,39,7,5,0
image_27.jpg,40,8,5,0
image_27.jpg,41,1,6,0
image_27.jpg,42,2,6,0
image_27.jpg,43,3,6,0
image_27.jpg,44,4,6,2
image_27.jpg,45,5,6,0
image_27.jpg,46,6,6,0
image_27.jpg,47,7,6,0
image_27.jpg,48,8,6,0
image_27.jpg,49,1,7,0
image_27.jpg,50,2,7,0
image_27.jpg,51,3,7,0
image_27.jpg,52,4,7,0
image_27.jpg,53,5,7,0
image_27.jpg,54,6,7,0
image_27.jpg,55,7,7,0
image_27.jpg,56,8,7,0
image_27.jpg,57,1,8,0
image_27.jpg,58,2,8,0
image_27.jpg,59,3,8,0
image_27.jpg,60,4,8,0
image_27.jpg,61,5,8,0
image_27.jpg,62,6,8,0
image_27.jpg,63,7,8,1
image_27.jpg,64,8,8,0
image_28.jpg,1,1,1,0
image_28.jpg,2,2,1,0
image_28.jpg,3,3,1,0
image_28.jpg,4,4,1,0
image_28.jpg,5,5,1,0
image_28.jpg,6,6,1,0
image_28.jpg,7,7,1,0
image_28.jpg,8,8,1,0
image_28.jpg,9,1,2,0
image_28.jpg,10,2,2,0
image_28.jpg,11,3,2,0
image_28.jpg,12,4,2,0
image_28.jpg,13,5,2,0
image_28.jpg,14,6,2,0
image_28.jpg,15,7,2,0
image_28.jpg,16,8,2,0
image_28.jpg,17,1,3,0
image_28.jpg,18,2,3,0
image_28.jpg,19,3,3,0
image_28.jpg,20,4,3,0
image_28.jpg,21,5,3,0
image_28.jpg,22,6,3,0
image_28.jpg,23,7,3,0
image_28.jpg,24,8,3,0
image_28.jpg,25,1,4,0
image_28.jpg,26,2,4,0
image_28.jpg,27,3,4,0
image_28.jpg,28,4,4,0
image_28.jpg,29,5,4,0
image_28.jpg,30,6,4,0
image_28.jpg,31,7,4,0
image_28.jpg,32,8,4,0
image_28.jpg,33,1,5,0
image_28.jpg,34,2,5,3
image_28.jpg,35,3,5,2
image_28.jpg,36,4,5,2
image_28.jpg,37,5,5,2
image_28.jpg,38,6,5,0
image_28.jpg,39,7,5,0
image_28.jpg,40,8,5,0
image_28.jpg,41,1,6,0
image_28.jpg,42,2,6,3
image_28.jpg,43,3,6,2
image_28.jpg,44,4,6,0
image_28.jpg,45,5,6,0
image_28.jpg,46,6,6,0
image_28.jpg,47,7,6,0
image_28.jpg,48,8,6,0
image_28.jpg,49,1,7,0
image_28.jpg,50,2,7,3
image_28.jpg,51,3,7,0
image_28.jpg,52,4,7,0
image_28.jpg,53,5,7,0
image_28.jpg,54,6,7,0
image_28.jpg,55,7,7,0
image_28.jpg,56,8,7,0
image_28.jpg,57,1,8,0
image_28.jpg,58,2,8,3
image_28.jpg,59,3,8,0
image_28.jpg,60,4,8,0
image_28.jpg,61,5,8,0
image_28.jpg,62,6,8,0
image_28.jpg,63,7,8,0
image_28.jpg,64,8,8,0
image_29.jpg,1,1,1,0
image_29.jpg,2,2,1,0
image_29.jpg,3,3,1,0
image_29.jpg,4,4,1,0
image_29.jpg,5,5,1,1
image_29.jpg,6,6,1,0
image_29.jpg,7,7,1,0
image_29.jpg,8,8,1,0
image_29.jpg,9,1,2,0
image_29.jpg,10,2,2,0
image_29.jpg,11,3,2,0
image_29.jpg,12,4,2,0
image_29.jpg,13,5,2,0
image_29.jpg,14,6,2,0
image_29.jpg,15,7,2,0
image_29.jpg,16,8,2,0
image_29.jpg,17,1,3,0
image_29.jpg,18,2,3,0
image_29.jpg,19,3,3,0
image_29.jpg,20,4,3,0
image_29.jpg,21,5,3,0
image_29.jpg,22,6,3,0
image_29.jpg,23,7,3,0
image_29.jpg,24,8,3,0
image_29.jpg,25,1,4,0
image_29.jpg,26,2,4,0
image_29.jpg,27,3,4,0
image_29.jpg,28,4,4,0
image_29.jpg,29,5,4,0
image_29.jpg,30,6,4,0
image_29.jpg,31,7,4,0
image_29.jpg,32,8,4,0
image_29.jpg,33,1,5,0
image_29.jpg,34,2,5,0
image_29.jpg,35,3,5,0
image_29.jpg,36,4,5,0
image_29.jpg,37,5,5,0
image_29.jpg,38,6,5,0
image_29.jpg,39,7,5,0
image_29.jpg,40,8,5,0
image_29.jpg,41,1,6,0
image_29.jpg,42,2,6,2
image_29.jpg,43,3,6,2
image_29.jpg,44,4,6,0
image_29.jpg,45,5,6,0
image_29.jpg,46,6,6,0
image_29.jpg,47,7,6,0
image_29.jpg,48,8,6,0
image_29.jpg,49,1,7,0
image_29.jpg,50,2,7,0
image_29.jpg,51,3,7,2
image_29.jpg,52,4,7,2
image_29.jpg,53,5,7,0
image_29.jpg,54,6,7,0
image_29.jpg,55,7,7,0
image_29.jpg,56,8,7,0
image_29.jpg,57,1,8,0
image_29.jpg,58,2,8,0
image_29.jpg,59,3,8,0
image_29.jpg,60,4,8,0
image_29.jpg,61,5,8,0
image_29.jpg,62,6,8,0
image_29.jpg,63,7,8,0
image_29.jpg,64,8,8,0
image_3.jpg,1,1,1,0
image_3.jpg,2,2,1,0
image_3.jpg,3,3,1,0
image_3.jpg,4,4,1,0
image_3.jpg,5,5,1,0
image_3.jpg,6,6,1,0
image_3.jpg,7,7,1,2
image_3.jpg,8,8,1,0
image_3.jpg,9,1,2,0
image_3.jpg,10,2,2,0
image_3.jpg,11,3,2,0
image_3.jpg,12,4,2,0
image_3.jpg,13,5,2,0
image_3.jpg,14,6,2,0
image_3.jpg,15,7,2,2
image_3.jpg,16,8,2,0
image_3.jpg,17,1,3,0
image_3.jpg,18,2,3,0
image_3.jpg,19,3,3,0
image_3.jpg,20,4,3,0
image_3.jpg,21,5,3,0
image_3.jpg,22,6,3,0
image_3.jpg,23,7,3,2
image_3.jpg,24,8,3,0
image_3.jpg,25,1,4,0
image_3.jpg,26,2,4,0
image_3.jpg,27,3,4,0
image_3.jpg,28,4,4,0
image_3.jpg,29,5,4,0
image_3.jpg,30,6,4,0
image_3.jpg,31,7,4,2
image_3.jpg,32,8,4,0
image_3.jpg,33,1,5,0
image_3.jpg,34,2,5,0
image_3.jpg,35,3,5,0
image_3.jpg,36,4,5,0
image_3.jpg,37,5,5,0
image_3.jpg,38,6,5,0
image_3.jpg,39,7,5,2
image_3.jpg,40,8,5,0
image_3.jpg,41,1,6,0
image_3.jpg,42,2,6,0
image_3.jpg,43,3,6,0
image_3.jpg,44,4,6,0
image_3.jpg,45,5,6,0
image_3.jpg,46,6,6,0
image_3.jpg,47,7,6,2
image_3.jpg,48,8,6,0
image_3.jpg,49,1,7,0
image_3.jpg,50,2,7,0
image_3.jpg,51,3,7,0
image_3.jpg,52,4,7,0
image_3.jpg,53,5,7,0
image_3.jpg,54,6,7,0
image_3.jpg,55,7,7,2
image_3.jpg,56,8,7,0
image_3.jpg,57,1,8,0
image_3.jpg,58,2,8,0
image_3.jpg,59,3,8,0
image_3.jpg,60,4,8,0
image_3.jpg,61,5,8,0
image_3.jpg,62,6,8,0
image_3.jpg,63,7,8,0
image_3.jpg,64,8,8,0
image_30.jpg,1,1,1,0
image_30.jpg,2,2,1,0
image_30.jpg,3,3,1,2
image_30.jpg,4,4,1,2
image_30.jpg,5,5,1,0
image_30.jpg,6,6,1,0
image_30.jpg,7,7,1,0
image_30.jpg,8,8,1,0
image_30.jpg,9,1,2,0
image_30.jpg,10,2,2,0
image_30.jpg,11,3,2,2
image_30.jpg,12,4,2,2
image_30.jpg,13,5,2,0
image_30.jpg,14,6,2,0
image_30.jpg,15,7,2,0
image_30.jpg,16,8,2,0
image_30.jpg,17,1,3,0
image_30.jpg,18,2,3,0
image_30.jpg,19,3,3,0
image_30.jpg,20,4,3,0
image_30.jpg,21,5,3,0
image_30.jpg,22,6,3,0
image_30.jpg,23,7,3,0
image_30.jpg,24,8,3,0
image_30.jpg,25,1,4,0
image_30.jpg,26,2,4,0
image_30.jpg,27,3,4,0
image_30.jpg,28,4,4,0
image_30.jpg,29,5,4,0
image_30.jpg,30,6,4,0
image_30.jpg,31,7,4,0
image_30.jpg,32,8,4,0
image_30.jpg,33,1,5,3
image_30.jpg,34,2,5,3
image_30.jpg,35,3,5,0
image_30.jpg,36,4,5,0
image_30.jpg,37,5,5,0
image_30.jpg,38,6,5,0
image_30.jpg,39,7,5,0
image_30.jpg,40,8,5,0
image_30.jpg,41,1,6,3
image_30.jpg,42,2,6,3
image_30.jpg,43,3,6,0
image_30.jpg,44,4,6,0
image_30.jpg,45,5,6,0
image_30.jpg,46,6,6,0
image_30.jpg,47,7,6,0
image_30.jpg,48,8,6,0
image_30.jpg,49,1,7,3
image_30.jpg,50,2,7,3
image_30.jpg,51,3,7,0
image_30.jpg,52,4,7,0
image_30.jpg,53,5,7,0
image_30.jpg,54,6,7,0
image_30.jpg,55,7,7,0
image_30.jpg,56,8,7,0
image_30.jpg,57,1,8,3
image_30.jpg,58,2,8,3
image_30.jpg,59,3,8,0
image_30.jpg,60,4,8,0
image_30.jpg,61,5,8,0
image_30.jpg,62,6,8,0
image_30.jpg,63,7,8,0
image_30.jpg,64,8,8,0
image_31.jpg,1,1,1,0
image_31.jpg,2,2,1,0
image_31.jpg,3,3,1,2
image_31.jpg,4,4,1,2
image_31.jpg,5,5,1,0
image_31.jpg,6,6,1,0
image_31.jpg,7,7,1,0
image_31.jpg,8,8,1,0
image_31.jpg,9,1,2,0
image_31.jpg,10,2,2,0
image_31.jpg,11,3,2,2
image_31.jpg,12,4,2,2
image_31.jpg,13,5,2,0
image_31.jpg,14,6,2,0
image_31.jpg,15,7,2,0
image_31.jpg,16,8,2,0
image_31.jpg,17,1,3,0
image_31.jpg,18,2,3,0
image_31.jpg,19,3,3,2
image_31.jpg,20,4,3,0
image_31.jpg,21,5,3,0
image_31.jpg,22,6,3,0
image_31.jpg,23,7,3,0
image_31.jpg,24,8,3,0
image_31.jpg,25,1,4,0
image_31.jpg,26,2,4,0
image_31.jpg,27,3,4,2
image_31.jpg,28,4,4,0
image_31.jpg,29,5,4,0
image_31.jpg,30,6,4,0
image_31.jpg,31,7,4,0
image_31.jpg,32,8,4,0
image_31.jpg,33,1,5,0
image_31.jpg,34,2,5,0
image_31.jpg,35,3,5,0
image_31.jpg,36,4,5,0
image_31.jpg,37,5,5,0
image_31.jpg,38,6,5,0
image_31.jpg,39,7,5,3
image_31.jpg,40,8,5,0
image_31.jpg,41,1,6,0
image_31.jpg,42,2,6,0
image_31.jpg,43,3,6,0
image_31.jpg,44,4,6,0
image_31.jpg,45,5,6,0
image_31.jpg,46,6,6,0
image_31.jpg,47,7,6,3
image_31.jpg,48,8,6,0
image_31.jpg,49,1,7,0
image_31.jpg,50,2,7,0
image_31.jpg,51,3,7,0
image_31.jpg,52,4,7,0
image_31.jpg,53,5,7,0
image_31.jpg,54,6,7,0
image_31.jpg,55,7,7,3
image_31.jpg,56,8,7,0
image_31.jpg,57,1,8,0
image_31.jpg,58,2,8,0
image_31.jpg,59,3,8,0
image_31.jpg,60,4,8,0
image_31.jpg,61,5,8,0
image_31.jpg,62,6,8,0
image_31.jpg,63,7,8,3
image_31.jpg,64,8,8,0
image_32.jpg,1,1,1,0
image_32.jpg,2,2,1,0
image_32.jpg,3,3,1,0
image_32.jpg,4,4,1,2
image_32.jpg,5,5,1,0
image_32.jpg,6,6,1,0
image_32.jpg,7,7,1,0
image_32.jpg,8,8,1,0
image_32.jpg,9,1,2,0
image_32.jpg,10,2,2,0
image_32.jpg,11,3,2,0
image_32.jpg,12,4,2,2
image_32.jpg,13,5,2,0
image_32.jpg,14,6,2,0
image_32.jpg,15,7,2,0
image_32.jpg,16,8,2,0
image_32.jpg,17,1,3,0
image_32.jpg,18,2,3,0
image_32.jpg,19,3,3,0
image_32.jpg,20,4,3,2
image_32.jpg,21,5,3,0
image_32.jpg,22,6,3,0
image_32.jpg,23,7,3,0
image_32.jpg,24,8,3,0
image_32.jpg,25,1,4,0
image_32.jpg,26,2,4,0
image_32.jpg,27,3,4,0
image_32.jpg,28,4,4,0
image_32.jpg,29,5,4,0
image_32.jpg,30,6,4,0
image_32.jpg,31,7,4,0
image_32.jpg,32,8,4,0
image_32.jpg,33,1,5,0
image_32.jpg,34,2,5,3
image_32.jpg,35,3,5,3
image_32.jpg,36,4,5,0
image_32.jpg,37,5,5,0
image_32.jpg,38,6,5,0
image_32.jpg,39,7,5,0
image_32.jpg,40,8,5,0
image_32.jpg,41,1,6,0
image_32.jpg,42,2,6,3
image_32.jpg,43,3,6,3
image_32.jpg,44,4,6,0
image_32.jpg,45,5,6,0
image_32.jpg,46,6,6,0
image_32.jpg,47,7,6,0
image_32.jpg,48,8,6,0
image_32.jpg,49,1,7,0
image_32.jpg,50,2,7,3
image_32.jpg,51,3,7,3
image_32.jpg,52,4,7,0
image_32.jpg,53,5,7,0
image_32.jpg,54,6,7,0
image_32.jpg,55,7,7,0
image_32.jpg,56,8,7,0
image_32.jpg,57,1,8,0
image_32.jpg,58,2,8,3
image_32.jpg,59,3,8,3
image_32.jpg,60,4,8,0
image_32.jpg,61,5,8,0
image_32.jpg,62,6,8,0
image_32.jpg,63,7,8,0
image_32.jpg,64,8,8,0
image_33.jpg,1,1,1,0
image_33.jpg,2,2,1,0
image_33.jpg,3,3,1,0
image_33.jpg,4,4,1,0
image_33.jpg,5,5,1,2
image_33.jpg,6,6,1,0
image_33.jpg,7,7,1,0
image_33.jpg,8,8,1,0
image_33.jpg,9,1,2,0
image_33.jpg,10,2,2,0
image_33.jpg,11,3,2,0
image_33.jpg,12,4,2,0
image_33.jpg,13,5,2,2
image_33.jpg,14,6,2,0
image_33.jpg,15,7,2,0
image_33.jpg,16,8,2,0
image_33.jpg,17,1,3,0
image_33.jpg,18,2,3,0
image_33.jpg,19,3,3,0
image_33.jpg,20,4,3,2
image_33.jpg,21,5,3,2
image_33.jpg,22,6,3,0
image_33.jpg,23,7,3,0
image_33.jpg,24,8,3,0
image_33.jpg,25,1,4,0
image_33.jpg,26,2,4,0
image_33.jpg,27,3,4,0
image_33.jpg,28,4,4,2
image_33.jpg,29,5,4,0
image_33.jpg,30,6,4,0
image_33.jpg,31,7,4,0
image_33.jpg,32,8,4,0
image_33.jpg,33,1,5,0
image_33.jpg,34,2,5,0
image_33.jpg,35,3,5,0
image_33.jpg,36,4,5,0
image_33.jpg,37,5,5,0
image_33.jpg,38,6,5,0
image_33.jpg,39,7,5,0
image_33.jpg,40,8,5,3
image_33.jpg,41,1,6,0
image_33.jpg,42,2,6,0
image_33.jpg,43,3,6,0
image_33.jpg,44,4,6,0
image_33.jpg,45,5,6,0
image_33.jpg,46,6,6,0
image_33.jpg,47,7,6,0
image_33.jpg,48,8,6,3
image_33.jpg,49,1,7,0
image_33.jpg,50,2,7,0
image_33.jpg,51,3,7,0
image_33.jpg,52,4,7,0
image_33.jpg,53,5,7,0
image_33.jpg,54,6,7,0
image_33.jpg,55,7,7,0
image_33.jpg,56,8,7,3
image_33.jpg,57,1,8,0
image_33.jpg,58,2,8,0
image_33.jpg,59,3,8,0
image_33.jpg,60,4,8,0
image_33.jpg,61,5,8,0
image_33.jpg,62,6,8,0
image_33.jpg,63,7,8,0
image_33.jpg,64,8,8,0
image_34.jpg,1,1,1,0
image_34.jpg,2,2,1,0
image_34.jpg,3,3,1,0
image_34.jpg,4,4,1,0
image_34.jpg,5,5,1,0
image_34.jpg,6,6,1,0
image_34.jpg,7,7,1,0
image_34.jpg,8,8,1,0
image_34.jpg,9,1,2,0
image_34.jpg,10,2,2,0
image_34.jpg,11,3,2,0
image_34.jpg,12,4,2,0
image_34.jpg,13,5,2,0
image_34.jpg,14,6,2,0
image_34.jpg,15,7,2,0
image_34.jpg,16,8,2,0
image_34.jpg,17,1,3,0
image_34.jpg,18,2,3,0
image_34.jpg,19,3,3,0
image_34.jpg,20,4,3,0
image_34.jpg,21,5,3,0
image_34.jpg,22,6,3,0
image_34.jpg,23,7,3,0
image_34.jpg,24,8,3,0
image_34.jpg,25,1,4,0
image_34.jpg,26,2,4,0
image_34.jpg,27,3,4,0
image_34.jpg,28,4,4,0
image_34.jpg,29,5,4,2
image_34.jpg,30,6,4,0
image_34.jpg,31,7,4,0
image_34.jpg,32,8,4,0
image_34.jpg,33,1,5,0
image_34.jpg,34,2,5,0
image_34.jpg,35,3,5,2
image_34.jpg,36,4,5,2
image_34.jpg,37,5,5,3
image_34.jpg,38,6,5,3
image_34.jpg,39,7,5,0
image_34.jpg,40,8,5,0
image_34.jpg,41,1,6,0
image_34.jpg,42,2,6,1
image_34.jpg,43,3,6,2
image_34.jpg,44,4,6,2
image_34.jpg,45,5,6,3
image_34.jpg,46,6,6,3
image_34.jpg,47,7,6,0
image_34.jpg,48,8,6,0
image_34.jpg,49,1,7,0
image_34.jpg,50,2,7,2
image_34.jpg,51,3,7,0
image_34.jpg,52,4,7,0
image_34.jpg,53,5,7,3
image_34.jpg,54,6,7,3
image_34.jpg,55,7,7,0
image_34.jpg,56,8,7,0
image_34.jpg,57,1,8,0
image_34.jpg,58,2,8,0
image_34.jpg,59,3,8,0
image_34.jpg,60,4,8,0
image_34.jpg,61,5,8,3
image_34.jpg,62,6,8,3
image_34.jpg,63,7,8,0
image_34.jpg,64,8,8,0
image_35.jpg,1,1,1,0
image_35.jpg,2,2,1,0
image_35.jpg,3,3,1,0
image_35.jpg,4,4,1,0
image_35.jpg,5,5,1,0
image_35.jpg,6,6,1,0
image_35.jpg,7,7,1,0
image_35.jpg,8,8,1,0
image_35.jpg,9,1,2,0
image_35.jpg,10,2,2,0
image_35.jpg,11,3,2,2
image_35.jpg,12,4,2,2
image_35.jpg,13,5,2,0
image_35.jpg,14,6,2,0
image_35.jpg,15,7,2,0
image_35.jpg,16,8,2,0
image_35.jpg,17,1,3,0
image_35.jpg,18,2,3,0
image_35.jpg,19,3,3,0
image_35.jpg,20,4,3,2
image_35.jpg,21,5,3,0
image_35.jpg,22,6,3,0
image_35.jpg,23,7,3,0
image_35.jpg,24,8,3,0
image_35.jpg,25,1,4,0
image_35.jpg,26,2,4,0
image_35.jpg,27,3,4,0
image_35.jpg,28,4,4,0
image_35.jpg,29,5,4,0
image_35.jpg,30,6,4,2
image_35.jpg,31,7,4,0
image_35.jpg,32,8,4,0
image_35.jpg,33,1,5,0
image_35.jpg,34,2,5,0
image_35.jpg,35,3,5,0
image_35.jpg,36,4,5,0
image_35.jpg,37,5,5,0
image_35.jpg,38,6,5,0
image_35.jpg,39,7,5,0
image_35.jpg,40,8,5,0
image_35.jpg,41,1,6,3
image_35.jpg,42,2,6,3
image_35.jpg,43,3,6,0
image_35.jpg,44,4,6,0
image_35.jpg,45,5,6,0
image_35.jpg,46,6,6,0
image_35.jpg,47,7,6,0
image_35.jpg,48,8,6,0
image_35.jpg,49,1,7,3
image_35.jpg,50,2,7,3
image_35.jpg,51,3,7,0
image_35.jpg,52,4,7,0
image_35.jpg,53,5,7,0
image_35.jpg,54,6,7,0
image_35.jpg,55,7,7,0
image_35.jpg,56,8,7,0
image_35.jpg,57,1,8,3
image_35.jpg,58,2,8,3
image_35.jpg,59,3,8,0
image_35.jpg,60,4,8,0
image_35.jpg,61,5,8,0
image_35.jpg,62,6,8,0
image_35.jpg,63,7,8,0
image_35.jpg,64,8,8,0
image_36.jpg,1,1,1,0
image_36.jpg,2,2,1,0
image_36.jpg,3,3,1,0
image_36.jpg,4,4,1,0
image_36.jpg,5,5,1,2
image_36.jpg,6,6,1,2
image_36.jpg,7,7,1,0
image_36.jpg,8,8,1,1
image_36.jpg,9,1,2,0
image_36.jpg,10,2,2,0
image_36.jpg,11,3,2,0
image_36.jpg,12,4,2,2
image_36.jpg,13,5,2,2
image_36.jpg,14,6,2,2
image_36.jpg,15,7,2,0
image_36.jpg,16,8,2,1
image_36.jpg,17,1,3,0
image_36.jpg,18,2,3,0
image_36.jpg,19,3,3,0
image_36.jpg,20,4,3,2
image_36.jpg,21,5,3,2
image_36.jpg,22,6,3,0
image_36.jpg,23,7,3,0
image_36.jpg,24,8,3,0
image_36.jpg,25,1,4,0
image_36.jpg,26,2,4,0
image_36.jpg,27,3,4,2
image_36.jpg,28,4,4,2
image_36.jpg,29,5,4,0
image_36.jpg,30,6,4,0
image_36.jpg,31,7,4,0
image_36.jpg,32,8,4,0
image_36.jpg,33,1,5,0
image_36.jpg,34,2,5,0
image_36.jpg,35,3,5,0
image_36.jpg,36,4,5,0
image_36.jpg,37,5,5,0
image_36.jpg,38,6,5,0
image_36.jpg,39,7,5,0
image_36.jpg,40,8,5,0
image_36.jpg,41,1,6,0
image_36.jpg,42,2,6,0
image_36.jpg,43,3,6,0
image_36.jpg,44,4,6,0
image_36.jpg,45,5,6,0
image_36.jpg,46,6,6,0
image_36.jpg,47,7,6,0
image_36.jpg,48,8,6,0
image_36.jpg,49,1,7,0
image_36.jpg,50,2,7,0
image_36.jpg,51,3,7,0
image_36.jpg,52,4,7,0
image_36.jpg,53,5,7,0
image_36.jpg,54,6,7,0
image_36.jpg,55,7,7,0
image_36.jpg,56,8,7,0
image_36.jpg,57,1,8,0
image_36.jpg,58,2,8,0
image_36.jpg,59,3,8,0
image_36.jpg,60,4,8,0
image_36.jpg,61,5,8,0
image_36.jpg,62,6,8,0
image_36.jpg,63,7,8,0
image_36.jpg,64,8,8,0
image_37.jpg,1,1,1,0
image_37.jpg,2,2,1,0
image_37.jpg,3,3,1,0
image_37.jpg,4,4,1,0
image_37.jpg,5,5,1,0
image_37.jpg,6,6,1,0
image_37.jpg,7,7,1,0
image_37.jpg,8,8,1,0
image_37.jpg,9,1,2,0
image_37.jpg,10,2,2,0
image_37.jpg,11,3,2,0
image_37.jpg,12,4,2,0
image_37.jpg,13,5,2,0
image_37.jpg,14,6,2,0
image_37.jpg,15,7,2,0
image_37.jpg,16,8,2,0
image_37.jpg,17,1,3,0
image_37.jpg,18,2,3,0
image_37.jpg,19,3,3,0
image_37.jpg,20,4,3,0
image_37.jpg,21,5,3,0
image_37.jpg,22,6,3,0
image_37.jpg,23,7,3,0
image_37.jpg,24,8,3,0
image_37.jpg,25,1,4,0
image_37.jpg,26,2,4,0
image_37.jpg,27,3,4,0
image_37.jpg,28,4,4,0
image_37.jpg,29,5,4,0
image_37.jpg,30,6,4,0
image_37.jpg,31,7,4,0
image_37.jpg,32,8,4,0
image_37.jpg,33,1,5,0
image_37.jpg,34,2,5,3
image_37.jpg,35,3,5,2
image_37.jpg,36,4,5,2
image_37.jpg,37,5,5,2
image_37.jpg,38,6,5,0
image_37.jpg,39,7,5,0
image_37.jpg,40,8,5,0
image_37.jpg,41,1,6,0
image_37.jpg,42,2,6,3
image_37.jpg,43,3,6,0
image_37.jpg,44,4,6,0
image_37.jpg,45,5,6,0
image_37.jpg,46,6,6,0
image_37.jpg,47,7,6,0
image_37.jpg,48,8,6,0
image_37.jpg,49,1,7,0
image_37.jpg,50,2,7,3
image_37.jpg,51,3,7,0
image_37.jpg,52,4,7,0
image_37.jpg,53,5,7,0
image_37.jpg,54,6,7,0
image_37.jpg,55,7,7,0
image_37.jpg,56,8,7,0
image_37.jpg,57,1,8,0
image_37.jpg,58,2,8,3
image_37.jpg,59,3,8,0
image_37.jpg,60,4,8,0
image_37.jpg,61,5,8,0
image_37.jpg,62,6,8,0
image_37.jpg,63,7,8,0
image_37.jpg,64,8,8,0
image_38.jpg,1,1,1,0
image_38.jpg,2,2,1,0
image_38.jpg,3,3,1,0
image_38.jpg,4,4,1,0
image_38.jpg,5,5,1,0
image_38.jpg,6,6,1,0
image_38.jpg,7,7,1,0
image_38.jpg,8,8,1,0
image_38.jpg,9,1,2,0
image_38.jpg,10,2,2,0
image_38.jpg,11,3,2,0
image_38.jpg,12,4,2,0
image_38.jpg,13,5,2,0
image_38.jpg,14,6,2,0
image_38.jpg,15,7,2,0
image_38.jpg,16,8,2,0
image_38.jpg,17,1,3,0
image_38.jpg,18,2,3,0
image_38.jpg,19,3,3,0
image_38.jpg,20,4,3,0
image_38.jpg,21,5,3,0
image_38.jpg,22,6,3,0
image_38.jpg,23,7,3,0
image_38.jpg,24,8,3,0
image_38.jpg,25,1,4,2
image_38.jpg,26,2,4,2
image_38.jpg,27,3,4,0
image_38.jpg,28,4,4,0
image_38.jpg,29,5,4,0
image_38.jpg,30,6,4,0
image_38.jpg,31,7,4,0
image_38.jpg,32,8,4,0
image_38.jpg,33,1,5,2
image_38.jpg,34,2,5,2
image_38.jpg,35,3,5,2
image_38.jpg,36,4,5,0
image_38.jpg,37,5,5,0
image_38.jpg,38,6,5,0
image_38.jpg,39,7,5,3
image_38.jpg,40,8,5,3
image_38.jpg,41,1,6,0
image_38.jpg,42,2,6,0
image_38.jpg,43,3,6,0
image_38.jpg,44,4,6,0
image_38.jpg,45,5,6,0
image_38.jpg,46,6,6,0
image_38.jpg,47,7,6,3
image_38.jpg,48,8,6,3
image_38.jpg,49,1,7,0
image_38.jpg,50,2,7,0
image_38.jpg,51,3,7,0
image_38.jpg,52,4,7,0
image_38.jpg,53,5,7,0
image_38.jpg,54,6,7,0
image_38.jpg,55,7,7,3
image_38.jpg,56,8,7,3
image_38.jpg,57,1,8,0
image_38.jpg,58,2,8,0
image_38.jpg,59,3,8,0
image_38.jpg,60,4,8,0
image_38.jpg,61,5,8,0
image_38.jpg,62,6,8,0
image_38.jpg,63,7,8,3
image_38.jpg,64,8,8,3
image_39.jpg,1,1,1,0
image_39.jpg,2,2,1,0
image_39.jpg,3,3,1,2
image_39.jpg,4,4,1,0
image_39.jpg,5,5,1,0
image_39.jpg,6,6,1,0
image_39.jpg,7,7,1,0
image_39.jpg,8,8,1,0
image_39.jpg,9,1,2,0
image_39.jpg,10,2,2,0
image_39.jpg,11,3,2,2
image_39.jpg,12,4,2,0
image_39.jpg,13,5,2,0
image_39.jpg,14,6,2,0
image_39.jpg,15,7,2,0
image_39.jpg,16,8,2,0
image_39.jpg,17,1,3,0
image_39.jpg,18,2,3,0
image_39.jpg,19,3,3,2
image_39.jpg,20,4,3,0
image_39.jpg,21,5,3,0
image_39.jpg,22,6,3,0
image_39.jpg,23,7,3,0
image_39.jpg,24,8,3,0
image_39.jpg,25,1,4,0
image_39.jpg,26,2,4,0
image_39.jpg,27,3,4,2
image_39.jpg,28,4,4,0
image_39.jpg,29,5,4,0
image_39.jpg,30,6,4,0
image_39.jpg,31,7,4,0
image_39.jpg,32,8,4,0
image_39.jpg,33,1,5,3
image_39.jpg,34,2,5,0
image_39.jpg,35,3,5,2
image_39.jpg,36,4,5,0
image_39.jpg,37,5,5,0
image_39.jpg,38,6,5,0
image_39.jpg,39,7,5,0
image_39.jpg,40,8,5,0
image_39.jpg,41,1,6,3
image_39.jpg,42,2,6,0
image_39.jpg,43,3,6,0
image_39.jpg,44,4,6,0
image_39.jpg,45,5,6,0
image_39.jpg,46,6,6,0
image_39.jpg,47,7,6,0
image_39.jpg,48,8,6,0
image_39.jpg,49,1,7,3
image_39.jpg,50,2,7,0
image_39.jpg,51,3,7,0
image_39.jpg,52,4,7,0
image_39.jpg,53,5,7,0
image_39.jpg,54,6,7,0
image_39.jpg,55,7,7,0
image_39.jpg,56,8,7,0
image_39.jpg,57,1,8,3
image_39.jpg,58,2,8,0
image_39.jpg,59,3,8,0
image_39.jpg,60,4,8,0
image_39.jpg,61,5,8,0
image_39.jpg,62,6,8,0
image_39.jpg,63,7,8,0
image_39.jpg,64,8,8,0
image_4.jpg,1,1,1,0
image_4.jpg,2,2,1,0
image_4.jpg,3,3,1,0
image_4.jpg,4,4,1,0
image_4.jpg,5,5,1,2
image_4.jpg,6,6,1,0
image_4.jpg,7,7,1,0
image_4.jpg,8,8,1,0
image_4.jpg,9,1,2,0
image_4.jpg,10,2,2,0
image_4.jpg,11,3,2,0
image_4.jpg,12,4,2,0
image_4.jpg,13,5,2,2
image_4.jpg,14,6,2,0
image_4.jpg,15,7,2,0
image_4.jpg,16,8,2,0
image_4.jpg,17,1,3,0
image_4.jpg,18,2,3,0
image_4.jpg,19,3,3,0
image_4.jpg,20,4,3,0
image_4.jpg,21,5,3,0
image_4.jpg,22,6,3,2
image_4.jpg,23,7,3,0
image_4.jpg,24,8,3,0
image_4.jpg,25,1,4,0
image_4.jpg,26,2,4,0
image_4.jpg,27,3,4,0
image_4.jpg,28,4,4,0
image_4.jpg,29,5,4,0
image_4.jpg,30,6,4,0
image_4.jpg,31,7,4,0
image_4.jpg,32,8,4,0
image_4.jpg,33,1,5,0
image_4.jpg,34,2,5,0
image_4.jpg,35,3,5,0
image_4.jpg,36,4,5,0
image_4.jpg,37,5,5,0
image_4.jpg,38,6,5,0
image_4.jpg,39,7,5,0
image_4.jpg,40,8,5,0
image_4.jpg,41,1,6,0
image_4.jpg,42,2,6,0
image_4.jpg,43,3,6,0
image_4.jpg,44,4,6,3
image_4.jpg,45,5,6,0
image_4.jpg,46,6,6,0
image_4.jpg,47,7,6,0
image_4.jpg,48,8,6,0
image_4.jpg,49,1,7,0
image_4.jpg,50,2,7,0
image_4.jpg,51,3,7,0
image_4.jpg,52,4,7,3
image_4.jpg,53,5,7,0
image_4.jpg,54,6,7,0
image_4.jpg,55,7,7,0
image_4.jpg,56,8,7,0
image_4.jpg,57,1,8,0
image_4.jpg,58,2,8,0
image_4.jpg,59,3,8,0
image_4.jpg,60,4,8,3
image_4.jpg,61,5,8,0
image_4.jpg,62,6,8,0
image_4.jpg,63,7,8,0
image_4.jpg,64,8,8,0
image_40.jpg,1,1,1,0
image_40.jpg,2,2,1,0
image_40.jpg,3,3,1,0
image_40.jpg,4,4,1,0
image_40.jpg,5,5,1,0
image_40.jpg,6,6,1,0
image_40.jpg,7,7,1,0
image_40.jpg,8,8,1,0
image_40.jpg,9,1,2,2
image_40.jpg,10,2,2,0
image_40.jpg,11,3,2,0
image_40.jpg,12,4,2,0
image_40.jpg,13,5,2,0
image_40.jpg,14,6,2,0
image_40.jpg,15,7,2,0
image_40.jpg,16,8,2,0
image_40.jpg,17,1,3,0
image_40.jpg,18,2,3,2
image_40.jpg,19,3,3,2
image_40.jpg,20,4,3,0
image_40.jpg,21,5,3,0
image_40.jpg,22,6,3,0
image_40.jpg,23,7,3,0
image_40.jpg,24,8,3,1
image_40.jpg,25,1,4,0
image_40.jpg,26,2,4,0
image_40.jpg,27,3,4,2
image_40.jpg,28,4,4,2
image_40.jpg,29,5,4,0
image_40.jpg,30,6,4,0
image_40.jpg,31,7,4,0
image_40.jpg,32,8,4,0
image_40.jpg,33,1,5,0
image_40.jpg,34,2,5,0
image_40.jpg,35,3,5,0
image_40.jpg,36,4,5,0
image_40.jpg,37,5,5,0
image_40.jpg,38,6,5,0
image_40.jpg,39,7,5,0
image_40.jpg,40,8,5,0
image_40.jpg,41,1,6,0
image_40.jpg,42,2,6,0
image_40.jpg,43,3,6,0
image_40.jpg,44,4,6,0
image_40.jpg,45,5,6,0
image_40.jpg,46,6,6,0
image_40.jpg,47,7,6,0
image_40.jpg,48,8,6,0
image_40.jpg,49,1,7,0
image_40.jpg,50,2,7,0
image_40.jpg,51,3,7,0
image_40.jpg,52,4,7,0
image_40.jpg,53,5,7,0
image_40.jpg,54,6,7,0
image_40.jpg,55,7,7,0
image_40.jpg,56,8,7,0
image_40.jpg,57,1,8,0
image_40.jpg,58,2,8,0
image_40.jpg,59,3,8,0
image_40.jpg,60,4,8,0
image_40.jpg,61,5,8,0
image_40.jpg,62,6,8,0
image_40.jpg,63,7,8,0
image_40.jpg,64,8,8,0
image_41.jpg,1,1,1,0
image_41.jpg,2,2,1,0
image_41.jpg,3,3,1,0
image_41.jpg,4,4,1,0
image_41.jpg,5,5,1,0
image_41.jpg,6,6,1,2
image_41.jpg,7,7,1,2
image_41.jpg,8,8,1,0
image_41.jpg,9,1,2,0
image_41.jpg,10,2,2,0
image_41.jpg,11,3,2,0
image_41.jpg,12,4,2,0
image_41.jpg,13,5,2,2
image_41.jpg,14,6,2,2
image_41.jpg,15,7,2,0
image_41.jpg,16,8,2,0
image_41.jpg,17,1,3,0
image_41.jpg,18,2,3,0
image_41.jpg,19,3,3,0
image_41.jpg,20,4,3,0
image_41.jpg,21,5,3,2
image_41.jpg,22,6,3,0
image_41.jpg,23,7,3,0
image_41.jpg,24,8,3,0
image_41.jpg,25,1,4,0
image_41.jpg,26,2,4,0
image_41.jpg,27,3,4,0
image_41.jpg,28,4,4,0
image_41.jpg,29,5,4,0
image_41.jpg,30,6,4,0
image_41.jpg,31,7,4,0
image_41.jpg,32,8,4,0
image_41.jpg,33,1,5,0
image_41.jpg,34,2,5,0
image_41.jpg,35,3,5,3
image_41.jpg,36,4,5,0
image_41.jpg,37,5,5,0
image_41.jpg,38,6,5,0
image_41.jpg,39,7,5,0
image_41.jpg,40,8,5,0
image_41.jpg,41,1,6,0
image_41.jpg,42,2,6,0
image_41.jpg,43,3,6,3
image_41.jpg,44,4,6,0
image_41.jpg,45,5,6,0
image_41.jpg,46,6,6,0
image_41.jpg,47,7,6,0
image_41.jpg,48,8,6,0
image_41.jpg,49,1,7,0
image_41.jpg,50,2,7,0
image_41.jpg,51,3,7,3
image_41.jpg,52,4,7,0
image_41.jpg,53,5,7,0
image_41.jpg,54,6,7,0
image_41.jpg,55,7,7,0
image_41.jpg,56,8,7,0
image_41.jpg,57,1,8,0
image_41.jpg,58,2,8,0
image_41.jpg,59,3,8,3
image_41.jpg,60,4,8,0
image_41.jpg,61,5,8,0
image_41.jpg,62,6,8,0
image_41.jpg,63,7,8,0
image_41.jpg,64,8,8,0
image_42.jpg,1,1,1,0
image_42.jpg,2,2,1,0
image_42.jpg,3,3,1,0
image_42.jpg,4,4,1,0
image_42.jpg,5,5,1,0
image_42.jpg,6,6,1,0
image_42.jpg,7,7,1,0
image_42.jpg,8,8,1,0
image_42.jpg,9,1,2,0
image_42.jpg,10,2,2,0
image_42.jpg,11,3,2,0
image_42.jpg,12,4,2,0
image_42.jpg,13,5,2,0
image_42.jpg,14,6,2,0
image_42.jpg,15,7,2,0
image_42.jpg,16,8,2,0
image_42.jpg,17,1,3,0
image_42.jpg,18,2,3,0
image_42.jpg,19,3,3,0
image_42.jpg,20,4,3,0
image_42.jpg,21,5,3,0
image_42.jpg,22,6,3,0
image_42.jpg,23,7,3,0
image_42.jpg,24,8,3,0
image_42.jpg,25,1,4,3
image_42.jpg,26,2,4,3
image_42.jpg,27,3,4,0
image_42.jpg,28,4,4,0
image_42.jpg,29,5,4,0
image_42.jpg,30,6,4,0
image_42.jpg,31,7,4,0
image_42.jpg,32,8,4,0
image_42.jpg,33,1,5,3
image_42.jpg,34,2,5,3
image_42.jpg,35,3,5,0
image_42.jpg,36,4,5,0
image_42.jpg,37,5,5,0
image_42.jpg,38,6,5,2
image_42.jpg,39,7,5,2
image_42.jpg,40,8,5,0
image_42.jpg,41,1,6,3
image_42.jpg,42,2,6,3
image_42.jpg,43,3,6,0
image_42.jpg,44,4,6,0
image_42.jpg,45,5,6,0
image_42.jpg,46,6,6,2
image_42.jpg,47,7,6,1
image_42.jpg,48,8,6,0
image_42.jpg,49,1,7,3
image_42.jpg,50,2,7,3
image_42.jpg,51,3,7,0
image_42.jpg,52,4,7,0
image_42.jpg,53,5,7,0
image_42.jpg,54,6,7,0
image_42.jpg,55,7,7,0
image_42.jpg,56,8,7,0
image_42.jpg,57,1,8,3
image_42.jpg,58,2,8,3
image_42.jpg,59,3,8,0
image_42.jpg,60,4,8,0
image_42.jpg,61,5,8,0
image_42.jpg,62,6,8,0
image_42.jpg,63,7,8,0
image_42.jpg,64,8,8,0
image_43.jpg,1,1,1,0
image_43.jpg,2,2,1,0
image_43.jpg,3,3,1,0
image_43.jpg,4,4,1,0
image_43.jpg,5,5,1,2
image_43.jpg,6,6,1,0
image_43.jpg,7,7,1,0
image_43.jpg,8,8,1,0
image_43.jpg,9,1,2,0
image_43.jpg,10,2,2,0
image_43.jpg,11,3,2,0
image_43.jpg,12,4,2,0
image_43.jpg,13,5,2,2
image_43.jpg,14,6,2,2
image_43.jpg,15,7,2,0
image_43.jpg,16,8,2,0
image_43.jpg,17,1,3,0
image_43.jpg,18,2,3,0
image_43.jpg,19,3,3,0
image_43.jpg,20,4,3,0
image_43.jpg,21,5,3,0
image_43.jpg,22,6,3,0
image_43.jpg,23,7,3,0
image_43.jpg,24,8,3,0
image_43.jpg,25,1,4,0
image_43.jpg,26,2,4,0
image_43.jpg,27,3,4,0
image_43.jpg,28,4,4,0
image_43.jpg,29,5,4,0
image_43.jpg,30,6,4,0
image_43.jpg,31,7,4,0
image_43.jpg,32,8,4,0
image_43.jpg,33,1,5,0
image_43.jpg,34,2,5,0
image_43.jpg,35,3,5,0
image_43.jpg,36,4,5,0
image_43.jpg,37,5,5,0
image_43.jpg,38,6,5,0
image_43.jpg,39,7,5,0
image_43.jpg,40,8,5,0
image_43.jpg,41,1,6,0
image_43.jpg,42,2,6,0
image_43.jpg,43,3,6,0
image_43.jpg,44,4,6,3
image_43.jpg,45,5,6,0
image_43.jpg,46,6,6,0
image_43.jpg,47,7,6,0
image_43.jpg,48,8,6,0
image_43.jpg,49,1,7,0
image_43.jpg,50,2,7,0
image_43.jpg,51,3,7,0
image_43.jpg,52,4,7,3
image_43.jpg,53,5,7,0
image_43.jpg,54,6,7,0
image_43.jpg,55,7,7,0
image_43.jpg,56,8,7,0
image_43.jpg,57,1,8,0
image_43.jpg,58,2,8,0
image_43.jpg,59,3,8,0
image_43.jpg,60,4,8,3
image_43.jpg,61,5,8,3
image_43.jpg,62,6,8,0
image_43.jpg,63,7,8,0
image_43.jpg,64,8,8,0
image_44.jpg,1,1,1,0
image_44.jpg,2,2,1,0
image_44.jpg,3,3,1,0
image_44.jpg,4,4,1,2
image_44.jpg,5,5,1,2
image_44.jpg,6,6,1,0
image_44.jpg,7,7,1,0
image_44.jpg,8,8,1,0
image_44.jpg,9,1,2,0
image_44.jpg,10,2,2,0
image_44.jpg,11,3,2,0
image_44.jpg,12,4,2,0
image_44.jpg,13,5,2,2
image_44.jpg,14,6,2,2
image_44.jpg,15,7,2,0
image_44.jpg,16,8,2,0
image_44.jpg,17,1,3,0
image_44.jpg,18,2,3,0
image_44.jpg,19,3,3,0
image_44.jpg,20,4,3,0
image_44.jpg,21,5,3,0
image_44.jpg,22,6,3,2
image_44.jpg,23,7,3,0
image_44.jpg,24,8,3,0
image_44.jpg,25,1,4,0
image_44.jpg,26,2,4,0
image_44.jpg,27,3,4,0
image_44.jpg,28,4,4,0
image_44.jpg,29,5,4,0
image_44.jpg,30,6,4,0
image_44.jpg,31,7,4,0
image_44.jpg,32,8,4,0
image_44.jpg,33,1,5,0
image_44.jpg,34,2,5,0
image_44.jpg,35,3,5,3
image_44.jpg,36,4,5,3
image_44.jpg,37,5,5,0
image_44.jpg,38,6,5,0
image_44.jpg,39,7,5,0
image_44.jpg,40,8,5,0
image_44.jpg,41,1,6,0
image_44.jpg,42,2,6,0
image_44.jpg,43,3,6,3
image_44.jpg,44,4,6,3
image_44.jpg,45,5,6,0
image_44.jpg,46,6,6,0
image_44.jpg,47,7,6,0
image_44.jpg,48,8,6,0
image_44.jpg,49,1,7,0
image_44.jpg,50,2,7,0
image_44.jpg,51,3,7,3
image_44.jpg,52,4,7,3
image_44.jpg,53,5,7,0
image_44.jpg,54,6,7,0
image_44.jpg,55,7,7,0
image_44.jpg,56,8,7,0
image_44.jpg,57,1,8,0
image_44.jpg,58,2,8,0
image_44.jpg,59,3,8,3
image_44.jpg,60,4,8,3
image_44.jpg,61,5,8,0
image_44.jpg,62,6,8,0
image_44.jpg,63,7,8,0
image_44.jpg,64,8,8,0
image_45.jpg,1,1,1,0
image_45.jpg,2,2,1,0
image_45.jpg,3,3,1,0
image_45.jpg,4,4,1,2
image_45.jpg,5,5,1,2
image_45.jpg,6,6,1,0
image_45.jpg,7,7,1,0
image_45.jpg,8,8,1,0
image_45.jpg,9,1,2,0
image_45.jpg,10,2,2,0
image_45.jpg,11,3,2,0
image_45.jpg,12,4,2,0
image_45.jpg,13,5,2,2
image_45.jpg,14,6,2,2
image_45.jpg,15,7,2,0
image_45.jpg,16,8,2,0
image_45.jpg,17,1,3,0
image_45.jpg,18,2,3,0
image_45.jpg,19,3,3,0
image_45.jpg,20,4,3,0
image_45.jpg,21,5,3,0
image_45.jpg,22,6,3,0
image_45.jpg,23,7,3,0
image_45.jpg,24,8,3,0
image_45.jpg,25,1,4,0
image_45.jpg,26,2,4,0
image_45.jpg,27,3,4,0
image_45.jpg,28,4,4,0
image_45.jpg,29,5,4,0
image_45.jpg,30,6,4,0
image_45.jpg,31,7,4,0
image_45.jpg,32,8,4,0
image_45.jpg,33,1,5,0
image_45.jpg,34,2,5,3
image_45.jpg,35,3,5,3
image_45.jpg,36,4,5,0
image_45.jpg,37,5,5,0
image_45.jpg,38,6,5,0
image_45.jpg,39,7,5,0
image_45.jpg,40,8,5,0
image_45.jpg,41,1,6,0
image_45.jpg,42,2,6,3
image_45.jpg,43,3,6,3
image_45.jpg,44,4,6,0
image_45.jpg,45,5,6,0
image_45.jpg,46,6,6,0
image_45.jpg,47,7,6,0
image_45.jpg,48,8,6,0
image_45.jpg,49,1,7,0
image_45.jpg,50,2,7,3
image_45.jpg,51,3,7,3
image_45.jpg,52,4,7,0
image_45.jpg,53,5,7,0
image_45.jpg,54,6,7,0
image_45.jpg,55,7,7,0
image_45.jpg,56,8,7,0
image_45.jpg,57,1,8,0
image_45.jpg,58,2,8,3
image_45.jpg,59,3,8,3
image_45.jpg,60,4,8,0
image_45.jpg,61,5,8,0
image_45.jpg,62,6,8,0
image_45.jpg,63,7,8,0
image_45.jpg,64,8,8,0
image_46.jpg,1,1,1,0
image_46.jpg,2,2,1,0
image_46.jpg,3,3,1,0
image_46.jpg,4,4,1,0
image_46.jpg,5,5,1,0
image_46.jpg,6,6,1,2
image_46.jpg,7,7,1,0
image_46.jpg,8,8,1,0
image_46.jpg,9,1,2,0
image_46.jpg,10,2,2,0
image_46.jpg,11,3,2,0
image_46.jpg,12,4,2,0
image_46.jpg,13,5,2,0
image_46.jpg,14,6,2,2
image_46.jpg,15,7,2,0
image_46.jpg,16,8,2,0
image_46.jpg,17,1,3,0
image_46.jpg,18,2,3,0
image_46.jpg,19,3,3,0
image_46.jpg,20,4,3,0
image_46.jpg,21,5,3,0
image_46.jpg,22,6,3,2
image_46.jpg,23,7,3,0
image_46.jpg,24,8,3,0
image_46.jpg,25,1,4,0
image_46.jpg,26,2,4,0
image_46.jpg,27,3,4,0
image_46.jpg,28,4,4,0
image_46.jpg,29,5,4,0
image_46.jpg,30,6,4,0
image_46.jpg,31,7,4,0
image_46.jpg,32,8,4,0
image_46.jpg,33,1,5,0
image_46.jpg,34,2,5,0
image_46.jpg,35,3,5,3
image_46.jpg,36,4,5,0
image_46.jpg,37,5,5,0
image_46.jpg,38,6,5,0
image_46.jpg,39,7,5,0
image_46.jpg,40,8,5,0
image_46.jpg,41,1,6,0
image_46.jpg,42,2,6,0
image_46.jpg,43,3,6,3
image_46.jpg,44,4,6,0
image_46.jpg,45,5,6,0
image_46.jpg,46,6,6,0
image_46.jpg,47,7,6,0
image_46.jpg,48,8,6,0
image_46.jpg,49,1,7,0
image_46.jpg,50,2,7,0
image_46.jpg,51,3,7,3
image_46.jpg,52,4,7,0
image_46.jpg,53,5,7,0
image_46.jpg,54,6,7,0
image_46.jpg,55,7,7,0
image_46.jpg,56,8,7,0
image_46.jpg,57,1,8,0
image_46.jpg,58,2,8,0
image_46.jpg,59,3,8,3
image_46.jpg,60,4,8,0
image_46.jpg,61,5,8,0
image_46.jpg,62,6,8,0
image_46.jpg,63,7,8,0
image_46.jpg,64,8,8,0
image_47.jpg,1,1,1,0
image_47.jpg,2,2,1,0
image_47.jpg,3,3,1,0
image_47.jpg,4,4,1,0
image_47.jpg,5,5,1,2
image_47.jpg,6,6,1,2
image_47.jpg,7,7,1,0
image_47.jpg,8,8,1,0
image_47.jpg,9,1,2,0
image_47.jpg,10,2,2,0
image_47.jpg,11,3,2,0
image_47.jpg,12,4,2,2
image_47.jpg,13,5,2,0
image_47.jpg,14,6,2,0
image_47.jpg,15,7,2,0
image_47.jpg,16,8,2,0
image_47.jpg,17,1,3,0
image_47.jpg,18,2,3,0
image_47.jpg,19,3,3,0
image_47.jpg,20,4,3,0
image_47.jpg,21,5,3,0
image_47.jpg,22,6,3,0
image_47.jpg,23,7,3,0
image_47.jpg,24,8,3,0
image_47.jpg,25,1,4,0
image_47.jpg,26,2,4,0
image_47.jpg,27,3,4,0
image_47.jpg,28,4,4,0
image_47.jpg,29,5,4,0
image_47.jpg,30,6,4,0
image_47.jpg,31,7,4,0
image_47.jpg,32,8,4,0
image_47.jpg,33,1,5,0
image_47.jpg,34,2,5,3
image_47.jpg,35,3,5,0
image_47.jpg,36,4,5,0
image_47.jpg,37,5,5,0
image_47.jpg,38,6,5,0
image_47.jpg,39,7,5,0
image_47.jpg,40,8,5,0
image_47.jpg,41,1,6,0
image_47.jpg,42,2,6,3
image_47.jpg,43,3,6,0
image_47.jpg,44,4,6,0
image_47.jpg,45,5,6,0
image_47.jpg,46,6,6,0
image_47.jpg,47,7,6,0
image_47.jpg,48,8,6,0
image_47.jpg,49,1,7,0
image_47.jpg,50,2,7,3
image_47.jpg,51,3,7,0
image_47.jpg,52,4,7,0
image_47.jpg,53,5,7,0
image_47.jpg,54,6,7,0
image_47.jpg,55,7,7,0
image_47.jpg,56,8,7,0
image_47.jpg,57,1,8,0
image_47.jpg,58,2,8,3
image_47.jpg,59,3,8,0
image_47.jpg,60,4,8,0
image_47.jpg,61,5,8,0
image_47.jpg,62,6,8,0
image_47.jpg,63,7,8,0
image_47.jpg,64,8,8,0
image_48.jpg,1,1,1,0
image_48.jpg,2,2,1,0
image_48.jpg,3,3,1,0
image_48.jpg,4,4,1,0
image_48.jpg,5,5,1,0
image_48.jpg,6,6,1,2
image_48.jpg,7,7,1,0
image_48.jpg,8,8,1,0
image_48.jpg,9,1,2,0
image_48.jpg,10,2,2,0
image_48.jpg,11,3,2,0
image_48.jpg,12,4,2,0
image_48.jpg,13,5,2,0
image_48.jpg,14,6,2,2
image_48.jpg,15,7,2,0
image_48.jpg,16,8,2,0
image_48.jpg,17,1,3,0
image_48.jpg,18,2,3,0
image_48.jpg,19,3,3,0
image_48.jpg,20,4,3,0
image_48.jpg,21,5,3,0
image_48.jpg,22,6,3,2
image_48.jpg,23,7,3,0
image_48.jpg,24,8,3,0
image_48.jpg,25,1,4,0
image_48.jpg,26,2,4,0
image_48.jpg,27,3,4,0
image_48.jpg,28,4,4,0
image_48.jpg,29,5,4,0
image_48.jpg,30,6,4,0
image_48.jpg,31,7,4,0
image_48.jpg,32,8,4,0
image_48.jpg,33,1,5,0
image_48.jpg,34,2,5,0
image_48.jpg,35,3,5,0
image_48.jpg,36,4,5,0
image_48.jpg,37,5,5,3
image_48.jpg,38,6,5,0
image_48.jpg,39,7,5,0
image_48.jpg,40,8,5,0
image_48.jpg,41,1,6,0
image_48.jpg,42,2,6,0
image_48.jpg,43,3,6,0
image_48.jpg,44,4,6,0
image_48.jpg,45,5,6,3
image_48.jpg,46,6,6,0
image_48.jpg,47,7,6,0
image_48.jpg,48,8,6,0
image_48.jpg,49,1,7,0
image_48.jpg,50,2,7,0
image_48.jpg,51,3,7,0
image_48.jpg,52,4,7,0
image_48.jpg,53,5,7,3
image_48.jpg,54,6,7,0
image_48.jpg,55,7,7,0
image_48.jpg,56,8,7,0
image_48.jpg,57,1,8,0
image_48.jpg,58,2,8,0
image_48.jpg,59,3,8,0
image_48.jpg,60,4,8,0
image_48.jpg,61,5,8,0
image_48.jpg,62,6,8,0
image_48.jpg,63,7,8,0
image_48.jpg,64,8,8,0
image_49.jpg,1,1,1,0
image_49.jpg,2,2,1,0
image_49.jpg,3,3,1,0
image_49.jpg,4,4,1,0
image_49.jpg,5,5,1,0
image_49.jpg,6,6,1,0
image_49.jpg,7,7,1,0
image_49.jpg,8,8,1,0
image_49.jpg,9,1,2,0
image_49.jpg,10,2,2,0
image_49.jpg,11,3,2,0
image_49.jpg,12,4,2,2
image_49.jpg,13,5,2,0
image_49.jpg,14,6,2,0
image_49.jpg,15,7,2,0
image_49.jpg,16,8,2,0
image_49.jpg,17,1,3,0
image_49.jpg,18,2,3,0
image_49.jpg,19,3,3,0
image_49.jpg,20,4,3,0
image_49.jpg,21,5,3,0
image_49.jpg,22,6,3,0
image_49.jpg,23,7,3,0
image_49.jpg,24,8,3,0
image_49.jpg,25,1,4,0
image_49.jpg,26,2,4,0
image_49.jpg,27,3,4,0
image_49.jpg,28,4,4,0
image_49.jpg,29,5,4,0
image_49.jpg,30,6,4,0
image_49.jpg,31,7,4,0
image_49.jpg,32,8,4,0
image_49.jpg,33,1,5,0
image_49.jpg,34,2,5,0
image_49.jpg,35,3,5,0
image_49.jpg,36,4,5,0
image_49.jpg,37,5,5,0
image_49.jpg,38,6,5,0
image_49.jpg,39,7,5,0
image_49.jpg,40,8,5,0
image_49.jpg,41,1,6,0
image_49.jpg,42,2,6,0
image_49.jpg,43,3,6,0
image_49.jpg,44,4,6,0
image_49.jpg,45,5,6,0
image_49.jpg,46,6,6,3
image_49.jpg,47,7,6,0
image_49.jpg,48,8,6,0
image_49.jpg,49,1,7,0
image_49.jpg,50,2,7,0
image_49.jpg,51,3,7,0
image_49.jpg,52,4,7,0
image_49.jpg,53,5,7,0
image_49.jpg,54,6,7,3
image_49.jpg,55,7,7,0
image_49.jpg,56,8,7,0
image_49.jpg,57,1,8,0
image_49.jpg,58,2,8,0
image_49.jpg,59,3,8,0
image_49.jpg,60,4,8,0
image_49.jpg,61,5,8,0
image_49.jpg,62,6,8,3
image_49.jpg,63,7,8,0
image_49.jpg,64,8,8,0
image_5.jpg,1,1,1,0
image_5.jpg,2,2,1,0
image_5.jpg,3,3,1,0
image_5.jpg,4,4,1,0
image_5.jpg,5,5,1,2
image_5.jpg,6,6,1,2
image_5.jpg,7,7,1,0
image_5.jpg,8,8,1,0
image_5.jpg,9,1,2,0
image_5.jpg,10,2,2,0
image_5.jpg,11,3,2,0
image_5.jpg,12,4,2,2
image_5.jpg,13,5,2,2
image_5.jpg,14,6,2,2
image_5.jpg,15,7,2,0
image_5.jpg,16,8,2,0
image_5.jpg,17,1,3,0
image_5.jpg,18,2,3,0
image_5.jpg,19,3,3,0
image_5.jpg,20,4,3,0
image_5.jpg,21,5,3,0
image_5.jpg,22,6,3,0
image_5.jpg,23,7,3,0
image_5.jpg,24,8,3,0
image_5.jpg,25,1,4,0
image_5.jpg,26,2,4,0
image_5.jpg,27,3,4,0
image_5.jpg,28,4,4,0
image_5.jpg,29,5,4,0
image_5.jpg,30,6,4,0
image_5.jpg,31,7,4,0
image_5.jpg,32,8,4,0
image_5.jpg,33,1,5,0
image_5.jpg,34,2,5,0
image_5.jpg,35,3,5,0
image_5.jpg,36,4,5,0
image_5.jpg,37,5,5,0
image_5.jpg,38,6,5,0
image_5.jpg,39,7,5,0
image_5.jpg,40,8,5,0
image_5.jpg,41,1,6,0
image_5.jpg,42,2,6,0
image_5.jpg,43,3,6,0
image_5.jpg,44,4,6,0
image_5.jpg,45,5,6,0
image_5.jpg,46,6,6,0
image_5.jpg,47,7,6,0
image_5.jpg,48,8,6,0
image_5.jpg,49,1,7,0
image_5.jpg,50,2,7,0
image_5.jpg,51,3,7,0
image_5.jpg,52,4,7,0
image_5.jpg,53,5,7,0
image_5.jpg,54,6,7,0
image_5.jpg,55,7,7,0
image_5.jpg,56,8,7,0
image_5.jpg,57,1,8,0
image_5.jpg,58,2,8,0
image_5.jpg,59,3,8,0
image_5.jpg,60,4,8,0
image_5.jpg,61,5,8,0
image_5.jpg,62,6,8,0
image_5.jpg,63,7,8,0
image_5.jpg,64,8,8,0
image_50.jpg,1,1,1,0
image_50.jpg,2,2,1,0
image_50.jpg,3,3,1,0
image_50.jpg,4,4,1,0
image_50.jpg,5,5,1,0
image_50.jpg,6,6,1,0
image_50.jpg,7,7,1,0
image_50.jpg,8,8,1,0
image_50.jpg,9,1,2,0
image_50.jpg,10,2,2,0
image_50.jpg,11,3,2,0
image_50.jpg,12,4,2,0
image_50.jpg,13,5,2,0
image_50.jpg,14,6,2,0
image_50.jpg,15,7,2,0
image_50.jpg,16,8,2,0
image_50.jpg,17,1,3,0
image_50.jpg,18,2,3,0
image_50.jpg,19,3,3,0
image_50.jpg,20,4,3,0
image_50.jpg,21,5,3,2
image_50.jpg,22,6,3,2
image_50.jpg,23,7,3,0
image_50.jpg,24,8,3,0
image_50.jpg,25,1,4,0
image_50.jpg,26,2,4,0
image_50.jpg,27,3,4,0
image_50.jpg,28,4,4,0
image_50.jpg,29,5,4,0
image_50.jpg,30,6,4,2
image_50.jpg,31,7,4,0
image_50.jpg,32,8,4,0
image_50.jpg,33,1,5,0
image_50.jpg,34,2,5,0
image_50.jpg,35,3,5,0
image_50.jpg,36,4,5,0
image_50.jpg,37,5,5,0
image_50.jpg,38,6,5,0
image_50.jpg,39,7,5,0
image_50.jpg,40,8,5,0
image_50.jpg,41,1,6,0
image_50.jpg,42,2,6,0
image_50.jpg,43,3,6,0
image_50.jpg,44,4,6,0
image_50.jpg,45,5,6,0
image_50.jpg,46,6,6,3
image_50.jpg,47,7,6,0
image_50.jpg,48,8,6,0
image_50.jpg,49,1,7,0
image_50.jpg,50,2,7,0
image_50.jpg,51,3,7,0
image_50.jpg,52,4,7,0
image_50.jpg,53,5,7,0
image_50.jpg,54,6,7,3
image_50.jpg,55,7,7,0
image_50.jpg,56,8,7,0
image_50.jpg,57,1,8,0
image_50.jpg,58,2,8,0
image_50.jpg,59,3,8,0
image_50.jpg,60,4,8,0
image_50.jpg,61,5,8,0
image_50.jpg,62,6,8,3
image_50.jpg,63,7,8,0
image_50.jpg,64,8,8,0
image_6.jpg,1,1,1,0
image_6.jpg,2,2,1,0
image_6.jpg,3,3,1,0
image_6.jpg,4,4,1,0
image_6.jpg,5,5,1,2
image_6.jpg,6,6,1,0
image_6.jpg,7,7,1,0
image_6.jpg,8,8,1,0
image_6.jpg,9,1,2,0
image_6.jpg,10,2,2,0
image_6.jpg,11,3,2,0
image_6.jpg,12,4,2,0
image_6.jpg,13,5,2,2
image_6.jpg,14,6,2,2
image_6.jpg,15,7,2,0
image_6.jpg,16,8,2,0
image_6.jpg,17,1,3,0
image_6.jpg,18,2,3,0
image_6.jpg,19,3,3,0
image_6.jpg,20,4,3,0
image_6.jpg,21,5,3,0
image_6.jpg,22,6,3,0
image_6.jpg,23,7,3,0
image_6.jpg,24,8,3,0
image_6.jpg,25,1,4,0
image_6.jpg,26,2,4,0
image_6.jpg,27,3,4,0
image_6.jpg,28,4,4,0
image_6.jpg,29,5,4,0
image_6.jpg,30,6,4,0
image_6.jpg,31,7,4,0
image_6.jpg,32,8,4,0
image_6.jpg,33,1,5,0
image_6.jpg,34,2,5,0
image_6.jpg,35,3,5,0
image_6.jpg,36,4,5,0
image_6.jpg,37,5,5,0
image_6.jpg,38,6,5,0
image_6.jpg,39,7,5,0
image_6.jpg,40,8,5,0
image_6.jpg,41,1,6,0
image_6.jpg,42,2,6,0
image_6.jpg,43,3,6,0
image_6.jpg,44,4,6,3
image_6.jpg,45,5,6,0
image_6.jpg,46,6,6,0
image_6.jpg,47,7,6,0
image_6.jpg,48,8,6,0
image_6.jpg,49,1,7,0
image_6.jpg,50,2,7,0
image_6.jpg,51,3,7,0
image_6.jpg,52,4,7,3
image_6.jpg,53,5,7,0
image_6.jpg,54,6,7,0
image_6.jpg,55,7,7,0
image_6.jpg,56,8,7,0
image_6.jpg,57,1,8,0
image_6.jpg,58,2,8,0
image_6.jpg,59,3,8,0
image_6.jpg,60,4,8,3
image_6.jpg,61,5,8,3
image_6.jpg,62,6,8,0
image_6.jpg,63,7,8,0
image_6.jpg,64,8,8,0
image_7.jpg,1,1,1,0
image_7.jpg,2,2,1,0
image_7.jpg,3,3,1,0
image_7.jpg,4,4,1,0
image_7.jpg,5,5,1,0
image_7.jpg,6,6,1,0
image_7.jpg,7,7,1,0
image_7.jpg,8,8,1,0
image_7.jpg,9,1,2,0
image_7.jpg,10,2,2,0
image_7.jpg,11,3,2,1
image_7.jpg,12,4,2,0
image_7.jpg,13,5,2,0
image_7.jpg,14,6,2,2
image_7.jpg,15,7,2,0
image_7.jpg,16,8,2,2
image_7.jpg,17,1,3,0
image_7.jpg,18,2,3,0
image_7.jpg,19,3,3,0
image_7.jpg,20,4,3,0
image_7.jpg,21,5,3,0
image_7.jpg,22,6,3,2
image_7.jpg,23,7,3,2
image_7.jpg,24,8,3,0
image_7.jpg,25,1,4,0
image_7.jpg,26,2,4,0
image_7.jpg,27,3,4,0
image_7.jpg,28,4,4,0
image_7.jpg,29,5,4,0
image_7.jpg,30,6,4,0
image_7.jpg,31,7,4,0
image_7.jpg,32,8,4,0
image_7.jpg,33,1,5,0
image_7.jpg,34,2,5,0
image_7.jpg,35,3,5,0
image_7.jpg,36,4,5,0
image_7.jpg,37,5,5,0
image_7.jpg,38,6,5,0
image_7.jpg,39,7,5,0
image_7.jpg,40,8,5,0
image_7.jpg,41,1,6,0
image_7.jpg,42,2,6,0
image_7.jpg,43,3,6,0
image_7.jpg,44,4,6,0
image_7.jpg,45,5,6,0
image_7.jpg,46,6,6,0
image_7.jpg,47,7,6,0
image_7.jpg,48,8,6,0
image_7.jpg,49,1,7,0
image_7.jpg,50,2,7,0
image_7.jpg,51,3,7,0
image_7.jpg,52,4,7,0
image_7.jpg,53,5,7,0
image_7.jpg,54,6,7,0
image_7.jpg,55,7,7,0
image_7.jpg,56,8,7,0
image_7.jpg,57,1,8,0
image_7.jpg,58,2,8,0
image_7.jpg,59,3,8,0
image_7.jpg,60,4,8,0
image_7.jpg,61,5,8,0
image_7.jpg,62,6,8,0
image_7.jpg,63,7,8,0
image_7.jpg,64,8,8,0
image_8.jpg,1,1,1,0
image_8.jpg,2,2,1,0
image_8.jpg,3,3,1,2
image_8.jpg,4,4,1,0
image_8.jpg,5,5,1,0
image_8.jpg,6,6,1,0
image_8.jpg,7,7,1,0
image_8.jpg,8,8,1,0
image_8.jpg,9,1,2,0
image_8.jpg,10,2,2,0
image_8.jpg,11,3,2,0
image_8.jpg,12,4,2,0
image_8.jpg,13,5,2,0
image_8.jpg,14,6,2,0
image_8.jpg,15,7,2,0
image_8.jpg,16,8,2,0
image_8.jpg,17,1,3,0
image_8.jpg,18,2,3,0
image_8.jpg,19,3,3,0
image_8.jpg,20,4,3,0
image_8.jpg,21,5,3,0
image_8.jpg,22,6,3,0
image_8.jpg,23,7,3,0
image_8.jpg,24,8,3,0
image_8.jpg,25,1,4,0
image_8.jpg,26,2,4,0
image_8.jpg,27,3,4,0
image_8.jpg,28,4,4,0
image_8.jpg,29,5,4,0
image_8.jpg,30,6,4,0
image_8.jpg,31,7,4,0
image_8.jpg,32,8,4,0
image_8.jpg,33,1,5,0
image_8.jpg,34,2,5,0
image_8.jpg,35,3,5,0
image_8.jpg,36,4,5,0
image_8.jpg,37,5,5,0
image_8.jpg,38,6,5,0
image_8.jpg,39,7,5,0
image_8.jpg,40,8,5,0
image_8.jpg,41,1,6,0
image_8.jpg,42,2,6,0
image_8.jpg,43,3,6,0
image_8.jpg,44,4,6,0
image_8.jpg,45,5,6,0
image_8.jpg,46,6,6,0
image_8.jpg,47,7,6,0
image_8.jpg,48,8,6,3
image_8.jpg,49,1,7,0
image_8.jpg,50,2,7,0
image_8.jpg,51,3,7,0
image_8.jpg,52,4,7,0
image_8.jpg,53,5,7,0
image_8.jpg,54,6,7,0
image_8.jpg,55,7,7,0
image_8.jpg,56,8,7,3
image_8.jpg,57,1,8,0
image_8.jpg,58,2,8,0
image_8.jpg,59,3,8,0
image_8.jpg,60,4,8,0
image_8.jpg,61,5,8,0
image_8.jpg,62,6,8,0
image_8.jpg,63,7,8,0
image_8.jpg,64,8,8,3
image_9.jpg,1,1,1,0
image_9.jpg,2,2,1,0
image_9.jpg,3,3,1,0
image_9.jpg,4,4,1,0
image_9.jpg,5,5,1,0
image_9.jpg,6,6,1,0
image_9.jpg,7,7,1,1
image_9.jpg,8,8,1,0
image_9.jpg,9,1,2,0
image_9.jpg,10,2,2,0
image_9.jpg,11,3,2,0
image_9.jpg,12,4,2,0
image_9.jpg,13,5,2,0
image_9.jpg,14,6,2,0
image_9.jpg,15,7,2,0
image_9.jpg,16,8,2,0
image_9.jpg,17,1,3,0
image_9.jpg,18,2,3,0
image_9.jpg,19,3,3,0
image_9.jpg,20,4,3,0
image_9.jpg,21,5,3,2
image_9.jpg,22,6,3,0
image_9.jpg,23,7,3,0
image_9.jpg,24,8,3,0
image_9.jpg,25,1,4,0
image_9.jpg,26,2,4,0
image_9.jpg,27,3,4,0
image_9.jpg,28,4,4,0
image_9.jpg,29,5,4,2
image_9.jpg,30,6,4,0
image_9.jpg,31,7,4,0
image_9.jpg,32,8,4,0
image_9.jpg,33,1,5,0
image_9.jpg,34,2,5,0
image_9.jpg,35,3,5,0
image_9.jpg,36,4,5,0
image_9.jpg,37,5,5,0
image_9.jpg,38,6,5,0
image_9.jpg,39,7,5,0
image_9.jpg,40,8,5,0
image_9.jpg,41,1,6,0
image_9.jpg,42,2,6,0
image_9.jpg,43,3,6,3
image_9.jpg,44,4,6,0
image_9.jpg,45,5,6,0
image_9.jpg,46,6,6,0
image_9.jpg,47,7,6,0
image_9.jpg,48,8,6,0
image_9.jpg,49,1,7,0
image_9.jpg,50,2,7,0
image_9.jpg,51,3,7,3
image_9.jpg,52,4,7,0
image_9.jpg,53,5,7,0
image_9.jpg,54,6,7,0
image_9.jpg,55,7,7,0
image_9.jpg,56,8,7,0
image_9.jpg,57,1,8,0
image_9.jpg,58,2,8,0
image_9.jpg,59,3,8,3
image_9.jpg,60,4,8,0
image_9.jpg,61,5,8,0
image_9.jpg,62,6,8,0
image_9.jpg,63,7,8,0
image_9.jpg,64,8,8,0
