image_200.webp,1,0
image_200.webp,2,0
image_200.webp,3,0
image_200.webp,4,0
image_200.webp,5,0
image_200.webp,6,0
image_200.webp,7,0
image_200.webp,8,0
image_200.webp,9,0
image_200.webp,10,0
image_200.webp,11,0
image_200.webp,12,0
image_200.webp,13,0
image_200.webp,14,0
image_200.webp,15,0
image_200.webp,16,0
image_200.webp,17,0
image_200.webp,18,0
image_200.webp,19,0
image_200.webp,20,0
image_200.webp,21,0
image_200.webp,22,0
image_200.webp,23,0
image_200.webp,24,0
image_200.webp,25,0
image_200.webp,26,2
image_200.webp,27,0
image_200.webp,28,0
image_200.webp,29,0
image_200.webp,30,0
image_200.webp,31,2
image_200.webp,32,2
image_200.webp,33,0
image_200.webp,34,2
image_200.webp,35,2
image_200.webp,36,0
image_200.webp,37,0
image_200.webp,38,0
image_200.webp,39,0
image_200.webp,40,1
image_200.webp,41,0
image_200.webp,42,2
image_200.webp,43,1
image_200.webp,44,0
image_200.webp,45,0
image_200.webp,46,0
image_200.webp,47,0
image_200.webp,48,0
image_200.webp,49,0
image_200.webp,50,0
image_200.webp,51,1
image_200.webp,52,0
image_200.webp,53,0
image_200.webp,54,0
image_200.webp,55,0
image_200.webp,56,0
image_200.webp,57,0
image_200.webp,58,0
image_200.webp,59,0
image_200.webp,60,0
image_200.webp,61,0
image_200.webp,62,0
image_200.webp,63,0
image_200.webp,64,0
image_201.jpg,1,0
image_201.jpg,2,0
image_201.jpg,3,0
image_201.jpg,4,0
image_201.jpg,5,0
image_201.jpg,6,2
image_201.jpg,7,0
image_201.jpg,8,0
image_201.jpg,9,0
image_201.jpg,10,0
image_201.jpg,11,0
image_201.jpg,12,0
image_201.jpg,13,0
image_201.jpg,14,2
image_201.jpg,15,1
image_201.jpg,16,0
image_201.jpg,17,0
image_201.jpg,18,0
image_201.jpg,19,0
image_201.jpg,20,0
image_201.jpg,21,0
image_201.jpg,22,2
image_201.jpg,23,1
image_201.jpg,24,0
image_201.jpg,25,0
image_201.jpg,26,0
image_201.jpg,27,0
image_201.jpg,28,0
image_201.jpg,29,0
image_201.jpg,30,2
image_201.jpg,31,2
image_201.jpg,32,0
image_201.jpg,33,0
image_201.jpg,34,0
image_201.jpg,35,0
image_201.jpg,36,0
image_201.jpg,37,0
image_201.jpg,38,0
image_201.jpg,39,0
image_201.jpg,40,0
image_201.jpg,41,0
image_201.jpg,42,0
image_201.jpg,43,3
image_201.jpg,44,3
image_201.jpg,45,0
image_201.jpg,46,0
image_201.jpg,47,0
image_201.jpg,48,0
image_201.jpg,49,0
image_201.jpg,50,0
image_201.jpg,51,3
image_201.jpg,52,3
image_201.jpg,53,0
image_201.jpg,54,0
image_201.jpg,55,0
image_201.jpg,56,0
image_201.jpg,57,0
image_201.jpg,58,0
image_201.jpg,59,3
image_201.jpg,60,3
image_201.jpg,61,0
image_201.jpg,62,0
image_201.jpg,63,0
image_201.jpg,64,0
image_202.jpg,1,0
image_202.jpg,2,0
image_202.jpg,3,0
image_202.jpg,4,0
image_202.jpg,5,0
image_202.jpg,6,0
image_202.jpg,7,0
image_202.jpg,8,0
image_202.jpg,9,0
image_202.jpg,10,0
image_202.jpg,11,0
image_202.jpg,12,0
image_202.jpg,13,0
image_202.jpg,14,0
image_202.jpg,15,0
image_202.jpg,16,0
image_202.jpg,17,0
image_202.jpg,18,0
image_202.jpg,19,0
image_202.jpg,20,0
image_202.jpg,21,2
image_202.jpg,22,0
image_202.jpg,23,0
image_202.jpg,24,0
image_202.jpg,25,0
image_202.jpg,26,0
image_202.jpg,27,0
image_202.jpg,28,3
image_202.jpg,29,1
image_202.jpg,30,0
image_202.jpg,31,0
image_202.jpg,32,0
image_202.jpg,33,0
image_202.jpg,34,0
image_202.jpg,35,0
image_202.jpg,36,3
image_202.jpg,37,0
image_202.jpg,38,0
image_202.jpg,39,0
image_202.jpg,40,0
image_202.jpg,41,0
image_202.jpg,42,0
image_202.jpg,43,0
image_202.jpg,44,3
image_202.jpg,45,0
image_202.jpg,46,0
image_202.jpg,47,0
image_202.jpg,48,0
image_202.jpg,49,0
image_202.jpg,50,0
image_202.jpg,51,0
image_202.jpg,52,3
image_202.jpg,53,0
image_202.jpg,54,0
image_202.jpg,55,0
image_202.jpg,56,0
image_202.jpg,57,0
image_202.jpg,58,0
image_202.jpg,59,0
image_202.jpg,60,0
image_202.jpg,61,0
image_202.jpg,62,0
image_202.jpg,63,0
image_202.jpg,64,0
image_203.webp,1,0
image_203.webp,2,0
image_203.webp,3,0
image_203.webp,4,0
image_203.webp,5,0
image_203.webp,6,0
image_203.webp,7,0
image_203.webp,8,0
image_203.webp,9,0
image_203.webp,10,0
image_203.webp,11,0
image_203.webp,12,0
image_203.webp,13,0
image_203.webp,14,0
image_203.webp,15,0
image_203.webp,16,0
image_203.webp,17,0
image_203.webp,18,0
image_203.webp,19,0
image_203.webp,20,0
image_203.webp,21,0
image_203.webp,22,2
image_203.webp,23,0
image_203.webp,24,0
image_203.webp,25,0
image_203.webp,26,2
image_203.webp,27,2
image_203.webp,28,0
image_203.webp,29,0
image_203.webp,30,2
image_203.webp,31,0
image_203.webp,32,0
image_203.webp,33,0
image_203.webp,34,2
image_203.webp,35,1
image_203.webp,36,2
image_203.webp,37,1
image_203.webp,38,2
image_203.webp,39,0
image_203.webp,40,0
image_203.webp,41,0
image_203.webp,42,2
image_203.webp,43,3
image_203.webp,44,0
image_203.webp,45,0
image_203.webp,46,0
image_203.webp,47,0
image_203.webp,48,0
image_203.webp,49,0
image_203.webp,50,0
image_203.webp,51,3
image_203.webp,52,0
image_203.webp,53,0
image_203.webp,54,0
image_203.webp,55,0
image_203.webp,56,0
image_203.webp,57,0
image_203.webp,58,0
image_203.webp,59,3
image_203.webp,60,0
image_203.webp,61,0
image_203.webp,62,0
image_203.webp,63,0
image_203.webp,64,0
image_204.webp,1,0
image_204.webp,2,0
image_204.webp,3,0
image_204.webp,4,0
image_204.webp,5,0
image_204.webp,6,0
image_204.webp,7,0
image_204.webp,8,0
image_204.webp,9,0
image_204.webp,10,0
image_204.webp,11,0
image_204.webp,12,0
image_204.webp,13,0
image_204.webp,14,0
image_204.webp,15,0
image_204.webp,16,0
image_204.webp,17,0
image_204.webp,18,0
image_204.webp,19,0
image_204.webp,20,0
image_204.webp,21,0
image_204.webp,22,0
image_204.webp,23,0
image_204.webp,24,0
image_204.webp,25,0
image_204.webp,26,0
image_204.webp,27,0
image_204.webp,28,0
image_204.webp,29,0
image_204.webp,30,0
image_204.webp,31,0
image_204.webp,32,0
image_204.webp,33,0
image_204.webp,34,0
image_204.webp,35,0
image_204.webp,36,0
image_204.webp,37,0
image_204.webp,38,0
image_204.webp,39,0
image_204.webp,40,0
image_204.webp,41,0
image_204.webp,42,0
image_204.webp,43,0
image_204.webp,44,0
image_204.webp,45,0
image_204.webp,46,0
image_204.webp,47,0
image_204.webp,48,0
image_204.webp,49,0
image_204.webp,50,0
image_204.webp,51,0
image_204.webp,52,0
image_204.webp,53,0
image_204.webp,54,0
image_204.webp,55,0
image_204.webp,56,0
image_204.webp,57,0
image_204.webp,58,0
image_204.webp,59,0
image_204.webp,60,0
image_204.webp,61,0
image_204.webp,62,0
image_204.webp,63,0
image_204.webp,64,0
image_205.jpg,1,0
image_205.jpg,2,0
image_205.jpg,3,0
image_205.jpg,4,0
image_205.jpg,5,0
image_205.jpg,6,0
image_205.jpg,7,1
image_205.jpg,8,0
image_205.jpg,9,0
image_205.jpg,10,0
image_205.jpg,11,0
image_205.jpg,12,2
image_205.jpg,13,0
image_205.jpg,14,0
image_205.jpg,15,0
image_205.jpg,16,0
image_205.jpg,17,0
image_205.jpg,18,0
image_205.jpg,19,0
image_205.jpg,20,2
image_205.jpg,21,2
image_205.jpg,22,0
image_205.jpg,23,0
image_205.jpg,24,0
image_205.jpg,25,0
image_205.jpg,26,0
image_205.jpg,27,0
image_205.jpg,28,2
image_205.jpg,29,2
image_205.jpg,30,0
image_205.jpg,31,0
image_205.jpg,32,0
image_205.jpg,33,0
image_205.jpg,34,0
image_205.jpg,35,0
image_205.jpg,36,0
image_205.jpg,37,0
image_205.jpg,38,0
image_205.jpg,39,0
image_205.jpg,40,0
image_205.jpg,41,0
image_205.jpg,42,0
image_205.jpg,43,0
image_205.jpg,44,0
image_205.jpg,45,0
image_205.jpg,46,3
image_205.jpg,47,3
image_205.jpg,48,0
image_205.jpg,49,0
image_205.jpg,50,0
image_205.jpg,51,0
image_205.jpg,52,0
image_205.jpg,53,0
image_205.jpg,54,3
image_205.jpg,55,3
image_205.jpg,56,0
image_205.jpg,57,0
image_205.jpg,58,0
image_205.jpg,59,0
image_205.jpg,60,0
image_205.jpg,61,0
image_205.jpg,62,3
image_205.jpg,63,3
image_205.jpg,64,0
image_206.jpg,1,0
image_206.jpg,2,0
image_206.jpg,3,0
image_206.jpg,4,0
image_206.jpg,5,0
image_206.jpg,6,0
image_206.jpg,7,0
image_206.jpg,8,0
image_206.jpg,9,0
image_206.jpg,10,0
image_206.jpg,11,0
image_206.jpg,12,0
image_206.jpg,13,0
image_206.jpg,14,0
image_206.jpg,15,0
image_206.jpg,16,0
image_206.jpg,17,0
image_206.jpg,18,0
image_206.jpg,19,0
image_206.jpg,20,0
image_206.jpg,21,0
image_206.jpg,22,0
image_206.jpg,23,0
image_206.jpg,24,0
image_206.jpg,25,1
image_206.jpg,26,0
image_206.jpg,27,0
image_206.jpg,28,3
image_206.jpg,29,0
image_206.jpg,30,0
image_206.jpg,31,0
image_206.jpg,32,0
image_206.jpg,33,0
image_206.jpg,34,0
image_206.jpg,35,0
image_206.jpg,36,3
image_206.jpg,37,0
image_206.jpg,38,0
image_206.jpg,39,2
image_206.jpg,40,0
image_206.jpg,41,0
image_206.jpg,42,0
image_206.jpg,43,0
image_206.jpg,44,3
image_206.jpg,45,2
image_206.jpg,46,2
image_206.jpg,47,2
image_206.jpg,48,0
image_206.jpg,49,0
image_206.jpg,50,0
image_206.jpg,51,0
image_206.jpg,52,3
image_206.jpg,53,0
image_206.jpg,54,0
image_206.jpg,55,0
image_206.jpg,56,0
image_206.jpg,57,0
image_206.jpg,58,0
image_206.jpg,59,0
image_206.jpg,60,3
image_206.jpg,61,0
image_206.jpg,62,0
image_206.jpg,63,0
image_206.jpg,64,0
image_207.jpg,1,0
image_207.jpg,2,0
image_207.jpg,3,0
image_207.jpg,4,0
image_207.jpg,5,0
image_207.jpg,6,0
image_207.jpg,7,0
image_207.jpg,8,0
image_207.jpg,9,0
image_207.jpg,10,0
image_207.jpg,11,0
image_207.jpg,12,0
image_207.jpg,13,3
image_207.jpg,14,0
image_207.jpg,15,0
image_207.jpg,16,0
image_207.jpg,17,0
image_207.jpg,18,0
image_207.jpg,19,0
image_207.jpg,20,0
image_207.jpg,21,3
image_207.jpg,22,3
image_207.jpg,23,0
image_207.jpg,24,0
image_207.jpg,25,0
image_207.jpg,26,0
image_207.jpg,27,0
image_207.jpg,28,0
image_207.jpg,29,3
image_207.jpg,30,3
image_207.jpg,31,0
image_207.jpg,32,0
image_207.jpg,33,0
image_207.jpg,34,0
image_207.jpg,35,0
image_207.jpg,36,0
image_207.jpg,37,3
image_207.jpg,38,3
image_207.jpg,39,0
image_207.jpg,40,0
image_207.jpg,41,0
image_207.jpg,42,0
image_207.jpg,43,0
image_207.jpg,44,0
image_207.jpg,45,3
image_207.jpg,46,1
image_207.jpg,47,0
image_207.jpg,48,0
image_207.jpg,49,0
image_207.jpg,50,0
image_207.jpg,51,0
image_207.jpg,52,0
image_207.jpg,53,3
image_207.jpg,54,3
image_207.jpg,55,2
image_207.jpg,56,2
image_207.jpg,57,0
image_207.jpg,58,0
image_207.jpg,59,0
image_207.jpg,60,0
image_207.jpg,61,0
image_207.jpg,62,0
image_207.jpg,63,0
image_207.jpg,64,0
image_208.jpg,1,0
image_208.jpg,2,0
image_208.jpg,3,0
image_208.jpg,4,0
image_208.jpg,5,0
image_208.jpg,6,0
image_208.jpg,7,0
image_208.jpg,8,0
image_208.jpg,9,1
image_208.jpg,10,1
image_208.jpg,11,0
image_208.jpg,12,0
image_208.jpg,13,0
image_208.jpg,14,0
image_208.jpg,15,0
image_208.jpg,16,0
image_208.jpg,17,0
image_208.jpg,18,0
image_208.jpg,19,0
image_208.jpg,20,0
image_208.jpg,21,0
image_208.jpg,22,0
image_208.jpg,23,0
image_208.jpg,24,0
image_208.jpg,25,0
image_208.jpg,26,0
image_208.jpg,27,0
image_208.jpg,28,0
image_208.jpg,29,0
image_208.jpg,30,0
image_208.jpg,31,0
image_208.jpg,32,0
image_208.jpg,33,0
image_208.jpg,34,0
image_208.jpg,35,0
image_208.jpg,36,0
image_208.jpg,37,0
image_208.jpg,38,0
image_208.jpg,39,0
image_208.jpg,40,0
image_208.jpg,41,0
image_208.jpg,42,0
image_208.jpg,43,0
image_208.jpg,44,0
image_208.jpg,45,0
image_208.jpg,46,0
image_208.jpg,47,0
image_208.jpg,48,0
image_208.jpg,49,0
image_208.jpg,50,0
image_208.jpg,51,0
image_208.jpg,52,0
image_208.jpg,53,0
image_208.jpg,54,0
image_208.jpg,55,0
image_208.jpg,56,0
image_208.jpg,57,0
image_208.jpg,58,0
image_208.jpg,59,0
image_208.jpg,60,0
image_208.jpg,61,0
image_208.jpg,62,0
image_208.jpg,63,0
image_208.jpg,64,0
image_209.jpg,1,0
image_209.jpg,2,0
image_209.jpg,3,0
image_209.jpg,4,0
image_209.jpg,5,0
image_209.jpg,6,0
image_209.jpg,7,0
image_209.jpg,8,0
image_209.jpg,9,0
image_209.jpg,10,0
image_209.jpg,11,0
image_209.jpg,12,0
image_209.jpg,13,0
image_209.jpg,14,0
image_209.jpg,15,0
image_209.jpg,16,0
image_209.jpg,17,0
image_209.jpg,18,0
image_209.jpg,19,0
image_209.jpg,20,0
image_209.jpg,21,0
image_209.jpg,22,0
image_209.jpg,23,0
image_209.jpg,24,0
image_209.jpg,25,0
image_209.jpg,26,0
image_209.jpg,27,3
image_209.jpg,28,3
image_209.jpg,29,2
image_209.jpg,30,2
image_209.jpg,31,1
image_209.jpg,32,0
image_209.jpg,33,0
image_209.jpg,34,0
image_209.jpg,35,3
image_209.jpg,36,3
image_209.jpg,37,0
image_209.jpg,38,0
image_209.jpg,39,0
image_209.jpg,40,0
image_209.jpg,41,0
image_209.jpg,42,0
image_209.jpg,43,3
image_209.jpg,44,3
image_209.jpg,45,0
image_209.jpg,46,0
image_209.jpg,47,0
image_209.jpg,48,0
image_209.jpg,49,0
image_209.jpg,50,0
image_209.jpg,51,0
image_209.jpg,52,0
image_209.jpg,53,0
image_209.jpg,54,0
image_209.jpg,55,0
image_209.jpg,56,0
image_209.jpg,57,0
image_209.jpg,58,0
image_209.jpg,59,0
image_209.jpg,60,0
image_209.jpg,61,0
image_209.jpg,62,0
image_209.jpg,63,0
image_209.jpg,64,0
image_210.jpg,1,0
image_210.jpg,2,0
image_210.jpg,3,0
image_210.jpg,4,0
image_210.jpg,5,0
image_210.jpg,6,0
image_210.jpg,7,0
image_210.jpg,8,0
image_210.jpg,9,0
image_210.jpg,10,0
image_210.jpg,11,0
image_210.jpg,12,0
image_210.jpg,13,2
image_210.jpg,14,2
image_210.jpg,15,0
image_210.jpg,16,0
image_210.jpg,17,0
image_210.jpg,18,0
image_210.jpg,19,0
image_210.jpg,20,0
image_210.jpg,21,2
image_210.jpg,22,0
image_210.jpg,23,0
image_210.jpg,24,0
image_210.jpg,25,0
image_210.jpg,26,0
image_210.jpg,27,0
image_210.jpg,28,0
image_210.jpg,29,0
image_210.jpg,30,0
image_210.jpg,31,0
image_210.jpg,32,0
image_210.jpg,33,0
image_210.jpg,34,0
image_210.jpg,35,0
image_210.jpg,36,0
image_210.jpg,37,0
image_210.jpg,38,0
image_210.jpg,39,0
image_210.jpg,40,1
image_210.jpg,41,0
image_210.jpg,42,0
image_210.jpg,43,0
image_210.jpg,44,0
image_210.jpg,45,0
image_210.jpg,46,0
image_210.jpg,47,0
image_210.jpg,48,0
image_210.jpg,49,0
image_210.jpg,50,0
image_210.jpg,51,0
image_210.jpg,52,0
image_210.jpg,53,0
image_210.jpg,54,0
image_210.jpg,55,0
image_210.jpg,56,0
image_210.jpg,57,0
image_210.jpg,58,0
image_210.jpg,59,0
image_210.jpg,60,0
image_210.jpg,61,0
image_210.jpg,62,0
image_210.jpg,63,0
image_210.jpg,64,0
image_211.jpg,1,0
image_211.jpg,2,0
image_211.jpg,3,0
image_211.jpg,4,0
image_211.jpg,5,2
image_211.jpg,6,2
image_211.jpg,7,0
image_211.jpg,8,0
image_211.jpg,9,0
image_211.jpg,10,0
image_211.jpg,11,0
image_211.jpg,12,2
image_211.jpg,13,2
image_211.jpg,14,0
image_211.jpg,15,0
image_211.jpg,16,0
image_211.jpg,17,0
image_211.jpg,18,0
image_211.jpg,19,0
image_211.jpg,20,0
image_211.jpg,21,0
image_211.jpg,22,0
image_211.jpg,23,0
image_211.jpg,24,0
image_211.jpg,25,0
image_211.jpg,26,0
image_211.jpg,27,0
image_211.jpg,28,0
image_211.jpg,29,0
image_211.jpg,30,0
image_211.jpg,31,0
image_211.jpg,32,0
image_211.jpg,33,0
image_211.jpg,34,3
image_211.jpg,35,3
image_211.jpg,36,0
image_211.jpg,37,0
image_211.jpg,38,0
image_211.jpg,39,0
image_211.jpg,40,0
image_211.jpg,41,0
image_211.jpg,42,3
image_211.jpg,43,3
image_211.jpg,44,0
image_211.jpg,45,0
image_211.jpg,46,0
image_211.jpg,47,0
image_211.jpg,48,0
image_211.jpg,49,0
image_211.jpg,50,3
image_211.jpg,51,3
image_211.jpg,52,0
image_211.jpg,53,0
image_211.jpg,54,0
image_211.jpg,55,0
image_211.jpg,56,0
image_211.jpg,57,0
image_211.jpg,58,0
image_211.jpg,59,0
image_211.jpg,60,0
image_211.jpg,61,0
image_211.jpg,62,0
image_211.jpg,63,0
image_211.jpg,64,0
image_212.jpg,1,0
image_212.jpg,2,0
image_212.jpg,3,0
image_212.jpg,4,0
image_212.jpg,5,0
image_212.jpg,6,0
image_212.jpg,7,0
image_212.jpg,8,0
image_212.jpg,9,0
image_212.jpg,10,0
image_212.jpg,11,0
image_212.jpg,12,0
image_212.jpg,13,1
image_212.jpg,14,3
image_212.jpg,15,0
image_212.jpg,16,0
image_212.jpg,17,0
image_212.jpg,18,0
image_212.jpg,19,0
image_212.jpg,20,0
image_212.jpg,21,3
image_212.jpg,22,3
image_212.jpg,23,0
image_212.jpg,24,0
image_212.jpg,25,0
image_212.jpg,26,0
image_212.jpg,27,0
image_212.jpg,28,0
image_212.jpg,29,3
image_212.jpg,30,3
image_212.jpg,31,0
image_212.jpg,32,0
image_212.jpg,33,0
image_212.jpg,34,0
image_212.jpg,35,0
image_212.jpg,36,0
image_212.jpg,37,3
image_212.jpg,38,3
image_212.jpg,39,0
image_212.jpg,40,0
image_212.jpg,41,0
image_212.jpg,42,0
image_212.jpg,43,0
image_212.jpg,44,0
image_212.jpg,45,0
image_212.jpg,46,0
image_212.jpg,47,0
image_212.jpg,48,0
image_212.jpg,49,0
image_212.jpg,50,0
image_212.jpg,51,0
image_212.jpg,52,0
image_212.jpg,53,0
image_212.jpg,54,0
image_212.jpg,55,0
image_212.jpg,56,0
image_212.jpg,57,0
image_212.jpg,58,0
image_212.jpg,59,0
image_212.jpg,60,0
image_212.jpg,61,0
image_212.jpg,62,0
image_212.jpg,63,0
image_212.jpg,64,0
image_213.jpg,1,0
image_213.jpg,2,0
image_213.jpg,3,0
image_213.jpg,4,0
image_213.jpg,5,0
image_213.jpg,6,0
image_213.jpg,7,0
image_213.jpg,8,0
image_213.jpg,9,0
image_213.jpg,10,0
image_213.jpg,11,0
image_213.jpg,12,0
image_213.jpg,13,0
image_213.jpg,14,0
image_213.jpg,15,0
image_213.jpg,16,0
image_213.jpg,17,0
image_213.jpg,18,0
image_213.jpg,19,0
image_213.jpg,20,0
image_213.jpg,21,0
image_213.jpg,22,0
image_213.jpg,23,3
image_213.jpg,24,3
image_213.jpg,25,0
image_213.jpg,26,0
image_213.jpg,27,0
image_213.jpg,28,0
image_213.jpg,29,0
image_213.jpg,30,0
image_213.jpg,31,3
image_213.jpg,32,3
image_213.jpg,33,0
image_213.jpg,34,0
image_213.jpg,35,0
image_213.jpg,36,0
image_213.jpg,37,0
image_213.jpg,38,0
image_213.jpg,39,3
image_213.jpg,40,3
image_213.jpg,41,0
image_213.jpg,42,0
image_213.jpg,43,0
image_213.jpg,44,0
image_213.jpg,45,0
image_213.jpg,46,0
image_213.jpg,47,3
image_213.jpg,48,3
image_213.jpg,49,0
image_213.jpg,50,0
image_213.jpg,51,0
image_213.jpg,52,0
image_213.jpg,53,0
image_213.jpg,54,0
image_213.jpg,55,0
image_213.jpg,56,0
image_213.jpg,57,0
image_213.jpg,58,0
image_213.jpg,59,0
image_213.jpg,60,0
image_213.jpg,61,0
image_213.jpg,62,0
image_213.jpg,63,0
image_213.jpg,64,0
image_214.jpg,1,0
image_214.jpg,2,0
image_214.jpg,3,0
image_214.jpg,4,0
image_214.jpg,5,0
image_214.jpg,6,0
image_214.jpg,7,0
image_214.jpg,8,0
image_214.jpg,9,0
image_214.jpg,10,0
image_214.jpg,11,1
image_214.jpg,12,2
image_214.jpg,13,2
image_214.jpg,14,0
image_214.jpg,15,0
image_214.jpg,16,0
image_214.jpg,17,0
image_214.jpg,18,0
image_214.jpg,19,0
image_214.jpg,20,0
image_214.jpg,21,0
image_214.jpg,22,0
image_214.jpg,23,0
image_214.jpg,24,0
image_214.jpg,25,0
image_214.jpg,26,0
image_214.jpg,27,0
image_214.jpg,28,0
image_214.jpg,29,0
image_214.jpg,30,0
image_214.jpg,31,0
image_214.jpg,32,0
image_214.jpg,33,0
image_214.jpg,34,0
image_214.jpg,35,0
image_214.jpg,36,0
image_214.jpg,37,0
image_214.jpg,38,0
image_214.jpg,39,0
image_214.jpg,40,0
image_214.jpg,41,0
image_214.jpg,42,0
image_214.jpg,43,0
image_214.jpg,44,0
image_214.jpg,45,0
image_214.jpg,46,3
image_214.jpg,47,0
image_214.jpg,48,0
image_214.jpg,49,0
image_214.jpg,50,0
image_214.jpg,51,0
image_214.jpg,52,0
image_214.jpg,53,0
image_214.jpg,54,3
image_214.jpg,55,0
image_214.jpg,56,0
image_214.jpg,57,0
image_214.jpg,58,0
image_214.jpg,59,0
image_214.jpg,60,0
image_214.jpg,61,3
image_214.jpg,62,3
image_214.jpg,63,0
image_214.jpg,64,0
image_215.webp,1,0
image_215.webp,2,0
image_215.webp,3,0
image_215.webp,4,0
image_215.webp,5,0
image_215.webp,6,0
image_215.webp,7,0
image_215.webp,8,0
image_215.webp,9,0
image_215.webp,10,0
image_215.webp,11,0
image_215.webp,12,3
image_215.webp,13,0
image_215.webp,14,0
image_215.webp,15,0
image_215.webp,16,0
image_215.webp,17,0
image_215.webp,18,0
image_215.webp,19,0
image_215.webp,20,0
image_215.webp,21,0
image_215.webp,22,0
image_215.webp,23,0
image_215.webp,24,0
image_215.webp,25,0
image_215.webp,26,0
image_215.webp,27,0
image_215.webp,28,0
image_215.webp,29,0
image_215.webp,30,0
image_215.webp,31,0
image_215.webp,32,0
image_215.webp,33,0
image_215.webp,34,0
image_215.webp,35,0
image_215.webp,36,3
image_215.webp,37,0
image_215.webp,38,0
image_215.webp,39,0
image_215.webp,40,0
image_215.webp,41,0
image_215.webp,42,0
image_215.webp,43,0
image_215.webp,44,3
image_215.webp,45,0
image_215.webp,46,0
image_215.webp,47,0
image_215.webp,48,0
image_215.webp,49,0
image_215.webp,50,2
image_215.webp,51,1
image_215.webp,52,3
image_215.webp,53,0
image_215.webp,54,0
image_215.webp,55,0
image_215.webp,56,0
image_215.webp,57,0
image_215.webp,58,2
image_215.webp,59,0
image_215.webp,60,3
image_215.webp,61,0
image_215.webp,62,0
image_215.webp,63,0
image_215.webp,64,0
image_216.jpg,1,0
image_216.jpg,2,0
image_216.jpg,3,0
image_216.jpg,4,2
image_216.jpg,5,2
image_216.jpg,6,0
image_216.jpg,7,0
image_216.jpg,8,0
image_216.jpg,9,0
image_216.jpg,10,0
image_216.jpg,11,0
image_216.jpg,12,0
image_216.jpg,13,2
image_216.jpg,14,0
image_216.jpg,15,0
image_216.jpg,16,0
image_216.jpg,17,0
image_216.jpg,18,0
image_216.jpg,19,0
image_216.jpg,20,0
image_216.jpg,21,2
image_216.jpg,22,0
image_216.jpg,23,0
image_216.jpg,24,0
image_216.jpg,25,0
image_216.jpg,26,0
image_216.jpg,27,0
image_216.jpg,28,0
image_216.jpg,29,0
image_216.jpg,30,0
image_216.jpg,31,0
image_216.jpg,32,0
image_216.jpg,33,0
image_216.jpg,34,0
image_216.jpg,35,0
image_216.jpg,36,0
image_216.jpg,37,0
image_216.jpg,38,0
image_216.jpg,39,0
image_216.jpg,40,0
image_216.jpg,41,0
image_216.jpg,42,0
image_216.jpg,43,0
image_216.jpg,44,0
image_216.jpg,45,0
image_216.jpg,46,0
image_216.jpg,47,0
image_216.jpg,48,0
image_216.jpg,49,0
image_216.jpg,50,0
image_216.jpg,51,0
image_216.jpg,52,0
image_216.jpg,53,0
image_216.jpg,54,0
image_216.jpg,55,0
image_216.jpg,56,0
image_216.jpg,57,0
image_216.jpg,58,0
image_216.jpg,59,0
image_216.jpg,60,0
image_216.jpg,61,0
image_216.jpg,62,0
image_216.jpg,63,0
image_216.jpg,64,0
image_217.jpg,1,0
image_217.jpg,2,0
image_217.jpg,3,0
image_217.jpg,4,0
image_217.jpg,5,0
image_217.jpg,6,0
image_217.jpg,7,0
image_217.jpg,8,0
image_217.jpg,9,0
image_217.jpg,10,0
image_217.jpg,11,0
image_217.jpg,12,0
image_217.jpg,13,0
image_217.jpg,14,0
image_217.jpg,15,0
image_217.jpg,16,0
image_217.jpg,17,0
image_217.jpg,18,0
image_217.jpg,19,0
image_217.jpg,20,0
image_217.jpg,21,0
image_217.jpg,22,0
image_217.jpg,23,0
image_217.jpg,24,0
image_217.jpg,25,0
image_217.jpg,26,0
image_217.jpg,27,0
image_217.jpg,28,0
image_217.jpg,29,0
image_217.jpg,30,0
image_217.jpg,31,0
image_217.jpg,32,0
image_217.jpg,33,0
image_217.jpg,34,0
image_217.jpg,35,0
image_217.jpg,36,0
image_217.jpg,37,0
image_217.jpg,38,0
image_217.jpg,39,0
image_217.jpg,40,0
image_217.jpg,41,0
image_217.jpg,42,0
image_217.jpg,43,0
image_217.jpg,44,0
image_217.jpg,45,0
image_217.jpg,46,3
image_217.jpg,47,0
image_217.jpg,48,0
image_217.jpg,49,0
image_217.jpg,50,0
image_217.jpg,51,0
image_217.jpg,52,0
image_217.jpg,53,0
image_217.jpg,54,3
image_217.jpg,55,2
image_217.jpg,56,0
image_217.jpg,57,0
image_217.jpg,58,0
image_217.jpg,59,0
image_217.jpg,60,0
image_217.jpg,61,0
image_217.jpg,62,3
image_217.jpg,63,3
image_217.jpg,64,0
image_218.jpg,1,0
image_218.jpg,2,0
image_218.jpg,3,0
image_218.jpg,4,0
image_218.jpg,5,0
image_218.jpg,6,0
image_218.jpg,7,0
image_218.jpg,8,0
image_218.jpg,9,2
image_218.jpg,10,0
image_218.jpg,11,0
image_218.jpg,12,0
image_218.jpg,13,0
image_218.jpg,14,0
image_218.jpg,15,0
image_218.jpg,16,0
image_218.jpg,17,2
image_218.jpg,18,2
image_218.jpg,19,0
image_218.jpg,20,0
image_218.jpg,21,0
image_218.jpg,22,1
image_218.jpg,23,0
image_218.jpg,24,0
image_218.jpg,25,0
image_218.jpg,26,2
image_218.jpg,27,0
image_218.jpg,28,0
image_218.jpg,29,3
image_218.jpg,30,0
image_218.jpg,31,0
image_218.jpg,32,0
image_218.jpg,33,0
image_218.jpg,34,0
image_218.jpg,35,2
image_218.jpg,36,0
image_218.jpg,37,0
image_218.jpg,38,0
image_218.jpg,39,0
image_218.jpg,40,0
image_218.jpg,41,0
image_218.jpg,42,0
image_218.jpg,43,0
image_218.jpg,44,0
image_218.jpg,45,3
image_218.jpg,46,0
image_218.jpg,47,0
image_218.jpg,48,0
image_218.jpg,49,0
image_218.jpg,50,0
image_218.jpg,51,0
image_218.jpg,52,0
image_218.jpg,53,3
image_218.jpg,54,0
image_218.jpg,55,0
image_218.jpg,56,0
image_218.jpg,57,0
image_218.jpg,58,0
image_218.jpg,59,0
image_218.jpg,60,0
image_218.jpg,61,3
image_218.jpg,62,0
image_218.jpg,63,0
image_218.jpg,64,0
image_219.jpg,1,0
image_219.jpg,2,0
image_219.jpg,3,0
image_219.jpg,4,0
image_219.jpg,5,0
image_219.jpg,6,0
image_219.jpg,7,0
image_219.jpg,8,0
image_219.jpg,9,0
image_219.jpg,10,0
image_219.jpg,11,0
image_219.jpg,12,0
image_219.jpg,13,0
image_219.jpg,14,0
image_219.jpg,15,0
image_219.jpg,16,0
image_219.jpg,17,0
image_219.jpg,18,0
image_219.jpg,19,0
image_219.jpg,20,0
image_219.jpg,21,0
image_219.jpg,22,2
image_219.jpg,23,2
image_219.jpg,24,0
image_219.jpg,25,0
image_219.jpg,26,0
image_219.jpg,27,0
image_219.jpg,28,0
image_219.jpg,29,0
image_219.jpg,30,2
image_219.jpg,31,2
image_219.jpg,32,0
image_219.jpg,33,0
image_219.jpg,34,0
image_219.jpg,35,0
image_219.jpg,36,1
image_219.jpg,37,0
image_219.jpg,38,0
image_219.jpg,39,2
image_219.jpg,40,0
image_219.jpg,41,0
image_219.jpg,42,0
image_219.jpg,43,0
image_219.jpg,44,0
image_219.jpg,45,0
image_219.jpg,46,0
image_219.jpg,47,2
image_219.jpg,48,0
image_219.jpg,49,0
image_219.jpg,50,0
image_219.jpg,51,0
image_219.jpg,52,0
image_219.jpg,53,0
image_219.jpg,54,0
image_219.jpg,55,2
image_219.jpg,56,0
image_219.jpg,57,0
image_219.jpg,58,0
image_219.jpg,59,0
image_219.jpg,60,0
image_219.jpg,61,0
image_219.jpg,62,0
image_219.jpg,63,0
image_219.jpg,64,0
image_220.jpg,1,0
image_220.jpg,2,0
image_220.jpg,3,0
image_220.jpg,4,0
image_220.jpg,5,0
image_220.jpg,6,0
image_220.jpg,7,0
image_220.jpg,8,0
image_220.jpg,9,0
image_220.jpg,10,0
image_220.jpg,11,0
image_220.jpg,12,0
image_220.jpg,13,0
image_220.jpg,14,0
image_220.jpg,15,0
image_220.jpg,16,0
image_220.jpg,17,0
image_220.jpg,18,0
image_220.jpg,19,0
image_220.jpg,20,0
image_220.jpg,21,0
image_220.jpg,22,0
image_220.jpg,23,0
image_220.jpg,24,0
image_220.jpg,25,0
image_220.jpg,26,2
image_220.jpg,27,0
image_220.jpg,28,0
image_220.jpg,29,3
image_220.jpg,30,3
image_220.jpg,31,0
image_220.jpg,32,0
image_220.jpg,33,0
image_220.jpg,34,2
image_220.jpg,35,0
image_220.jpg,36,0
image_220.jpg,37,3
image_220.jpg,38,3
image_220.jpg,39,0
image_220.jpg,40,0
image_220.jpg,41,0
image_220.jpg,42,2
image_220.jpg,43,0
image_220.jpg,44,1
image_220.jpg,45,3
image_220.jpg,46,3
image_220.jpg,47,0
image_220.jpg,48,0
image_220.jpg,49,0
image_220.jpg,50,0
image_220.jpg,51,0
image_220.jpg,52,0
image_220.jpg,53,3
image_220.jpg,54,0
image_220.jpg,55,0
image_220.jpg,56,0
image_220.jpg,57,0
image_220.jpg,58,0
image_220.jpg,59,0
image_220.jpg,60,0
image_220.jpg,61,3
image_220.jpg,62,0
image_220.jpg,63,0
image_220.jpg,64,0
image_221.jpg,1,0
image_221.jpg,2,0
image_221.jpg,3,1
image_221.jpg,4,0
image_221.jpg,5,2
image_221.jpg,6,0
image_221.jpg,7,0
image_221.jpg,8,0
image_221.jpg,9,0
image_221.jpg,10,0
image_221.jpg,11,0
image_221.jpg,12,2
image_221.jpg,13,2
image_221.jpg,14,0
image_221.jpg,15,0
image_221.jpg,16,0
image_221.jpg,17,0
image_221.jpg,18,0
image_221.jpg,19,0
image_221.jpg,20,0
image_221.jpg,21,0
image_221.jpg,22,0
image_221.jpg,23,0
image_221.jpg,24,0
image_221.jpg,25,0
image_221.jpg,26,0
image_221.jpg,27,0
image_221.jpg,28,0
image_221.jpg,29,0
image_221.jpg,30,0
image_221.jpg,31,0
image_221.jpg,32,0
image_221.jpg,33,0
image_221.jpg,34,0
image_221.jpg,35,0
image_221.jpg,36,0
image_221.jpg,37,0
image_221.jpg,38,0
image_221.jpg,39,0
image_221.jpg,40,0
image_221.jpg,41,3
image_221.jpg,42,0
image_221.jpg,43,0
image_221.jpg,44,0
image_221.jpg,45,0
image_221.jpg,46,0
image_221.jpg,47,0
image_221.jpg,48,0
image_221.jpg,49,3
image_221.jpg,50,0
image_221.jpg,51,0
image_221.jpg,52,0
image_221.jpg,53,0
image_221.jpg,54,0
image_221.jpg,55,0
image_221.jpg,56,0
image_221.jpg,57,3
image_221.jpg,58,0
image_221.jpg,59,0
image_221.jpg,60,0
image_221.jpg,61,0
image_221.jpg,62,0
image_221.jpg,63,0
image_221.jpg,64,0
image_222.jpg,1,0
image_222.jpg,2,0
image_222.jpg,3,0
image_222.jpg,4,0
image_222.jpg,5,0
image_222.jpg,6,0
image_222.jpg,7,0
image_222.jpg,8,0
image_222.jpg,9,0
image_222.jpg,10,0
image_222.jpg,11,0
image_222.jpg,12,0
image_222.jpg,13,0
image_222.jpg,14,0
image_222.jpg,15,0
image_222.jpg,16,0
image_222.jpg,17,0
image_222.jpg,18,0
image_222.jpg,19,0
image_222.jpg,20,0
image_222.jpg,21,0
image_222.jpg,22,0
image_222.jpg,23,0
image_222.jpg,24,0
image_222.jpg,25,0
image_222.jpg,26,0
image_222.jpg,27,0
image_222.jpg,28,0
image_222.jpg,29,0
image_222.jpg,30,0
image_222.jpg,31,0
image_222.jpg,32,0
image_222.jpg,33,0
image_222.jpg,34,2
image_222.jpg,35,0
image_222.jpg,36,0
image_222.jpg,37,0
image_222.jpg,38,0
image_222.jpg,39,3
image_222.jpg,40,0
image_222.jpg,41,0
image_222.jpg,42,2
image_222.jpg,43,0
image_222.jpg,44,0
image_222.jpg,45,0
image_222.jpg,46,0
image_222.jpg,47,3
image_222.jpg,48,0
image_222.jpg,49,0
image_222.jpg,50,0
image_222.jpg,51,0
image_222.jpg,52,0
image_222.jpg,53,0
image_222.jpg,54,0
image_222.jpg,55,3
image_222.jpg,56,0
image_222.jpg,57,0
image_222.jpg,58,0
image_222.jpg,59,0
image_222.jpg,60,0
image_222.jpg,61,0
image_222.jpg,62,0
image_222.jpg,63,3
image_222.jpg,64,0
image_223.webp,1,0
image_223.webp,2,0
image_223.webp,3,0
image_223.webp,4,0
image_223.webp,5,0
image_223.webp,6,0
image_223.webp,7,0
image_223.webp,8,0
image_223.webp,9,0
image_223.webp,10,0
image_223.webp,11,0
image_223.webp,12,0
image_223.webp,13,0
image_223.webp,14,0
image_223.webp,15,0
image_223.webp,16,0
image_223.webp,17,0
image_223.webp,18,2
image_223.webp,19,3
image_223.webp,20,0
image_223.webp,21,0
image_223.webp,22,0
image_223.webp,23,0
image_223.webp,24,0
image_223.webp,25,0
image_223.webp,26,0
image_223.webp,27,0
image_223.webp,28,0
image_223.webp,29,2
image_223.webp,30,0
image_223.webp,31,0
image_223.webp,32,0
image_223.webp,33,0
image_223.webp,34,0
image_223.webp,35,0
image_223.webp,36,0
image_223.webp,37,2
image_223.webp,38,0
image_223.webp,39,0
image_223.webp,40,0
image_223.webp,41,0
image_223.webp,42,0
image_223.webp,43,0
image_223.webp,44,0
image_223.webp,45,3
image_223.webp,46,0
image_223.webp,47,0
image_223.webp,48,0
image_223.webp,49,0
image_223.webp,50,0
image_223.webp,51,0
image_223.webp,52,0
image_223.webp,53,3
image_223.webp,54,0
image_223.webp,55,0
image_223.webp,56,0
image_223.webp,57,0
image_223.webp,58,0
image_223.webp,59,0
image_223.webp,60,0
image_223.webp,61,0
image_223.webp,62,0
image_223.webp,63,0
image_223.webp,64,0
image_224.webp,1,0
image_224.webp,2,0
image_224.webp,3,0
image_224.webp,4,0
image_224.webp,5,0
image_224.webp,6,0
image_224.webp,7,0
image_224.webp,8,0
image_224.webp,9,0
image_224.webp,10,0
image_224.webp,11,0
image_224.webp,12,0
image_224.webp,13,0
image_224.webp,14,0
image_224.webp,15,0
image_224.webp,16,0
image_224.webp,17,0
image_224.webp,18,0
image_224.webp,19,0
image_224.webp,20,0
image_224.webp,21,0
image_224.webp,22,0
image_224.webp,23,0
image_224.webp,24,0
image_224.webp,25,0
image_224.webp,26,0
image_224.webp,27,0
image_224.webp,28,0
image_224.webp,29,0
image_224.webp,30,0
image_224.webp,31,0
image_224.webp,32,0
image_224.webp,33,0
image_224.webp,34,0
image_224.webp,35,0
image_224.webp,36,0
image_224.webp,37,0
image_224.webp,38,3
image_224.webp,39,3
image_224.webp,40,0
image_224.webp,41,0
image_224.webp,42,0
image_224.webp,43,2
image_224.webp,44,2
image_224.webp,45,0
image_224.webp,46,3
image_224.webp,47,3
image_224.webp,48,0
image_224.webp,49,0
image_224.webp,50,0
image_224.webp,51,0
image_224.webp,52,2
image_224.webp,53,2
image_224.webp,54,3
image_224.webp,55,3
image_224.webp,56,0
image_224.webp,57,0
image_224.webp,58,0
image_224.webp,59,0
image_224.webp,60,0
image_224.webp,61,2
image_224.webp,62,3
image_224.webp,63,3
image_224.webp,64,0
image_225.webp,1,0
image_225.webp,2,0
image_225.webp,3,0
image_225.webp,4,0
image_225.webp,5,0
image_225.webp,6,0
image_225.webp,7,0
image_225.webp,8,0
image_225.webp,9,0
image_225.webp,10,0
image_225.webp,11,0
image_225.webp,12,0
image_225.webp,13,0
image_225.webp,14,0
image_225.webp,15,0
image_225.webp,16,0
image_225.webp,17,0
image_225.webp,18,0
image_225.webp,19,0
image_225.webp,20,0
image_225.webp,21,0
image_225.webp,22,0
image_225.webp,23,0
image_225.webp,24,0
image_225.webp,25,0
image_225.webp,26,0
image_225.webp,27,0
image_225.webp,28,0
image_225.webp,29,0
image_225.webp,30,0
image_225.webp,31,0
image_225.webp,32,0
image_225.webp,33,0
image_225.webp,34,0
image_225.webp,35,0
image_225.webp,36,0
image_225.webp,37,0
image_225.webp,38,0
image_225.webp,39,0
image_225.webp,40,0
image_225.webp,41,0
image_225.webp,42,0
image_225.webp,43,0
image_225.webp,44,2
image_225.webp,45,0
image_225.webp,46,2
image_225.webp,47,0
image_225.webp,48,0
image_225.webp,49,2
image_225.webp,50,0
image_225.webp,51,0
image_225.webp,52,2
image_225.webp,53,0
image_225.webp,54,2
image_225.webp,55,0
image_225.webp,56,0
image_225.webp,57,0
image_225.webp,58,0
image_225.webp,59,0
image_225.webp,60,2
image_225.webp,61,0
image_225.webp,62,2
image_225.webp,63,0
image_225.webp,64,0
image_226.webp,1,0
image_226.webp,2,0
image_226.webp,3,0
image_226.webp,4,0
image_226.webp,5,2
image_226.webp,6,0
image_226.webp,7,0
image_226.webp,8,0
image_226.webp,9,0
image_226.webp,10,0
image_226.webp,11,0
image_226.webp,12,0
image_226.webp,13,2
image_226.webp,14,0
image_226.webp,15,0
image_226.webp,16,0
image_226.webp,17,0
image_226.webp,18,0
image_226.webp,19,0
image_226.webp,20,0
image_226.webp,21,2
image_226.webp,22,0
image_226.webp,23,0
image_226.webp,24,0
image_226.webp,25,0
image_226.webp,26,0
image_226.webp,27,0
image_226.webp,28,0
image_226.webp,29,2
image_226.webp,30,0
image_226.webp,31,0
image_226.webp,32,0
image_226.webp,33,0
image_226.webp,34,0
image_226.webp,35,2
image_226.webp,36,0
image_226.webp,37,0
image_226.webp,38,0
image_226.webp,39,0
image_226.webp,40,0
image_226.webp,41,0
image_226.webp,42,0
image_226.webp,43,0
image_226.webp,44,0
image_226.webp,45,0
image_226.webp,46,0
image_226.webp,47,0
image_226.webp,48,0
image_226.webp,49,0
image_226.webp,50,0
image_226.webp,51,0
image_226.webp,52,0
image_226.webp,53,0
image_226.webp,54,0
image_226.webp,55,0
image_226.webp,56,0
image_226.webp,57,0
image_226.webp,58,0
image_226.webp,59,0
image_226.webp,60,0
image_226.webp,61,0
image_226.webp,62,0
image_226.webp,63,0
image_226.webp,64,0
image_227.webp,1,0
image_227.webp,2,0
image_227.webp,3,0
image_227.webp,4,0
image_227.webp,5,0
image_227.webp,6,0
image_227.webp,7,0
image_227.webp,8,0
image_227.webp,9,0
image_227.webp,10,0
image_227.webp,11,0
image_227.webp,12,0
image_227.webp,13,0
image_227.webp,14,0
image_227.webp,15,0
image_227.webp,16,0
image_227.webp,17,0
image_227.webp,18,0
image_227.webp,19,0
image_227.webp,20,0
image_227.webp,21,0
image_227.webp,22,0
image_227.webp,23,0
image_227.webp,24,0
image_227.webp,25,0
image_227.webp,26,0
image_227.webp,27,0
image_227.webp,28,0
image_227.webp,29,0
image_227.webp,30,0
image_227.webp,31,0
image_227.webp,32,0
image_227.webp,33,0
image_227.webp,34,0
image_227.webp,35,0
image_227.webp,36,0
image_227.webp,37,0
image_227.webp,38,0
image_227.webp,39,0
image_227.webp,40,0
image_227.webp,41,2
image_227.webp,42,0
image_227.webp,43,0
image_227.webp,44,0
image_227.webp,45,0
image_227.webp,46,0
image_227.webp,47,0
image_227.webp,48,3
image_227.webp,49,2
image_227.webp,50,0
image_227.webp,51,0
image_227.webp,52,0
image_227.webp,53,0
image_227.webp,54,0
image_227.webp,55,0
image_227.webp,56,3
image_227.webp,57,2
image_227.webp,58,0
image_227.webp,59,0
image_227.webp,60,0
image_227.webp,61,2
image_227.webp,62,0
image_227.webp,63,0
image_227.webp,64,3
image_228.webp,1,0
image_228.webp,2,0
image_228.webp,3,0
image_228.webp,4,2
image_228.webp,5,2
image_228.webp,6,0
image_228.webp,7,0
image_228.webp,8,0
image_228.webp,9,0
image_228.webp,10,0
image_228.webp,11,0
image_228.webp,12,2
image_228.webp,13,0
image_228.webp,14,0
image_228.webp,15,0
image_228.webp,16,0
image_228.webp,17,0
image_228.webp,18,0
image_228.webp,19,0
image_228.webp,20,0
image_228.webp,21,0
image_228.webp,22,0
image_228.webp,23,0
image_228.webp,24,0
image_228.webp,25,0
image_228.webp,26,0
image_228.webp,27,0
image_228.webp,28,0
image_228.webp,29,0
image_228.webp,30,0
image_228.webp,31,0
image_228.webp,32,0
image_228.webp,33,0
image_228.webp,34,0
image_228.webp,35,0
image_228.webp,36,0
image_228.webp,37,3
image_228.webp,38,0
image_228.webp,39,0
image_228.webp,40,0
image_228.webp,41,0
image_228.webp,42,0
image_228.webp,43,0
image_228.webp,44,0
image_228.webp,45,3
image_228.webp,46,0
image_228.webp,47,0
image_228.webp,48,0
image_228.webp,49,0
image_228.webp,50,0
image_228.webp,51,0
image_228.webp,52,0
image_228.webp,53,0
image_228.webp,54,0
image_228.webp,55,0
image_228.webp,56,0
image_228.webp,57,0
image_228.webp,58,0
image_228.webp,59,0
image_228.webp,60,0
image_228.webp,61,0
image_228.webp,62,0
image_228.webp,63,0
image_228.webp,64,0
image_229.jpg,1,0
image_229.jpg,2,0
image_229.jpg,3,0
image_229.jpg,4,0
image_229.jpg,5,0
image_229.jpg,6,0
image_229.jpg,7,0
image_229.jpg,8,0
image_229.jpg,9,0
image_229.jpg,10,0
image_229.jpg,11,0
image_229.jpg,12,0
image_229.jpg,13,0
image_229.jpg,14,2
image_229.jpg,15,0
image_229.jpg,16,0
image_229.jpg,17,0
image_229.jpg,18,0
image_229.jpg,19,0
image_229.jpg,20,0
image_229.jpg,21,2
image_229.jpg,22,0
image_229.jpg,23,0
image_229.jpg,24,0
image_229.jpg,25,0
image_229.jpg,26,0
image_229.jpg,27,0
image_229.jpg,28,2
image_229.jpg,29,2
image_229.jpg,30,0
image_229.jpg,31,0
image_229.jpg,32,0
image_229.jpg,33,3
image_229.jpg,34,3
image_229.jpg,35,0
image_229.jpg,36,0
image_229.jpg,37,0
image_229.jpg,38,0
image_229.jpg,39,2
image_229.jpg,40,0
image_229.jpg,41,3
image_229.jpg,42,3
image_229.jpg,43,0
image_229.jpg,44,0
image_229.jpg,45,2
image_229.jpg,46,0
image_229.jpg,47,2
image_229.jpg,48,0
image_229.jpg,49,3
image_229.jpg,50,3
image_229.jpg,51,0
image_229.jpg,52,0
image_229.jpg,53,0
image_229.jpg,54,0
image_229.jpg,55,2
image_229.jpg,56,0
image_229.jpg,57,3
image_229.jpg,58,3
image_229.jpg,59,0
image_229.jpg,60,0
image_229.jpg,61,0
image_229.jpg,62,0
image_229.jpg,63,0
image_229.jpg,64,0
image_230.jpg,1,0
image_230.jpg,2,0
image_230.jpg,3,0
image_230.jpg,4,0
image_230.jpg,5,0
image_230.jpg,6,0
image_230.jpg,7,0
image_230.jpg,8,0
image_230.jpg,9,0
image_230.jpg,10,0
image_230.jpg,11,0
image_230.jpg,12,0
image_230.jpg,13,2
image_230.jpg,14,0
image_230.jpg,15,0
image_230.jpg,16,2
image_230.jpg,17,0
image_230.jpg,18,0
image_230.jpg,19,0
image_230.jpg,20,3
image_230.jpg,21,2
image_230.jpg,22,0
image_230.jpg,23,2
image_230.jpg,24,2
image_230.jpg,25,0
image_230.jpg,26,0
image_230.jpg,27,0
image_230.jpg,28,3
image_230.jpg,29,0
image_230.jpg,30,0
image_230.jpg,31,0
image_230.jpg,32,0
image_230.jpg,33,0
image_230.jpg,34,0
image_230.jpg,35,0
image_230.jpg,36,0
image_230.jpg,37,0
image_230.jpg,38,0
image_230.jpg,39,0
image_230.jpg,40,0
image_230.jpg,41,0
image_230.jpg,42,0
image_230.jpg,43,0
image_230.jpg,44,3
image_230.jpg,45,0
image_230.jpg,46,0
image_230.jpg,47,2
image_230.jpg,48,2
image_230.jpg,49,0
image_230.jpg,50,0
image_230.jpg,51,0
image_230.jpg,52,0
image_230.jpg,53,0
image_230.jpg,54,0
image_230.jpg,55,2
image_230.jpg,56,0
image_230.jpg,57,0
image_230.jpg,58,0
image_230.jpg,59,0
image_230.jpg,60,0
image_230.jpg,61,0
image_230.jpg,62,0
image_230.jpg,63,0
image_230.jpg,64,0
image_231.jpg,1,0
image_231.jpg,2,0
image_231.jpg,3,0
image_231.jpg,4,0
image_231.jpg,5,1
image_231.jpg,6,0
image_231.jpg,7,0
image_231.jpg,8,0
image_231.jpg,9,0
image_231.jpg,10,0
image_231.jpg,11,0
image_231.jpg,12,0
image_231.jpg,13,0
image_231.jpg,14,0
image_231.jpg,15,0
image_231.jpg,16,0
image_231.jpg,17,0
image_231.jpg,18,0
image_231.jpg,19,0
image_231.jpg,20,0
image_231.jpg,21,0
image_231.jpg,22,0
image_231.jpg,23,0
image_231.jpg,24,0
image_231.jpg,25,0
image_231.jpg,26,0
image_231.jpg,27,0
image_231.jpg,28,0
image_231.jpg,29,0
image_231.jpg,30,0
image_231.jpg,31,0
image_231.jpg,32,0
image_231.jpg,33,0
image_231.jpg,34,0
image_231.jpg,35,0
image_231.jpg,36,0
image_231.jpg,37,0
image_231.jpg,38,0
image_231.jpg,39,0
image_231.jpg,40,0
image_231.jpg,41,0
image_231.jpg,42,3
image_231.jpg,43,0
image_231.jpg,44,0
image_231.jpg,45,0
image_231.jpg,46,0
image_231.jpg,47,0
image_231.jpg,48,0
image_231.jpg,49,0
image_231.jpg,50,3
image_231.jpg,51,0
image_231.jpg,52,0
image_231.jpg,53,0
image_231.jpg,54,0
image_231.jpg,55,0
image_231.jpg,56,0
image_231.jpg,57,0
image_231.jpg,58,3
image_231.jpg,59,0
image_231.jpg,60,0
image_231.jpg,61,0
image_231.jpg,62,0
image_231.jpg,63,0
image_231.jpg,64,0
image_232.jpg,1,0
image_232.jpg,2,0
image_232.jpg,3,0
image_232.jpg,4,0
image_232.jpg,5,0
image_232.jpg,6,0
image_232.jpg,7,0
image_232.jpg,8,0
image_232.jpg,9,0
image_232.jpg,10,0
image_232.jpg,11,0
image_232.jpg,12,0
image_232.jpg,13,0
image_232.jpg,14,0
image_232.jpg,15,0
image_232.jpg,16,0
image_232.jpg,17,0
image_232.jpg,18,0
image_232.jpg,19,0
image_232.jpg,20,0
image_232.jpg,21,0
image_232.jpg,22,0
image_232.jpg,23,0
image_232.jpg,24,0
image_232.jpg,25,0
image_232.jpg,26,0
image_232.jpg,27,0
image_232.jpg,28,0
image_232.jpg,29,0
image_232.jpg,30,0
image_232.jpg,31,0
image_232.jpg,32,0
image_232.jpg,33,0
image_232.jpg,34,0
image_232.jpg,35,0
image_232.jpg,36,0
image_232.jpg,37,0
image_232.jpg,38,0
image_232.jpg,39,0
image_232.jpg,40,0
image_232.jpg,41,0
image_232.jpg,42,0
image_232.jpg,43,2
image_232.jpg,44,0
image_232.jpg,45,3
image_232.jpg,46,3
image_232.jpg,47,3
image_232.jpg,48,0
image_232.jpg,49,0
image_232.jpg,50,0
image_232.jpg,51,2
image_232.jpg,52,0
image_232.jpg,53,3
image_232.jpg,54,3
image_232.jpg,55,3
image_232.jpg,56,0
image_232.jpg,57,0
image_232.jpg,58,0
image_232.jpg,59,0
image_232.jpg,60,1
image_232.jpg,61,3
image_232.jpg,62,3
image_232.jpg,63,0
image_232.jpg,64,0
image_233.jpg,1,0
image_233.jpg,2,0
image_233.jpg,3,0
image_233.jpg,4,0
image_233.jpg,5,0
image_233.jpg,6,0
image_233.jpg,7,0
image_233.jpg,8,0
image_233.jpg,9,0
image_233.jpg,10,0
image_233.jpg,11,0
image_233.jpg,12,0
image_233.jpg,13,0
image_233.jpg,14,0
image_233.jpg,15,2
image_233.jpg,16,2
image_233.jpg,17,0
image_233.jpg,18,0
image_233.jpg,19,0
image_233.jpg,20,0
image_233.jpg,21,0
image_233.jpg,22,0
image_233.jpg,23,0
image_233.jpg,24,0
image_233.jpg,25,3
image_233.jpg,26,3
image_233.jpg,27,0
image_233.jpg,28,0
image_233.jpg,29,0
image_233.jpg,30,0
image_233.jpg,31,0
image_233.jpg,32,0
image_233.jpg,33,3
image_233.jpg,34,3
image_233.jpg,35,0
image_233.jpg,36,0
image_233.jpg,37,0
image_233.jpg,38,0
image_233.jpg,39,0
image_233.jpg,40,0
image_233.jpg,41,3
image_233.jpg,42,1
image_233.jpg,43,0
image_233.jpg,44,0
image_233.jpg,45,0
image_233.jpg,46,0
image_233.jpg,47,0
image_233.jpg,48,0
image_233.jpg,49,3
image_233.jpg,50,0
image_233.jpg,51,0
image_233.jpg,52,0
image_233.jpg,53,0
image_233.jpg,54,0
image_233.jpg,55,0
image_233.jpg,56,0
image_233.jpg,57,0
image_233.jpg,58,3
image_233.jpg,59,0
image_233.jpg,60,0
image_233.jpg,61,0
image_233.jpg,62,0
image_233.jpg,63,0
image_233.jpg,64,0
image_234.webp,1,0
image_234.webp,2,0
image_234.webp,3,0
image_234.webp,4,0
image_234.webp,5,0
image_234.webp,6,0
image_234.webp,7,0
image_234.webp,8,0
image_234.webp,9,0
image_234.webp,10,0
image_234.webp,11,0
image_234.webp,12,0
image_234.webp,13,0
image_234.webp,14,0
image_234.webp,15,0
image_234.webp,16,0
image_234.webp,17,0
image_234.webp,18,0
image_234.webp,19,0
image_234.webp,20,0
image_234.webp,21,0
image_234.webp,22,0
image_234.webp,23,0
image_234.webp,24,0
image_234.webp,25,3
image_234.webp,26,0
image_234.webp,27,0
image_234.webp,28,2
image_234.webp,29,2
image_234.webp,30,2
image_234.webp,31,0
image_234.webp,32,0
image_234.webp,33,3
image_234.webp,34,0
image_234.webp,35,2
image_234.webp,36,2
image_234.webp,37,0
image_234.webp,38,0
image_234.webp,39,0
image_234.webp,40,0
image_234.webp,41,0
image_234.webp,42,3
image_234.webp,43,0
image_234.webp,44,0
image_234.webp,45,0
image_234.webp,46,0
image_234.webp,47,0
image_234.webp,48,0
image_234.webp,49,0
image_234.webp,50,3
image_234.webp,51,0
image_234.webp,52,0
image_234.webp,53,0
image_234.webp,54,0
image_234.webp,55,0
image_234.webp,56,0
image_234.webp,57,0
image_234.webp,58,0
image_234.webp,59,0
image_234.webp,60,0
image_234.webp,61,0
image_234.webp,62,0
image_234.webp,63,0
image_234.webp,64,0
image_235.jpg,1,0
image_235.jpg,2,0
image_235.jpg,3,0
image_235.jpg,4,0
image_235.jpg,5,0
image_235.jpg,6,0
image_235.jpg,7,0
image_235.jpg,8,0
image_235.jpg,9,0
image_235.jpg,10,0
image_235.jpg,11,0
image_235.jpg,12,0
image_235.jpg,13,0
image_235.jpg,14,0
image_235.jpg,15,0
image_235.jpg,16,0
image_235.jpg,17,0
image_235.jpg,18,0
image_235.jpg,19,0
image_235.jpg,20,0
image_235.jpg,21,0
image_235.jpg,22,0
image_235.jpg,23,0
image_235.jpg,24,0
image_235.jpg,25,0
image_235.jpg,26,0
image_235.jpg,27,0
image_235.jpg,28,0
image_235.jpg,29,0
image_235.jpg,30,0
image_235.jpg,31,0
image_235.jpg,32,0
image_235.jpg,33,0
image_235.jpg,34,0
image_235.jpg,35,0
image_235.jpg,36,0
image_235.jpg,37,0
image_235.jpg,38,0
image_235.jpg,39,0
image_235.jpg,40,0
image_235.jpg,41,0
image_235.jpg,42,0
image_235.jpg,43,0
image_235.jpg,44,0
image_235.jpg,45,0
image_235.jpg,46,3
image_235.jpg,47,3
image_235.jpg,48,0
image_235.jpg,49,2
image_235.jpg,50,2
image_235.jpg,51,2
image_235.jpg,52,0
image_235.jpg,53,1
image_235.jpg,54,3
image_235.jpg,55,3
image_235.jpg,56,0
image_235.jpg,57,2
image_235.jpg,58,2
image_235.jpg,59,0
image_235.jpg,60,0
image_235.jpg,61,0
image_235.jpg,62,0
image_235.jpg,63,3
image_235.jpg,64,0
image_236.jpg,1,0
image_236.jpg,2,0
image_236.jpg,3,0
image_236.jpg,4,0
image_236.jpg,5,0
image_236.jpg,6,0
image_236.jpg,7,0
image_236.jpg,8,0
image_236.jpg,9,0
image_236.jpg,10,0
image_236.jpg,11,1
image_236.jpg,12,2
image_236.jpg,13,0
image_236.jpg,14,0
image_236.jpg,15,0
image_236.jpg,16,0
image_236.jpg,17,0
image_236.jpg,18,0
image_236.jpg,19,2
image_236.jpg,20,2
image_236.jpg,21,0
image_236.jpg,22,0
image_236.jpg,23,0
image_236.jpg,24,0
image_236.jpg,25,0
image_236.jpg,26,0
image_236.jpg,27,0
image_236.jpg,28,0
image_236.jpg,29,0
image_236.jpg,30,0
image_236.jpg,31,0
image_236.jpg,32,0
image_236.jpg,33,0
image_236.jpg,34,0
image_236.jpg,35,0
image_236.jpg,36,0
image_236.jpg,37,0
image_236.jpg,38,0
image_236.jpg,39,3
image_236.jpg,40,3
image_236.jpg,41,0
image_236.jpg,42,0
image_236.jpg,43,0
image_236.jpg,44,0
image_236.jpg,45,0
image_236.jpg,46,0
image_236.jpg,47,3
image_236.jpg,48,3
image_236.jpg,49,0
image_236.jpg,50,0
image_236.jpg,51,0
image_236.jpg,52,0
image_236.jpg,53,0
image_236.jpg,54,0
image_236.jpg,55,3
image_236.jpg,56,3
image_236.jpg,57,0
image_236.jpg,58,0
image_236.jpg,59,0
image_236.jpg,60,0
image_236.jpg,61,0
image_236.jpg,62,0
image_236.jpg,63,3
image_236.jpg,64,3
image_237.jpg,1,0
image_237.jpg,2,0
image_237.jpg,3,0
image_237.jpg,4,0
image_237.jpg,5,0
image_237.jpg,6,0
image_237.jpg,7,0
image_237.jpg,8,0
image_237.jpg,9,0
image_237.jpg,10,0
image_237.jpg,11,0
image_237.jpg,12,0
image_237.jpg,13,0
image_237.jpg,14,0
image_237.jpg,15,0
image_237.jpg,16,0
image_237.jpg,17,0
image_237.jpg,18,0
image_237.jpg,19,2
image_237.jpg,20,0
image_237.jpg,21,0
image_237.jpg,22,0
image_237.jpg,23,0
image_237.jpg,24,0
image_237.jpg,25,0
image_237.jpg,26,0
image_237.jpg,27,2
image_237.jpg,28,1
image_237.jpg,29,0
image_237.jpg,30,0
image_237.jpg,31,0
image_237.jpg,32,0
image_237.jpg,33,0
image_237.jpg,34,0
image_237.jpg,35,0
image_237.jpg,36,0
image_237.jpg,37,0
image_237.jpg,38,3
image_237.jpg,39,3
image_237.jpg,40,0
image_237.jpg,41,0
image_237.jpg,42,0
image_237.jpg,43,0
image_237.jpg,44,0
image_237.jpg,45,0
image_237.jpg,46,3
image_237.jpg,47,3
image_237.jpg,48,0
image_237.jpg,49,0
image_237.jpg,50,0
image_237.jpg,51,0
image_237.jpg,52,0
image_237.jpg,53,0
image_237.jpg,54,3
image_237.jpg,55,3
image_237.jpg,56,0
image_237.jpg,57,0
image_237.jpg,58,0
image_237.jpg,59,0
image_237.jpg,60,0
image_237.jpg,61,0
image_237.jpg,62,3
image_237.jpg,63,3
image_237.jpg,64,0
image_238.jpg,1,0
image_238.jpg,2,0
image_238.jpg,3,0
image_238.jpg,4,0
image_238.jpg,5,0
image_238.jpg,6,0
image_238.jpg,7,0
image_238.jpg,8,0
image_238.jpg,9,0
image_238.jpg,10,0
image_238.jpg,11,0
image_238.jpg,12,0
image_238.jpg,13,0
image_238.jpg,14,0
image_238.jpg,15,0
image_238.jpg,16,0
image_238.jpg,17,0
image_238.jpg,18,0
image_238.jpg,19,0
image_238.jpg,20,0
image_238.jpg,21,0
image_238.jpg,22,0
image_238.jpg,23,0
image_238.jpg,24,0
image_238.jpg,25,2
image_238.jpg,26,2
image_238.jpg,27,0
image_238.jpg,28,0
image_238.jpg,29,0
image_238.jpg,30,0
image_238.jpg,31,0
image_238.jpg,32,0
image_238.jpg,33,2
image_238.jpg,34,2
image_238.jpg,35,0
image_238.jpg,36,0
image_238.jpg,37,0
image_238.jpg,38,0
image_238.jpg,39,3
image_238.jpg,40,1
image_238.jpg,41,0
image_238.jpg,42,0
image_238.jpg,43,0
image_238.jpg,44,0
image_238.jpg,45,0
image_238.jpg,46,0
image_238.jpg,47,3
image_238.jpg,48,0
image_238.jpg,49,0
image_238.jpg,50,0
image_238.jpg,51,0
image_238.jpg,52,0
image_238.jpg,53,0
image_238.jpg,54,0
image_238.jpg,55,3
image_238.jpg,56,0
image_238.jpg,57,0
image_238.jpg,58,0
image_238.jpg,59,0
image_238.jpg,60,0
image_238.jpg,61,0
image_238.jpg,62,0
image_238.jpg,63,0
image_238.jpg,64,0
image_239.jpg,1,0
image_239.jpg,2,0
image_239.jpg,3,0
image_239.jpg,4,0
image_239.jpg,5,0
image_239.jpg,6,0
image_239.jpg,7,0
image_239.jpg,8,0
image_239.jpg,9,0
image_239.jpg,10,0
image_239.jpg,11,0
image_239.jpg,12,0
image_239.jpg,13,0
image_239.jpg,14,0
image_239.jpg,15,0
image_239.jpg,16,0
image_239.jpg,17,0
image_239.jpg,18,0
image_239.jpg,19,0
image_239.jpg,20,0
image_239.jpg,21,0
image_239.jpg,22,0
image_239.jpg,23,0
image_239.jpg,24,0
image_239.jpg,25,0
image_239.jpg,26,0
image_239.jpg,27,2
image_239.jpg,28,0
image_239.jpg,29,0
image_239.jpg,30,3
image_239.jpg,31,0
image_239.jpg,32,0
image_239.jpg,33,0
image_239.jpg,34,0
image_239.jpg,35,0
image_239.jpg,36,3
image_239.jpg,37,0
image_239.jpg,38,0
image_239.jpg,39,0
image_239.jpg,40,0
image_239.jpg,41,0
image_239.jpg,42,0
image_239.jpg,43,0
image_239.jpg,44,3
image_239.jpg,45,0
image_239.jpg,46,0
image_239.jpg,47,0
image_239.jpg,48,0
image_239.jpg,49,0
image_239.jpg,50,0
image_239.jpg,51,0
image_239.jpg,52,0
image_239.jpg,53,0
image_239.jpg,54,0
image_239.jpg,55,0
image_239.jpg,56,0
image_239.jpg,57,0
image_239.jpg,58,0
image_239.jpg,59,0
image_239.jpg,60,0
image_239.jpg,61,0
image_239.jpg,62,0
image_239.jpg,63,0
image_239.jpg,64,0
image_240.jpg,1,0
image_240.jpg,2,0
image_240.jpg,3,0
image_240.jpg,4,0
image_240.jpg,5,0
image_240.jpg,6,0
image_240.jpg,7,0
image_240.jpg,8,0
image_240.jpg,9,0
image_240.jpg,10,0
image_240.jpg,11,0
image_240.jpg,12,0
image_240.jpg,13,0
image_240.jpg,14,0
image_240.jpg,15,0
image_240.jpg,16,0
image_240.jpg,17,0
image_240.jpg,18,0
image_240.jpg,19,0
image_240.jpg,20,0
image_240.jpg,21,2
image_240.jpg,22,2
image_240.jpg,23,0
image_240.jpg,24,0
image_240.jpg,25,0
image_240.jpg,26,1
image_240.jpg,27,0
image_240.jpg,28,0
image_240.jpg,29,2
image_240.jpg,30,0
image_240.jpg,31,0
image_240.jpg,32,0
image_240.jpg,33,0
image_240.jpg,34,3
image_240.jpg,35,0
image_240.jpg,36,0
image_240.jpg,37,0
image_240.jpg,38,0
image_240.jpg,39,0
image_240.jpg,40,0
image_240.jpg,41,2
image_240.jpg,42,3
image_240.jpg,43,0
image_240.jpg,44,0
image_240.jpg,45,0
image_240.jpg,46,0
image_240.jpg,47,0
image_240.jpg,48,0
image_240.jpg,49,0
image_240.jpg,50,3
image_240.jpg,51,0
image_240.jpg,52,0
image_240.jpg,53,0
image_240.jpg,54,0
image_240.jpg,55,0
image_240.jpg,56,0
image_240.jpg,57,0
image_240.jpg,58,3
image_240.jpg,59,0
image_240.jpg,60,0
image_240.jpg,61,0
image_240.jpg,62,0
image_240.jpg,63,0
image_240.jpg,64,0
image_241.webp,1,0
image_241.webp,2,0
image_241.webp,3,0
image_241.webp,4,0
image_241.webp,5,0
image_241.webp,6,0
image_241.webp,7,0
image_241.webp,8,0
image_241.webp,9,0
image_241.webp,10,0
image_241.webp,11,0
image_241.webp,12,0
image_241.webp,13,0
image_241.webp,14,0
image_241.webp,15,0
image_241.webp,16,0
image_241.webp,17,0
image_241.webp,18,3
image_241.webp,19,3
image_241.webp,20,0
image_241.webp,21,0
image_241.webp,22,1
image_241.webp,23,1
image_241.webp,24,1
image_241.webp,25,0
image_241.webp,26,3
image_241.webp,27,3
image_241.webp,28,0
image_241.webp,29,0
image_241.webp,30,3
image_241.webp,31,1
image_241.webp,32,1
image_241.webp,33,0
image_241.webp,34,1
image_241.webp,35,0
image_241.webp,36,0
image_241.webp,37,0
image_241.webp,38,3
image_241.webp,39,1
image_241.webp,40,0
image_241.webp,41,0
image_241.webp,42,1
image_241.webp,43,1
image_241.webp,44,0
image_241.webp,45,0
image_241.webp,46,3
image_241.webp,47,1
image_241.webp,48,0
image_241.webp,49,1
image_241.webp,50,1
image_241.webp,51,0
image_241.webp,52,0
image_241.webp,53,0
image_241.webp,54,3
image_241.webp,55,1
image_241.webp,56,0
image_241.webp,57,0
image_241.webp,58,0
image_241.webp,59,0
image_241.webp,60,0
image_241.webp,61,0
image_241.webp,62,3
image_241.webp,63,0
image_241.webp,64,0
image_242.jpg,1,0
image_242.jpg,2,0
image_242.jpg,3,0
image_242.jpg,4,0
image_242.jpg,5,0
image_242.jpg,6,0
image_242.jpg,7,0
image_242.jpg,8,0
image_242.jpg,9,0
image_242.jpg,10,0
image_242.jpg,11,0
image_242.jpg,12,0
image_242.jpg,13,0
image_242.jpg,14,0
image_242.jpg,15,0
image_242.jpg,16,3
image_242.jpg,17,0
image_242.jpg,18,0
image_242.jpg,19,0
image_242.jpg,20,0
image_242.jpg,21,0
image_242.jpg,22,0
image_242.jpg,23,0
image_242.jpg,24,3
image_242.jpg,25,3
image_242.jpg,26,2
image_242.jpg,27,0
image_242.jpg,28,3
image_242.jpg,29,0
image_242.jpg,30,0
image_242.jpg,31,0
image_242.jpg,32,3
image_242.jpg,33,0
image_242.jpg,34,0
image_242.jpg,35,0
image_242.jpg,36,3
image_242.jpg,37,0
image_242.jpg,38,0
image_242.jpg,39,3
image_242.jpg,40,0
image_242.jpg,41,0
image_242.jpg,42,0
image_242.jpg,43,0
image_242.jpg,44,0
image_242.jpg,45,0
image_242.jpg,46,2
image_242.jpg,47,0
image_242.jpg,48,0
image_242.jpg,49,0
image_242.jpg,50,0
image_242.jpg,51,0
image_242.jpg,52,0
image_242.jpg,53,0
image_242.jpg,54,0
image_242.jpg,55,0
image_242.jpg,56,0
image_242.jpg,57,0
image_242.jpg,58,0
image_242.jpg,59,0
image_242.jpg,60,0
image_242.jpg,61,0
image_242.jpg,62,0
image_242.jpg,63,0
image_242.jpg,64,0
image_243.jpg,1,0
image_243.jpg,2,0
image_243.jpg,3,0
image_243.jpg,4,2
image_243.jpg,5,0
image_243.jpg,6,0
image_243.jpg,7,0
image_243.jpg,8,0
image_243.jpg,9,0
image_243.jpg,10,0
image_243.jpg,11,0
image_243.jpg,12,2
image_243.jpg,13,0
image_243.jpg,14,0
image_243.jpg,15,0
image_243.jpg,16,0
image_243.jpg,17,0
image_243.jpg,18,0
image_243.jpg,19,0
image_243.jpg,20,2
image_243.jpg,21,0
image_243.jpg,22,0
image_243.jpg,23,0
image_243.jpg,24,0
image_243.jpg,25,0
image_243.jpg,26,0
image_243.jpg,27,0
image_243.jpg,28,0
image_243.jpg,29,0
image_243.jpg,30,0
image_243.jpg,31,0
image_243.jpg,32,0
image_243.jpg,33,0
image_243.jpg,34,3
image_243.jpg,35,3
image_243.jpg,36,0
image_243.jpg,37,0
image_243.jpg,38,0
image_243.jpg,39,0
image_243.jpg,40,0
image_243.jpg,41,0
image_243.jpg,42,3
image_243.jpg,43,3
image_243.jpg,44,0
image_243.jpg,45,0
image_243.jpg,46,0
image_243.jpg,47,0
image_243.jpg,48,0
image_243.jpg,49,0
image_243.jpg,50,3
image_243.jpg,51,3
image_243.jpg,52,0
image_243.jpg,53,0
image_243.jpg,54,0
image_243.jpg,55,0
image_243.jpg,56,0
image_243.jpg,57,0
image_243.jpg,58,3
image_243.jpg,59,3
image_243.jpg,60,0
image_243.jpg,61,0
image_243.jpg,62,0
image_243.jpg,63,0
image_243.jpg,64,0
image_244.jpg,1,0
image_244.jpg,2,0
image_244.jpg,3,0
image_244.jpg,4,0
image_244.jpg,5,0
image_244.jpg,6,0
image_244.jpg,7,0
image_244.jpg,8,0
image_244.jpg,9,0
image_244.jpg,10,0
image_244.jpg,11,0
image_244.jpg,12,0
image_244.jpg,13,0
image_244.jpg,14,0
image_244.jpg,15,0
image_244.jpg,16,0
image_244.jpg,17,0
image_244.jpg,18,0
image_244.jpg,19,0
image_244.jpg,20,1
image_244.jpg,21,1
image_244.jpg,22,0
image_244.jpg,23,0
image_244.jpg,24,0
image_244.jpg,25,0
image_244.jpg,26,0
image_244.jpg,27,0
image_244.jpg,28,0
image_244.jpg,29,0
image_244.jpg,30,0
image_244.jpg,31,0
image_244.jpg,32,0
image_244.jpg,33,0
image_244.jpg,34,0
image_244.jpg,35,0
image_244.jpg,36,0
image_244.jpg,37,0
image_244.jpg,38,3
image_244.jpg,39,0
image_244.jpg,40,0
image_244.jpg,41,0
image_244.jpg,42,0
image_244.jpg,43,0
image_244.jpg,44,0
image_244.jpg,45,0
image_244.jpg,46,3
image_244.jpg,47,0
image_244.jpg,48,0
image_244.jpg,49,0
image_244.jpg,50,0
image_244.jpg,51,0
image_244.jpg,52,0
image_244.jpg,53,0
image_244.jpg,54,0
image_244.jpg,55,0
image_244.jpg,56,0
image_244.jpg,57,0
image_244.jpg,58,0
image_244.jpg,59,0
image_244.jpg,60,0
image_244.jpg,61,0
image_244.jpg,62,0
image_244.jpg,63,0
image_244.jpg,64,0
image_245.jpg,1,0
image_245.jpg,2,0
image_245.jpg,3,0
image_245.jpg,4,0
image_245.jpg,5,0
image_245.jpg,6,0
image_245.jpg,7,0
image_245.jpg,8,0
image_245.jpg,9,0
image_245.jpg,10,0
image_245.jpg,11,0
image_245.jpg,12,2
image_245.jpg,13,0
image_245.jpg,14,0
image_245.jpg,15,0
image_245.jpg,16,0
image_245.jpg,17,0
image_245.jpg,18,0
image_245.jpg,19,3
image_245.jpg,20,3
image_245.jpg,21,1
image_245.jpg,22,0
image_245.jpg,23,0
image_245.jpg,24,0
image_245.jpg,25,0
image_245.jpg,26,0
image_245.jpg,27,0
image_245.jpg,28,1
image_245.jpg,29,1
image_245.jpg,30,0
image_245.jpg,31,0
image_245.jpg,32,0
image_245.jpg,33,0
image_245.jpg,34,0
image_245.jpg,35,0
image_245.jpg,36,1
image_245.jpg,37,1
image_245.jpg,38,0
image_245.jpg,39,0
image_245.jpg,40,0
image_245.jpg,41,0
image_245.jpg,42,0
image_245.jpg,43,0
image_245.jpg,44,1
image_245.jpg,45,1
image_245.jpg,46,0
image_245.jpg,47,0
image_245.jpg,48,0
image_245.jpg,49,0
image_245.jpg,50,0
image_245.jpg,51,0
image_245.jpg,52,0
image_245.jpg,53,0
image_245.jpg,54,0
image_245.jpg,55,0
image_245.jpg,56,0
image_245.jpg,57,0
image_245.jpg,58,0
image_245.jpg,59,0
image_245.jpg,60,0
image_245.jpg,61,0
image_245.jpg,62,0
image_245.jpg,63,0
image_245.jpg,64,0
image_246.jpg,1,0
image_246.jpg,2,0
image_246.jpg,3,0
image_246.jpg,4,0
image_246.jpg,5,0
image_246.jpg,6,0
image_246.jpg,7,0
image_246.jpg,8,0
image_246.jpg,9,0
image_246.jpg,10,0
image_246.jpg,11,0
image_246.jpg,12,0
image_246.jpg,13,0
image_246.jpg,14,0
image_246.jpg,15,0
image_246.jpg,16,0
image_246.jpg,17,0
image_246.jpg,18,0
image_246.jpg,19,0
image_246.jpg,20,0
image_246.jpg,21,0
image_246.jpg,22,2
image_246.jpg,23,2
image_246.jpg,24,0
image_246.jpg,25,0
image_246.jpg,26,0
image_246.jpg,27,0
image_246.jpg,28,0
image_246.jpg,29,2
image_246.jpg,30,2
image_246.jpg,31,0
image_246.jpg,32,0
image_246.jpg,33,0
image_246.jpg,34,0
image_246.jpg,35,0
image_246.jpg,36,0
image_246.jpg,37,0
image_246.jpg,38,0
image_246.jpg,39,0
image_246.jpg,40,0
image_246.jpg,41,0
image_246.jpg,42,0
image_246.jpg,43,0
image_246.jpg,44,0
image_246.jpg,45,0
image_246.jpg,46,0
image_246.jpg,47,0
image_246.jpg,48,0
image_246.jpg,49,0
image_246.jpg,50,3
image_246.jpg,51,0
image_246.jpg,52,0
image_246.jpg,53,0
image_246.jpg,54,0
image_246.jpg,55,0
image_246.jpg,56,1
image_246.jpg,57,0
image_246.jpg,58,0
image_246.jpg,59,0
image_246.jpg,60,0
image_246.jpg,61,0
image_246.jpg,62,0
image_246.jpg,63,0
image_246.jpg,64,1
image_247.webp,1,0
image_247.webp,2,0
image_247.webp,3,0
image_247.webp,4,0
image_247.webp,5,0
image_247.webp,6,0
image_247.webp,7,2
image_247.webp,8,0
image_247.webp,9,0
image_247.webp,10,0
image_247.webp,11,0
image_247.webp,12,0
image_247.webp,13,0
image_247.webp,14,0
image_247.webp,15,2
image_247.webp,16,0
image_247.webp,17,0
image_247.webp,18,0
image_247.webp,19,0
image_247.webp,20,0
image_247.webp,21,0
image_247.webp,22,0
image_247.webp,23,2
image_247.webp,24,0
image_247.webp,25,0
image_247.webp,26,0
image_247.webp,27,0
image_247.webp,28,0
image_247.webp,29,0
image_247.webp,30,0
image_247.webp,31,0
image_247.webp,32,0
image_247.webp,33,0
image_247.webp,34,0
image_247.webp,35,0
image_247.webp,36,0
image_247.webp,37,0
image_247.webp,38,0
image_247.webp,39,0
image_247.webp,40,0
image_247.webp,41,0
image_247.webp,42,0
image_247.webp,43,0
image_247.webp,44,0
image_247.webp,45,0
image_247.webp,46,0
image_247.webp,47,0
image_247.webp,48,0
image_247.webp,49,0
image_247.webp,50,0
image_247.webp,51,0
image_247.webp,52,0
image_247.webp,53,0
image_247.webp,54,0
image_247.webp,55,0
image_247.webp,56,0
image_247.webp,57,0
image_247.webp,58,0
image_247.webp,59,0
image_247.webp,60,0
image_247.webp,61,0
image_247.webp,62,0
image_247.webp,63,0
image_247.webp,64,0
image_248.jpg,1,0
image_248.jpg,2,0
image_248.jpg,3,0
image_248.jpg,4,0
image_248.jpg,5,0
image_248.jpg,6,0
image_248.jpg,7,0
image_248.jpg,8,0
image_248.jpg,9,0
image_248.jpg,10,0
image_248.jpg,11,0
image_248.jpg,12,0
image_248.jpg,13,0
image_248.jpg,14,0
image_248.jpg,15,0
image_248.jpg,16,0
image_248.jpg,17,0
image_248.jpg,18,0
image_248.jpg,19,0
image_248.jpg,20,0
image_248.jpg,21,0
image_248.jpg,22,0
image_248.jpg,23,0
image_248.jpg,24,0
image_248.jpg,25,0
image_248.jpg,26,0
image_248.jpg,27,0
image_248.jpg,28,3
image_248.jpg,29,3
image_248.jpg,30,2
image_248.jpg,31,0
image_248.jpg,32,0
image_248.jpg,33,0
image_248.jpg,34,0
image_248.jpg,35,0
image_248.jpg,36,3
image_248.jpg,37,3
image_248.jpg,38,2
image_248.jpg,39,0
image_248.jpg,40,0
image_248.jpg,41,0
image_248.jpg,42,0
image_248.jpg,43,0
image_248.jpg,44,3
image_248.jpg,45,3
image_248.jpg,46,1
image_248.jpg,47,0
image_248.jpg,48,0
image_248.jpg,49,0
image_248.jpg,50,0
image_248.jpg,51,0
image_248.jpg,52,3
image_248.jpg,53,3
image_248.jpg,54,0
image_248.jpg,55,0
image_248.jpg,56,0
image_248.jpg,57,0
image_248.jpg,58,0
image_248.jpg,59,0
image_248.jpg,60,3
image_248.jpg,61,3
image_248.jpg,62,0
image_248.jpg,63,0
image_248.jpg,64,0
image_249.jpg,1,0
image_249.jpg,2,0
image_249.jpg,3,0
image_249.jpg,4,0
image_249.jpg,5,0
image_249.jpg,6,0
image_249.jpg,7,0
image_249.jpg,8,2
image_249.jpg,9,0
image_249.jpg,10,0
image_249.jpg,11,0
image_249.jpg,12,0
image_249.jpg,13,0
image_249.jpg,14,0
image_249.jpg,15,2
image_249.jpg,16,0
image_249.jpg,17,0
image_249.jpg,18,0
image_249.jpg,19,0
image_249.jpg,20,0
image_249.jpg,21,0
image_249.jpg,22,0
image_249.jpg,23,0
image_249.jpg,24,0
image_249.jpg,25,0
image_249.jpg,26,0
image_249.jpg,27,0
image_249.jpg,28,0
image_249.jpg,29,0
image_249.jpg,30,0
image_249.jpg,31,0
image_249.jpg,32,0
image_249.jpg,33,0
image_249.jpg,34,0
image_249.jpg,35,0
image_249.jpg,36,0
image_249.jpg,37,0
image_249.jpg,38,0
image_249.jpg,39,0
image_249.jpg,40,0
image_249.jpg,41,0
image_249.jpg,42,3
image_249.jpg,43,3
image_249.jpg,44,0
image_249.jpg,45,0
image_249.jpg,46,0
image_249.jpg,47,0
image_249.jpg,48,0
image_249.jpg,49,0
image_249.jpg,50,3
image_249.jpg,51,3
image_249.jpg,52,0
image_249.jpg,53,0
image_249.jpg,54,0
image_249.jpg,55,0
image_249.jpg,56,0
image_249.jpg,57,0
image_249.jpg,58,3
image_249.jpg,59,3
image_249.jpg,60,0
image_249.jpg,61,0
image_249.jpg,62,0
image_249.jpg,63,0
image_249.jpg,64,0
image_250.jpg,1,0
image_250.jpg,2,0
image_250.jpg,3,2
image_250.jpg,4,0
image_250.jpg,5,0
image_250.jpg,6,0
image_250.jpg,7,0
image_250.jpg,8,0
image_250.jpg,9,0
image_250.jpg,10,0
image_250.jpg,11,2
image_250.jpg,12,2
image_250.jpg,13,0
image_250.jpg,14,0
image_250.jpg,15,0
image_250.jpg,16,0
image_250.jpg,17,0
image_250.jpg,18,0
image_250.jpg,19,0
image_250.jpg,20,0
image_250.jpg,21,0
image_250.jpg,22,0
image_250.jpg,23,0
image_250.jpg,24,0
image_250.jpg,25,0
image_250.jpg,26,0
image_250.jpg,27,0
image_250.jpg,28,0
image_250.jpg,29,0
image_250.jpg,30,0
image_250.jpg,31,0
image_250.jpg,32,0
image_250.jpg,33,0
image_250.jpg,34,0
image_250.jpg,35,0
image_250.jpg,36,0
image_250.jpg,37,3
image_250.jpg,38,0
image_250.jpg,39,0
image_250.jpg,40,0
image_250.jpg,41,0
image_250.jpg,42,0
image_250.jpg,43,0
image_250.jpg,44,0
image_250.jpg,45,3
image_250.jpg,46,0
image_250.jpg,47,0
image_250.jpg,48,0
image_250.jpg,49,0
image_250.jpg,50,0
image_250.jpg,51,0
image_250.jpg,52,0
image_250.jpg,53,3
image_250.jpg,54,0
image_250.jpg,55,0
image_250.jpg,56,0
image_250.jpg,57,0
image_250.jpg,58,0
image_250.jpg,59,0
image_250.jpg,60,0
image_250.jpg,61,3
image_250.jpg,62,0
image_250.jpg,63,0
image_250.jpg,64,0
image_251.jpg,1,0
image_251.jpg,2,0
image_251.jpg,3,0
image_251.jpg,4,0
image_251.jpg,5,0
image_251.jpg,6,0
image_251.jpg,7,0
image_251.jpg,8,0
image_251.jpg,9,0
image_251.jpg,10,0
image_251.jpg,11,0
image_251.jpg,12,0
image_251.jpg,13,0
image_251.jpg,14,0
image_251.jpg,15,0
image_251.jpg,16,0
image_251.jpg,17,0
image_251.jpg,18,0
image_251.jpg,19,0
image_251.jpg,20,0
image_251.jpg,21,0
image_251.jpg,22,0
image_251.jpg,23,0
image_251.jpg,24,0
image_251.jpg,25,0
image_251.jpg,26,0
image_251.jpg,27,0
image_251.jpg,28,0
image_251.jpg,29,0
image_251.jpg,30,0
image_251.jpg,31,0
image_251.jpg,32,0
image_251.jpg,33,0
image_251.jpg,34,0
image_251.jpg,35,0
image_251.jpg,36,0
image_251.jpg,37,0
image_251.jpg,38,3
image_251.jpg,39,3
image_251.jpg,40,0
image_251.jpg,41,0
image_251.jpg,42,0
image_251.jpg,43,0
image_251.jpg,44,0
image_251.jpg,45,0
image_251.jpg,46,3
image_251.jpg,47,3
image_251.jpg,48,0
image_251.jpg,49,0
image_251.jpg,50,0
image_251.jpg,51,0
image_251.jpg,52,0
image_251.jpg,53,0
image_251.jpg,54,3
image_251.jpg,55,3
image_251.jpg,56,0
image_251.jpg,57,0
image_251.jpg,58,0
image_251.jpg,59,0
image_251.jpg,60,0
image_251.jpg,61,0
image_251.jpg,62,3
image_251.jpg,63,3
image_251.jpg,64,0
image_252.webp,1,0
image_252.webp,2,0
image_252.webp,3,0
image_252.webp,4,0
image_252.webp,5,2
image_252.webp,6,2
image_252.webp,7,0
image_252.webp,8,0
image_252.webp,9,0
image_252.webp,10,0
image_252.webp,11,0
image_252.webp,12,0
image_252.webp,13,0
image_252.webp,14,2
image_252.webp,15,0
image_252.webp,16,0
image_252.webp,17,0
image_252.webp,18,0
image_252.webp,19,0
image_252.webp,20,0
image_252.webp,21,0
image_252.webp,22,0
image_252.webp,23,0
image_252.webp,24,0
image_252.webp,25,0
image_252.webp,26,0
image_252.webp,27,0
image_252.webp,28,0
image_252.webp,29,0
image_252.webp,30,0
image_252.webp,31,0
image_252.webp,32,0
image_252.webp,33,0
image_252.webp,34,3
image_252.webp,35,0
image_252.webp,36,0
image_252.webp,37,0
image_252.webp,38,0
image_252.webp,39,0
image_252.webp,40,0
image_252.webp,41,0
image_252.webp,42,3
image_252.webp,43,0
image_252.webp,44,0
image_252.webp,45,3
image_252.webp,46,0
image_252.webp,47,0
image_252.webp,48,0
image_252.webp,49,0
image_252.webp,50,3
image_252.webp,51,0
image_252.webp,52,0
image_252.webp,53,0
image_252.webp,54,0
image_252.webp,55,0
image_252.webp,56,0
image_252.webp,57,0
image_252.webp,58,3
image_252.webp,59,0
image_252.webp,60,0
image_252.webp,61,0
image_252.webp,62,0
image_252.webp,63,0
image_252.webp,64,0