image_name,col_number,row_number,cell_number,label
image_1.jpg,1,1,1,0
image_1.jpg,1,2,9,0
image_1.jpg,1,3,17,0
image_1.jpg,1,4,25,0
image_1.jpg,1,5,33,0
image_1.jpg,1,6,41,0
image_1.jpg,1,7,49,0
image_1.jpg,1,8,57,0
image_1.jpg,2,1,2,0
image_1.jpg,2,2,10,0
image_1.jpg,2,3,18,0
image_1.jpg,2,4,26,0
image_1.jpg,2,5,34,0
image_1.jpg,2,6,42,0
image_1.jpg,2,7,50,0
image_1.jpg,2,8,58,0
image_1.jpg,3,1,3,0
image_1.jpg,3,2,11,0
image_1.jpg,3,3,19,0
image_1.jpg,3,4,27,0
image_1.jpg,3,5,35,0
image_1.jpg,3,6,43,0
image_1.jpg,3,7,51,0
image_1.jpg,3,8,59,0
image_1.jpg,4,1,4,0
image_1.jpg,4,2,12,0
image_1.jpg,4,3,20,0
image_1.jpg,4,4,28,0
image_1.jpg,4,5,36,0
image_1.jpg,4,6,44,0
image_1.jpg,4,7,52,0
image_1.jpg,4,8,60,0
image_1.jpg,5,1,5,0
image_1.jpg,5,2,13,0
image_1.jpg,5,3,21,0
image_1.jpg,5,4,29,0
image_1.jpg,5,5,37,0
image_1.jpg,5,6,45,0
image_1.jpg,5,7,53,0
image_1.jpg,5,8,61,0
image_1.jpg,6,1,6,0
image_1.jpg,6,2,14,0
image_1.jpg,6,3,22,0
image_1.jpg,6,4,30,0
image_1.jpg,6,5,38,0
image_1.jpg,6,6,46,0
image_1.jpg,6,7,54,0
image_1.jpg,6,8,62,0
image_1.jpg,7,1,7,0
image_1.jpg,7,2,15,0
image_1.jpg,7,3,23,0
image_1.jpg,7,4,31,0
image_1.jpg,7,5,39,0
image_1.jpg,7,6,47,0
image_1.jpg,7,7,55,0
image_1.jpg,7,8,63,0
image_1.jpg,8,1,8,0
image_1.jpg,8,2,16,0
image_1.jpg,8,3,24,0
image_1.jpg,8,4,32,0
image_1.jpg,8,5,40,0
image_1.jpg,8,6,48,0
image_1.jpg,8,7,56,0
image_1.jpg,8,8,64,0
image_10.jpg,1,1,1,0
image_10.jpg,1,2,9,0
image_10.jpg,1,3,17,0
image_10.jpg,1,4,25,0
image_10.jpg,1,5,33,0
image_10.jpg,1,6,41,0
image_10.jpg,1,7,49,0
image_10.jpg,1,8,57,0
image_10.jpg,2,1,2,0
image_10.jpg,2,2,10,0
image_10.jpg,2,3,18,0
image_10.jpg,2,4,26,0
image_10.jpg,2,5,34,0
image_10.jpg,2,6,42,0
image_10.jpg,2,7,50,0
image_10.jpg,2,8,58,0
image_10.jpg,3,1,3,0
image_10.jpg,3,2,11,0
image_10.jpg,3,3,19,0
image_10.jpg,3,4,27,0
image_10.jpg,3,5,35,0
image_10.jpg,3,6,43,0
image_10.jpg,3,7,51,0
image_10.jpg,3,8,59,0
image_10.jpg,4,1,4,0
image_10.jpg,4,2,12,0
image_10.jpg,4,3,20,0
image_10.jpg,4,4,28,0
image_10.jpg,4,5,36,0
image_10.jpg,4,6,44,0
image_10.jpg,4,7,52,0
image_10.jpg,4,8,60,0
image_10.jpg,5,1,5,0
image_10.jpg,5,2,13,0
image_10.jpg,5,3,21,0
image_10.jpg,5,4,29,0
image_10.jpg,5,5,37,0
image_10.jpg,5,6,45,0
image_10.jpg,5,7,53,0
image_10.jpg,5,8,61,0
image_10.jpg,6,1,6,0
image_10.jpg,6,2,14,0
image_10.jpg,6,3,22,0
image_10.jpg,6,4,30,0
image_10.jpg,6,5,38,0
image_10.jpg,6,6,46,0
image_10.jpg,6,7,54,0
image_10.jpg,6,8,62,0
image_10.jpg,7,1,7,0
image_10.jpg,7,2,15,0
image_10.jpg,7,3,23,0
image_10.jpg,7,4,31,0
image_10.jpg,7,5,39,0
image_10.jpg,7,6,47,0
image_10.jpg,7,7,55,0
image_10.jpg,7,8,63,0
image_10.jpg,8,1,8,0
image_10.jpg,8,2,16,0
image_10.jpg,8,3,24,0
image_10.jpg,8,4,32,0
image_10.jpg,8,5,40,0
image_10.jpg,8,6,48,0
image_10.jpg,8,7,56,0
image_10.jpg,8,8,64,0
image_11.jpg,1,1,1,0
image_11.jpg,1,2,9,0
image_11.jpg,1,3,17,0
image_11.jpg,1,4,25,0
image_11.jpg,1,5,33,0
image_11.jpg,1,6,41,0
image_11.jpg,1,7,49,0
image_11.jpg,1,8,57,0
image_11.jpg,2,1,2,0
image_11.jpg,2,2,10,0
image_11.jpg,2,3,18,0
image_11.jpg,2,4,26,0
image_11.jpg,2,5,34,0
image_11.jpg,2,6,42,0
image_11.jpg,2,7,50,0
image_11.jpg,2,8,58,0
image_11.jpg,3,1,3,0
image_11.jpg,3,2,11,0
image_11.jpg,3,3,19,0
image_11.jpg,3,4,27,0
image_11.jpg,3,5,35,0
image_11.jpg,3,6,43,0
image_11.jpg,3,7,51,0
image_11.jpg,3,8,59,0
image_11.jpg,4,1,4,0
image_11.jpg,4,2,12,0
image_11.jpg,4,3,20,0
image_11.jpg,4,4,28,0
image_11.jpg,4,5,36,0
image_11.jpg,4,6,44,0
image_11.jpg,4,7,52,0
image_11.jpg,4,8,60,0
image_11.jpg,5,1,5,0
image_11.jpg,5,2,13,0
image_11.jpg,5,3,21,0
image_11.jpg,5,4,29,0
image_11.jpg,5,5,37,0
image_11.jpg,5,6,45,0
image_11.jpg,5,7,53,0
image_11.jpg,5,8,61,0
image_11.jpg,6,1,6,0
image_11.jpg,6,2,14,0
image_11.jpg,6,3,22,0
image_11.jpg,6,4,30,0
image_11.jpg,6,5,38,0
image_11.jpg,6,6,46,0
image_11.jpg,6,7,54,0
image_11.jpg,6,8,62,0
image_11.jpg,7,1,7,0
image_11.jpg,7,2,15,0
image_11.jpg,7,3,23,0
image_11.jpg,7,4,31,0
image_11.jpg,7,5,39,0
image_11.jpg,7,6,47,0
image_11.jpg,7,7,55,0
image_11.jpg,7,8,63,0
image_11.jpg,8,1,8,0
image_11.jpg,8,2,16,0
image_11.jpg,8,3,24,0
image_11.jpg,8,4,32,0
image_11.jpg,8,5,40,0
image_11.jpg,8,6,48,0
image_11.jpg,8,7,56,0
image_11.jpg,8,8,64,0
image_12.jpg,1,1,1,0
image_12.jpg,1,2,9,0
image_12.jpg,1,3,17,0
image_12.jpg,1,4,25,0
image_12.jpg,1,5,33,0
image_12.jpg,1,6,41,0
image_12.jpg,1,7,49,0
image_12.jpg,1,8,57,0
image_12.jpg,2,1,2,0
image_12.jpg,2,2,10,0
image_12.jpg,2,3,18,0
image_12.jpg,2,4,26,0
image_12.jpg,2,5,34,0
image_12.jpg,2,6,42,0
image_12.jpg,2,7,50,0
image_12.jpg,2,8,58,0
image_12.jpg,3,1,3,0
image_12.jpg,3,2,11,0
image_12.jpg,3,3,19,0
image_12.jpg,3,4,27,0
image_12.jpg,3,5,35,0
image_12.jpg,3,6,43,0
image_12.jpg,3,7,51,0
image_12.jpg,3,8,59,0
image_12.jpg,4,1,4,0
image_12.jpg,4,2,12,0
image_12.jpg,4,3,20,0
image_12.jpg,4,4,28,0
image_12.jpg,4,5,36,0
image_12.jpg,4,6,44,0
image_12.jpg,4,7,52,0
image_12.jpg,4,8,60,0
image_12.jpg,5,1,5,0
image_12.jpg,5,2,13,0
image_12.jpg,5,3,21,0
image_12.jpg,5,4,29,0
image_12.jpg,5,5,37,0
image_12.jpg,5,6,45,0
image_12.jpg,5,7,53,0
image_12.jpg,5,8,61,0
image_12.jpg,6,1,6,0
image_12.jpg,6,2,14,0
image_12.jpg,6,3,22,0
image_12.jpg,6,4,30,0
image_12.jpg,6,5,38,0
image_12.jpg,6,6,46,0
image_12.jpg,6,7,54,0
image_12.jpg,6,8,62,0
image_12.jpg,7,1,7,0
image_12.jpg,7,2,15,0
image_12.jpg,7,3,23,0
image_12.jpg,7,4,31,0
image_12.jpg,7,5,39,0
image_12.jpg,7,6,47,0
image_12.jpg,7,7,55,0
image_12.jpg,7,8,63,0
image_12.jpg,8,1,8,0
image_12.jpg,8,2,16,0
image_12.jpg,8,3,24,0
image_12.jpg,8,4,32,0
image_12.jpg,8,5,40,0
image_12.jpg,8,6,48,0
image_12.jpg,8,7,56,0
image_12.jpg,8,8,64,0
image_13.jpg,1,1,1,0
image_13.jpg,1,2,9,0
image_13.jpg,1,3,17,0
image_13.jpg,1,4,25,0
image_13.jpg,1,5,33,0
image_13.jpg,1,6,41,0
image_13.jpg,1,7,49,0
image_13.jpg,1,8,57,0
image_13.jpg,2,1,2,0
image_13.jpg,2,2,10,0
image_13.jpg,2,3,18,0
image_13.jpg,2,4,26,0
image_13.jpg,2,5,34,0
image_13.jpg,2,6,42,0
image_13.jpg,2,7,50,0
image_13.jpg,2,8,58,0
image_13.jpg,3,1,3,0
image_13.jpg,3,2,11,0
image_13.jpg,3,3,19,0
image_13.jpg,3,4,27,0
image_13.jpg,3,5,35,0
image_13.jpg,3,6,43,0
image_13.jpg,3,7,51,0
image_13.jpg,3,8,59,0
image_13.jpg,4,1,4,0
image_13.jpg,4,2,12,0
image_13.jpg,4,3,20,0
image_13.jpg,4,4,28,0
image_13.jpg,4,5,36,0
image_13.jpg,4,6,44,0
image_13.jpg,4,7,52,0
image_13.jpg,4,8,60,0
image_13.jpg,5,1,5,0
image_13.jpg,5,2,13,0
image_13.jpg,5,3,21,0
image_13.jpg,5,4,29,0
image_13.jpg,5,5,37,0
image_13.jpg,5,6,45,0
image_13.jpg,5,7,53,0
image_13.jpg,5,8,61,0
image_13.jpg,6,1,6,0
image_13.jpg,6,2,14,0
image_13.jpg,6,3,22,0
image_13.jpg,6,4,30,0
image_13.jpg,6,5,38,0
image_13.jpg,6,6,46,0
image_13.jpg,6,7,54,0
image_13.jpg,6,8,62,0
image_13.jpg,7,1,7,0
image_13.jpg,7,2,15,0
image_13.jpg,7,3,23,0
image_13.jpg,7,4,31,0
image_13.jpg,7,5,39,0
image_13.jpg,7,6,47,0
image_13.jpg,7,7,55,0
image_13.jpg,7,8,63,0
image_13.jpg,8,1,8,0
image_13.jpg,8,2,16,0
image_13.jpg,8,3,24,0
image_13.jpg,8,4,32,0
image_13.jpg,8,5,40,0
image_13.jpg,8,6,48,0
image_13.jpg,8,7,56,0
image_13.jpg,8,8,64,0
image_14.jpg,1,1,1,0
image_14.jpg,1,2,9,0
image_14.jpg,1,3,17,0
image_14.jpg,1,4,25,0
image_14.jpg,1,5,33,0
image_14.jpg,1,6,41,0
image_14.jpg,1,7,49,0
image_14.jpg,1,8,57,0
image_14.jpg,2,1,2,0
image_14.jpg,2,2,10,0
image_14.jpg,2,3,18,0
image_14.jpg,2,4,26,0
image_14.jpg,2,5,34,0
image_14.jpg,2,6,42,0
image_14.jpg,2,7,50,0
image_14.jpg,2,8,58,0
image_14.jpg,3,1,3,0
image_14.jpg,3,2,11,0
image_14.jpg,3,3,19,0
image_14.jpg,3,4,27,0
image_14.jpg,3,5,35,0
image_14.jpg,3,6,43,0
image_14.jpg,3,7,51,0
image_14.jpg,3,8,59,0
image_14.jpg,4,1,4,0
image_14.jpg,4,2,12,0
image_14.jpg,4,3,20,0
image_14.jpg,4,4,28,0
image_14.jpg,4,5,36,0
image_14.jpg,4,6,44,0
image_14.jpg,4,7,52,0
image_14.jpg,4,8,60,0
image_14.jpg,5,1,5,0
image_14.jpg,5,2,13,0
image_14.jpg,5,3,21,0
image_14.jpg,5,4,29,0
image_14.jpg,5,5,37,0
image_14.jpg,5,6,45,0
image_14.jpg,5,7,53,0
image_14.jpg,5,8,61,0
image_14.jpg,6,1,6,0
image_14.jpg,6,2,14,0
image_14.jpg,6,3,22,0
image_14.jpg,6,4,30,0
image_14.jpg,6,5,38,0
image_14.jpg,6,6,46,0
image_14.jpg,6,7,54,0
image_14.jpg,6,8,62,0
image_14.jpg,7,1,7,0
image_14.jpg,7,2,15,0
image_14.jpg,7,3,23,0
image_14.jpg,7,4,31,0
image_14.jpg,7,5,39,0
image_14.jpg,7,6,47,0
image_14.jpg,7,7,55,0
image_14.jpg,7,8,63,0
image_14.jpg,8,1,8,0
image_14.jpg,8,2,16,0
image_14.jpg,8,3,24,0
image_14.jpg,8,4,32,0
image_14.jpg,8,5,40,0
image_14.jpg,8,6,48,0
image_14.jpg,8,7,56,0
image_14.jpg,8,8,64,0
image_15.jpg,1,1,1,0
image_15.jpg,1,2,9,0
image_15.jpg,1,3,17,0
image_15.jpg,1,4,25,0
image_15.jpg,1,5,33,0
image_15.jpg,1,6,41,0
image_15.jpg,1,7,49,0
image_15.jpg,1,8,57,0
image_15.jpg,2,1,2,0
image_15.jpg,2,2,10,0
image_15.jpg,2,3,18,0
image_15.jpg,2,4,26,0
image_15.jpg,2,5,34,0
image_15.jpg,2,6,42,0
image_15.jpg,2,7,50,0
image_15.jpg,2,8,58,0
image_15.jpg,3,1,3,0
image_15.jpg,3,2,11,0
image_15.jpg,3,3,19,0
image_15.jpg,3,4,27,0
image_15.jpg,3,5,35,0
image_15.jpg,3,6,43,0
image_15.jpg,3,7,51,0
image_15.jpg,3,8,59,0
image_15.jpg,4,1,4,0
image_15.jpg,4,2,12,0
image_15.jpg,4,3,20,0
image_15.jpg,4,4,28,0
image_15.jpg,4,5,36,0
image_15.jpg,4,6,44,0
image_15.jpg,4,7,52,0
image_15.jpg,4,8,60,0
image_15.jpg,5,1,5,0
image_15.jpg,5,2,13,0
image_15.jpg,5,3,21,0
image_15.jpg,5,4,29,0
image_15.jpg,5,5,37,0
image_15.jpg,5,6,45,0
image_15.jpg,5,7,53,0
image_15.jpg,5,8,61,0
image_15.jpg,6,1,6,0
image_15.jpg,6,2,14,0
image_15.jpg,6,3,22,0
image_15.jpg,6,4,30,0
image_15.jpg,6,5,38,0
image_15.jpg,6,6,46,0
image_15.jpg,6,7,54,0
image_15.jpg,6,8,62,0
image_15.jpg,7,1,7,0
image_15.jpg,7,2,15,0
image_15.jpg,7,3,23,0
image_15.jpg,7,4,31,0
image_15.jpg,7,5,39,0
image_15.jpg,7,6,47,0
image_15.jpg,7,7,55,0
image_15.jpg,7,8,63,0
image_15.jpg,8,1,8,0
image_15.jpg,8,2,16,0
image_15.jpg,8,3,24,0
image_15.jpg,8,4,32,0
image_15.jpg,8,5,40,0
image_15.jpg,8,6,48,0
image_15.jpg,8,7,56,0
image_15.jpg,8,8,64,0
image_16.jpg,1,1,1,0
image_16.jpg,1,2,9,0
image_16.jpg,1,3,17,0
image_16.jpg,1,4,25,0
image_16.jpg,1,5,33,0
image_16.jpg,1,6,41,0
image_16.jpg,1,7,49,0
image_16.jpg,1,8,57,0
image_16.jpg,2,1,2,0
image_16.jpg,2,2,10,0
image_16.jpg,2,3,18,0
image_16.jpg,2,4,26,0
image_16.jpg,2,5,34,0
image_16.jpg,2,6,42,0
image_16.jpg,2,7,50,0
image_16.jpg,2,8,58,0
image_16.jpg,3,1,3,0
image_16.jpg,3,2,11,0
image_16.jpg,3,3,19,0
image_16.jpg,3,4,27,0
image_16.jpg,3,5,35,0
image_16.jpg,3,6,43,0
image_16.jpg,3,7,51,0
image_16.jpg,3,8,59,0
image_16.jpg,4,1,4,0
image_16.jpg,4,2,12,0
image_16.jpg,4,3,20,0
image_16.jpg,4,4,28,0
image_16.jpg,4,5,36,0
image_16.jpg,4,6,44,0
image_16.jpg,4,7,52,0
image_16.jpg,4,8,60,0
image_16.jpg,5,1,5,0
image_16.jpg,5,2,13,0
image_16.jpg,5,3,21,0
image_16.jpg,5,4,29,0
image_16.jpg,5,5,37,0
image_16.jpg,5,6,45,0
image_16.jpg,5,7,53,0
image_16.jpg,5,8,61,0
image_16.jpg,6,1,6,0
image_16.jpg,6,2,14,0
image_16.jpg,6,3,22,0
image_16.jpg,6,4,30,0
image_16.jpg,6,5,38,0
image_16.jpg,6,6,46,0
image_16.jpg,6,7,54,0
image_16.jpg,6,8,62,0
image_16.jpg,7,1,7,0
image_16.jpg,7,2,15,0
image_16.jpg,7,3,23,0
image_16.jpg,7,4,31,0
image_16.jpg,7,5,39,0
image_16.jpg,7,6,47,0
image_16.jpg,7,7,55,0
image_16.jpg,7,8,63,0
image_16.jpg,8,1,8,0
image_16.jpg,8,2,16,0
image_16.jpg,8,3,24,0
image_16.jpg,8,4,32,0
image_16.jpg,8,5,40,0
image_16.jpg,8,6,48,0
image_16.jpg,8,7,56,0
image_16.jpg,8,8,64,0
image_17.jpg,1,1,1,0
image_17.jpg,1,2,9,0
image_17.jpg,1,3,17,0
image_17.jpg,1,4,25,0
image_17.jpg,1,5,33,0
image_17.jpg,1,6,41,0
image_17.jpg,1,7,49,0
image_17.jpg,1,8,57,0
image_17.jpg,2,1,2,0
image_17.jpg,2,2,10,0
image_17.jpg,2,3,18,0
image_17.jpg,2,4,26,0
image_17.jpg,2,5,34,0
image_17.jpg,2,6,42,0
image_17.jpg,2,7,50,0
image_17.jpg,2,8,58,0
image_17.jpg,3,1,3,0
image_17.jpg,3,2,11,0
image_17.jpg,3,3,19,0
image_17.jpg,3,4,27,0
image_17.jpg,3,5,35,0
image_17.jpg,3,6,43,0
image_17.jpg,3,7,51,0
image_17.jpg,3,8,59,0
image_17.jpg,4,1,4,0
image_17.jpg,4,2,12,0
image_17.jpg,4,3,20,0
image_17.jpg,4,4,28,0
image_17.jpg,4,5,36,0
image_17.jpg,4,6,44,0
image_17.jpg,4,7,52,0
image_17.jpg,4,8,60,0
image_17.jpg,5,1,5,0
image_17.jpg,5,2,13,0
image_17.jpg,5,3,21,0
image_17.jpg,5,4,29,0
image_17.jpg,5,5,37,0
image_17.jpg,5,6,45,0
image_17.jpg,5,7,53,0
image_17.jpg,5,8,61,0
image_17.jpg,6,1,6,0
image_17.jpg,6,2,14,0
image_17.jpg,6,3,22,0
image_17.jpg,6,4,30,0
image_17.jpg,6,5,38,0
image_17.jpg,6,6,46,0
image_17.jpg,6,7,54,0
image_17.jpg,6,8,62,0
image_17.jpg,7,1,7,0
image_17.jpg,7,2,15,0
image_17.jpg,7,3,23,0
image_17.jpg,7,4,31,0
image_17.jpg,7,5,39,0
image_17.jpg,7,6,47,0
image_17.jpg,7,7,55,0
image_17.jpg,7,8,63,0
image_17.jpg,8,1,8,0
image_17.jpg,8,2,16,0
image_17.jpg,8,3,24,0
image_17.jpg,8,4,32,0
image_17.jpg,8,5,40,0
image_17.jpg,8,6,48,0
image_17.jpg,8,7,56,0
image_17.jpg,8,8,64,0
image_18.jpg,1,1,1,0
image_18.jpg,1,2,9,0
image_18.jpg,1,3,17,0
image_18.jpg,1,4,25,0
image_18.jpg,1,5,33,0
image_18.jpg,1,6,41,0
image_18.jpg,1,7,49,0
image_18.jpg,1,8,57,0
image_18.jpg,2,1,2,0
image_18.jpg,2,2,10,0
image_18.jpg,2,3,18,0
image_18.jpg,2,4,26,0
image_18.jpg,2,5,34,0
image_18.jpg,2,6,42,0
image_18.jpg,2,7,50,0
image_18.jpg,2,8,58,0
image_18.jpg,3,1,3,0
image_18.jpg,3,2,11,0
image_18.jpg,3,3,19,0
image_18.jpg,3,4,27,0
image_18.jpg,3,5,35,0
image_18.jpg,3,6,43,0
image_18.jpg,3,7,51,0
image_18.jpg,3,8,59,0
image_18.jpg,4,1,4,0
image_18.jpg,4,2,12,0
image_18.jpg,4,3,20,0
image_18.jpg,4,4,28,0
image_18.jpg,4,5,36,0
image_18.jpg,4,6,44,0
image_18.jpg,4,7,52,0
image_18.jpg,4,8,60,0
image_18.jpg,5,1,5,0
image_18.jpg,5,2,13,0
image_18.jpg,5,3,21,0
image_18.jpg,5,4,29,0
image_18.jpg,5,5,37,0
image_18.jpg,5,6,45,0
image_18.jpg,5,7,53,0
image_18.jpg,5,8,61,0
image_18.jpg,6,1,6,0
image_18.jpg,6,2,14,0
image_18.jpg,6,3,22,0
image_18.jpg,6,4,30,0
image_18.jpg,6,5,38,0
image_18.jpg,6,6,46,0
image_18.jpg,6,7,54,0
image_18.jpg,6,8,62,0
image_18.jpg,7,1,7,0
image_18.jpg,7,2,15,0
image_18.jpg,7,3,23,0
image_18.jpg,7,4,31,0
image_18.jpg,7,5,39,0
image_18.jpg,7,6,47,0
image_18.jpg,7,7,55,0
image_18.jpg,7,8,63,0
image_18.jpg,8,1,8,0
image_18.jpg,8,2,16,0
image_18.jpg,8,3,24,0
image_18.jpg,8,4,32,0
image_18.jpg,8,5,40,0
image_18.jpg,8,6,48,0
image_18.jpg,8,7,56,0
image_18.jpg,8,8,64,0
image_19.jpg,1,1,1,0
image_19.jpg,1,2,9,0
image_19.jpg,1,3,17,0
image_19.jpg,1,4,25,0
image_19.jpg,1,5,33,0
image_19.jpg,1,6,41,0
image_19.jpg,1,7,49,0
image_19.jpg,1,8,57,0
image_19.jpg,2,1,2,0
image_19.jpg,2,2,10,0
image_19.jpg,2,3,18,0
image_19.jpg,2,4,26,0
image_19.jpg,2,5,34,0
image_19.jpg,2,6,42,0
image_19.jpg,2,7,50,0
image_19.jpg,2,8,58,0
image_19.jpg,3,1,3,0
image_19.jpg,3,2,11,0
image_19.jpg,3,3,19,0
image_19.jpg,3,4,27,0
image_19.jpg,3,5,35,0
image_19.jpg,3,6,43,0
image_19.jpg,3,7,51,0
image_19.jpg,3,8,59,0
image_19.jpg,4,1,4,0
image_19.jpg,4,2,12,0
image_19.jpg,4,3,20,0
image_19.jpg,4,4,28,0
image_19.jpg,4,5,36,0
image_19.jpg,4,6,44,0
image_19.jpg,4,7,52,0
image_19.jpg,4,8,60,0
image_19.jpg,5,1,5,0
image_19.jpg,5,2,13,0
image_19.jpg,5,3,21,0
image_19.jpg,5,4,29,0
image_19.jpg,5,5,37,0
image_19.jpg,5,6,45,0
image_19.jpg,5,7,53,0
image_19.jpg,5,8,61,0
image_19.jpg,6,1,6,0
image_19.jpg,6,2,14,0
image_19.jpg,6,3,22,0
image_19.jpg,6,4,30,0
image_19.jpg,6,5,38,0
image_19.jpg,6,6,46,0
image_19.jpg,6,7,54,0
image_19.jpg,6,8,62,0
image_19.jpg,7,1,7,0
image_19.jpg,7,2,15,0
image_19.jpg,7,3,23,0
image_19.jpg,7,4,31,0
image_19.jpg,7,5,39,0
image_19.jpg,7,6,47,0
image_19.jpg,7,7,55,0
image_19.jpg,7,8,63,0
image_19.jpg,8,1,8,0
image_19.jpg,8,2,16,0
image_19.jpg,8,3,24,0
image_19.jpg,8,4,32,0
image_19.jpg,8,5,40,0
image_19.jpg,8,6,48,0
image_19.jpg,8,7,56,0
image_19.jpg,8,8,64,0
image_2.jpg,1,1,1,0
image_2.jpg,1,2,9,0
image_2.jpg,1,3,17,0
image_2.jpg,1,4,25,0
image_2.jpg,1,5,33,0
image_2.jpg,1,6,41,0
image_2.jpg,1,7,49,0
image_2.jpg,1,8,57,0
image_2.jpg,2,1,2,0
image_2.jpg,2,2,10,0
image_2.jpg,2,3,18,0
image_2.jpg,2,4,26,0
image_2.jpg,2,5,34,0
image_2.jpg,2,6,42,0
image_2.jpg,2,7,50,0
image_2.jpg,2,8,58,0
image_2.jpg,3,1,3,0
image_2.jpg,3,2,11,0
image_2.jpg,3,3,19,0
image_2.jpg,3,4,27,0
image_2.jpg,3,5,35,0
image_2.jpg,3,6,43,0
image_2.jpg,3,7,51,0
image_2.jpg,3,8,59,0
image_2.jpg,4,1,4,0
image_2.jpg,4,2,12,0
image_2.jpg,4,3,20,0
image_2.jpg,4,4,28,0
image_2.jpg,4,5,36,0
image_2.jpg,4,6,44,0
image_2.jpg,4,7,52,0
image_2.jpg,4,8,60,0
image_2.jpg,5,1,5,0
image_2.jpg,5,2,13,0
image_2.jpg,5,3,21,0
image_2.jpg,5,4,29,0
image_2.jpg,5,5,37,0
image_2.jpg,5,6,45,0
image_2.jpg,5,7,53,0
image_2.jpg,5,8,61,0
image_2.jpg,6,1,6,0
image_2.jpg,6,2,14,0
image_2.jpg,6,3,22,0
image_2.jpg,6,4,30,0
image_2.jpg,6,5,38,0
image_2.jpg,6,6,46,0
image_2.jpg,6,7,54,0
image_2.jpg,6,8,62,0
image_2.jpg,7,1,7,0
image_2.jpg,7,2,15,0
image_2.jpg,7,3,23,0
image_2.jpg,7,4,31,0
image_2.jpg,7,5,39,0
image_2.jpg,7,6,47,0
image_2.jpg,7,7,55,0
image_2.jpg,7,8,63,0
image_2.jpg,8,1,8,0
image_2.jpg,8,2,16,0
image_2.jpg,8,3,24,0
image_2.jpg,8,4,32,0
image_2.jpg,8,5,40,0
image_2.jpg,8,6,48,0
image_2.jpg,8,7,56,0
image_2.jpg,8,8,64,0
image_20.jpg,1,1,1,0
image_20.jpg,1,2,9,0
image_20.jpg,1,3,17,0
image_20.jpg,1,4,25,0
image_20.jpg,1,5,33,0
image_20.jpg,1,6,41,0
image_20.jpg,1,7,49,0
image_20.jpg,1,8,57,0
image_20.jpg,2,1,2,0
image_20.jpg,2,2,10,0
image_20.jpg,2,3,18,0
image_20.jpg,2,4,26,0
image_20.jpg,2,5,34,0
image_20.jpg,2,6,42,0
image_20.jpg,2,7,50,0
image_20.jpg,2,8,58,0
image_20.jpg,3,1,3,0
image_20.jpg,3,2,11,0
image_20.jpg,3,3,19,0
image_20.jpg,3,4,27,0
image_20.jpg,3,5,35,0
image_20.jpg,3,6,43,0
image_20.jpg,3,7,51,0
image_20.jpg,3,8,59,0
image_20.jpg,4,1,4,0
image_20.jpg,4,2,12,0
image_20.jpg,4,3,20,0
image_20.jpg,4,4,28,0
image_20.jpg,4,5,36,0
image_20.jpg,4,6,44,0
image_20.jpg,4,7,52,0
image_20.jpg,4,8,60,0
image_20.jpg,5,1,5,0
image_20.jpg,5,2,13,0
image_20.jpg,5,3,21,0
image_20.jpg,5,4,29,0
image_20.jpg,5,5,37,0
image_20.jpg,5,6,45,0
image_20.jpg,5,7,53,0
image_20.jpg,5,8,61,0
image_20.jpg,6,1,6,0
image_20.jpg,6,2,14,0
image_20.jpg,6,3,22,0
image_20.jpg,6,4,30,0
image_20.jpg,6,5,38,0
image_20.jpg,6,6,46,0
image_20.jpg,6,7,54,0
image_20.jpg,6,8,62,0
image_20.jpg,7,1,7,0
image_20.jpg,7,2,15,0
image_20.jpg,7,3,23,0
image_20.jpg,7,4,31,0
image_20.jpg,7,5,39,0
image_20.jpg,7,6,47,0
image_20.jpg,7,7,55,0
image_20.jpg,7,8,63,0
image_20.jpg,8,1,8,0
image_20.jpg,8,2,16,0
image_20.jpg,8,3,24,0
image_20.jpg,8,4,32,0
image_20.jpg,8,5,40,0
image_20.jpg,8,6,48,0
image_20.jpg,8,7,56,0
image_20.jpg,8,8,64,0
image_21.jpg,1,1,1,0
image_21.jpg,1,2,9,0
image_21.jpg,1,3,17,0
image_21.jpg,1,4,25,0
image_21.jpg,1,5,33,0
image_21.jpg,1,6,41,0
image_21.jpg,1,7,49,0
image_21.jpg,1,8,57,0
image_21.jpg,2,1,2,0
image_21.jpg,2,2,10,0
image_21.jpg,2,3,18,0
image_21.jpg,2,4,26,0
image_21.jpg,2,5,34,0
image_21.jpg,2,6,42,0
image_21.jpg,2,7,50,0
image_21.jpg,2,8,58,0
image_21.jpg,3,1,3,0
image_21.jpg,3,2,11,0
image_21.jpg,3,3,19,0
image_21.jpg,3,4,27,0
image_21.jpg,3,5,35,0
image_21.jpg,3,6,43,0
image_21.jpg,3,7,51,0
image_21.jpg,3,8,59,0
image_21.jpg,4,1,4,0
image_21.jpg,4,2,12,0
image_21.jpg,4,3,20,0
image_21.jpg,4,4,28,0
image_21.jpg,4,5,36,0
image_21.jpg,4,6,44,0
image_21.jpg,4,7,52,0
image_21.jpg,4,8,60,0
image_21.jpg,5,1,5,0
image_21.jpg,5,2,13,0
image_21.jpg,5,3,21,0
image_21.jpg,5,4,29,0
image_21.jpg,5,5,37,0
image_21.jpg,5,6,45,0
image_21.jpg,5,7,53,0
image_21.jpg,5,8,61,0
image_21.jpg,6,1,6,0
image_21.jpg,6,2,14,0
image_21.jpg,6,3,22,0
image_21.jpg,6,4,30,0
image_21.jpg,6,5,38,0
image_21.jpg,6,6,46,0
image_21.jpg,6,7,54,0
image_21.jpg,6,8,62,0
image_21.jpg,7,1,7,0
image_21.jpg,7,2,15,0
image_21.jpg,7,3,23,0
image_21.jpg,7,4,31,0
image_21.jpg,7,5,39,0
image_21.jpg,7,6,47,0
image_21.jpg,7,7,55,0
image_21.jpg,7,8,63,0
image_21.jpg,8,1,8,0
image_21.jpg,8,2,16,0
image_21.jpg,8,3,24,0
image_21.jpg,8,4,32,0
image_21.jpg,8,5,40,0
image_21.jpg,8,6,48,0
image_21.jpg,8,7,56,0
image_21.jpg,8,8,64,0
image_22.jpg,1,1,1,0
image_22.jpg,1,2,9,0
image_22.jpg,1,3,17,0
image_22.jpg,1,4,25,0
image_22.jpg,1,5,33,0
image_22.jpg,1,6,41,0
image_22.jpg,1,7,49,0
image_22.jpg,1,8,57,0
image_22.jpg,2,1,2,0
image_22.jpg,2,2,10,0
image_22.jpg,2,3,18,0
image_22.jpg,2,4,26,0
image_22.jpg,2,5,34,0
image_22.jpg,2,6,42,0
image_22.jpg,2,7,50,0
image_22.jpg,2,8,58,0
image_22.jpg,3,1,3,0
image_22.jpg,3,2,11,0
image_22.jpg,3,3,19,0
image_22.jpg,3,4,27,0
image_22.jpg,3,5,35,0
image_22.jpg,3,6,43,0
image_22.jpg,3,7,51,0
image_22.jpg,3,8,59,0
image_22.jpg,4,1,4,0
image_22.jpg,4,2,12,0
image_22.jpg,4,3,20,0
image_22.jpg,4,4,28,0
image_22.jpg,4,5,36,0
image_22.jpg,4,6,44,0
image_22.jpg,4,7,52,0
image_22.jpg,4,8,60,0
image_22.jpg,5,1,5,0
image_22.jpg,5,2,13,0
image_22.jpg,5,3,21,0
image_22.jpg,5,4,29,0
image_22.jpg,5,5,37,0
image_22.jpg,5,6,45,0
image_22.jpg,5,7,53,0
image_22.jpg,5,8,61,0
image_22.jpg,6,1,6,0
image_22.jpg,6,2,14,0
image_22.jpg,6,3,22,0
image_22.jpg,6,4,30,0
image_22.jpg,6,5,38,0
image_22.jpg,6,6,46,0
image_22.jpg,6,7,54,0
image_22.jpg,6,8,62,0
image_22.jpg,7,1,7,0
image_22.jpg,7,2,15,0
image_22.jpg,7,3,23,0
image_22.jpg,7,4,31,0
image_22.jpg,7,5,39,0
image_22.jpg,7,6,47,0
image_22.jpg,7,7,55,0
image_22.jpg,7,8,63,0
image_22.jpg,8,1,8,0
image_22.jpg,8,2,16,0
image_22.jpg,8,3,24,0
image_22.jpg,8,4,32,0
image_22.jpg,8,5,40,0
image_22.jpg,8,6,48,0
image_22.jpg,8,7,56,0
image_22.jpg,8,8,64,0
image_23.jpg,1,1,1,0
image_23.jpg,1,2,9,0
image_23.jpg,1,3,17,0
image_23.jpg,1,4,25,0
image_23.jpg,1,5,33,0
image_23.jpg,1,6,41,0
image_23.jpg,1,7,49,0
image_23.jpg,1,8,57,0
image_23.jpg,2,1,2,0
image_23.jpg,2,2,10,0
image_23.jpg,2,3,18,0
image_23.jpg,2,4,26,0
image_23.jpg,2,5,34,0
image_23.jpg,2,6,42,0
image_23.jpg,2,7,50,0
image_23.jpg,2,8,58,0
image_23.jpg,3,1,3,0
image_23.jpg,3,2,11,0
image_23.jpg,3,3,19,0
image_23.jpg,3,4,27,0
image_23.jpg,3,5,35,0
image_23.jpg,3,6,43,0
image_23.jpg,3,7,51,0
image_23.jpg,3,8,59,0
image_23.jpg,4,1,4,0
image_23.jpg,4,2,12,0
image_23.jpg,4,3,20,0
image_23.jpg,4,4,28,0
image_23.jpg,4,5,36,0
image_23.jpg,4,6,44,0
image_23.jpg,4,7,52,0
image_23.jpg,4,8,60,0
image_23.jpg,5,1,5,0
image_23.jpg,5,2,13,0
image_23.jpg,5,3,21,0
image_23.jpg,5,4,29,0
image_23.jpg,5,5,37,0
image_23.jpg,5,6,45,0
image_23.jpg,5,7,53,0
image_23.jpg,5,8,61,0
image_23.jpg,6,1,6,0
image_23.jpg,6,2,14,0
image_23.jpg,6,3,22,0
image_23.jpg,6,4,30,0
image_23.jpg,6,5,38,0
image_23.jpg,6,6,46,0
image_23.jpg,6,7,54,0
image_23.jpg,6,8,62,0
image_23.jpg,7,1,7,0
image_23.jpg,7,2,15,0
image_23.jpg,7,3,23,0
image_23.jpg,7,4,31,0
image_23.jpg,7,5,39,0
image_23.jpg,7,6,47,0
image_23.jpg,7,7,55,0
image_23.jpg,7,8,63,0
image_23.jpg,8,1,8,0
image_23.jpg,8,2,16,0
image_23.jpg,8,3,24,0
image_23.jpg,8,4,32,0
image_23.jpg,8,5,40,0
image_23.jpg,8,6,48,0
image_23.jpg,8,7,56,0
image_23.jpg,8,8,64,0
image_24.jpg,1,1,1,0
image_24.jpg,1,2,9,0
image_24.jpg,1,3,17,0
image_24.jpg,1,4,25,0
image_24.jpg,1,5,33,0
image_24.jpg,1,6,41,0
image_24.jpg,1,7,49,0
image_24.jpg,1,8,57,0
image_24.jpg,2,1,2,0
image_24.jpg,2,2,10,0
image_24.jpg,2,3,18,0
image_24.jpg,2,4,26,0
image_24.jpg,2,5,34,0
image_24.jpg,2,6,42,0
image_24.jpg,2,7,50,0
image_24.jpg,2,8,58,0
image_24.jpg,3,1,3,0
image_24.jpg,3,2,11,0
image_24.jpg,3,3,19,0
image_24.jpg,3,4,27,0
image_24.jpg,3,5,35,0
image_24.jpg,3,6,43,0
image_24.jpg,3,7,51,0
image_24.jpg,3,8,59,0
image_24.jpg,4,1,4,0
image_24.jpg,4,2,12,0
image_24.jpg,4,3,20,0
image_24.jpg,4,4,28,0
image_24.jpg,4,5,36,0
image_24.jpg,4,6,44,0
image_24.jpg,4,7,52,0
image_24.jpg,4,8,60,0
image_24.jpg,5,1,5,0
image_24.jpg,5,2,13,0
image_24.jpg,5,3,21,0
image_24.jpg,5,4,29,0
image_24.jpg,5,5,37,0
image_24.jpg,5,6,45,0
image_24.jpg,5,7,53,0
image_24.jpg,5,8,61,0
image_24.jpg,6,1,6,0
image_24.jpg,6,2,14,0
image_24.jpg,6,3,22,0
image_24.jpg,6,4,30,0
image_24.jpg,6,5,38,0
image_24.jpg,6,6,46,0
image_24.jpg,6,7,54,0
image_24.jpg,6,8,62,0
image_24.jpg,7,1,7,0
image_24.jpg,7,2,15,0
image_24.jpg,7,3,23,0
image_24.jpg,7,4,31,0
image_24.jpg,7,5,39,0
image_24.jpg,7,6,47,0
image_24.jpg,7,7,55,0
image_24.jpg,7,8,63,0
image_24.jpg,8,1,8,0
image_24.jpg,8,2,16,0
image_24.jpg,8,3,24,0
image_24.jpg,8,4,32,0
image_24.jpg,8,5,40,0
image_24.jpg,8,6,48,0
image_24.jpg,8,7,56,0
image_24.jpg,8,8,64,0
image_25.jpg,1,1,1,0
image_25.jpg,1,2,9,0
image_25.jpg,1,3,17,0
image_25.jpg,1,4,25,0
image_25.jpg,1,5,33,0
image_25.jpg,1,6,41,0
image_25.jpg,1,7,49,0
image_25.jpg,1,8,57,0
image_25.jpg,2,1,2,0
image_25.jpg,2,2,10,0
image_25.jpg,2,3,18,0
image_25.jpg,2,4,26,0
image_25.jpg,2,5,34,0
image_25.jpg,2,6,42,0
image_25.jpg,2,7,50,0
image_25.jpg,2,8,58,0
image_25.jpg,3,1,3,0
image_25.jpg,3,2,11,0
image_25.jpg,3,3,19,0
image_25.jpg,3,4,27,0
image_25.jpg,3,5,35,0
image_25.jpg,3,6,43,0
image_25.jpg,3,7,51,0
image_25.jpg,3,8,59,0
image_25.jpg,4,1,4,0
image_25.jpg,4,2,12,0
image_25.jpg,4,3,20,0
image_25.jpg,4,4,28,0
image_25.jpg,4,5,36,0
image_25.jpg,4,6,44,0
image_25.jpg,4,7,52,0
image_25.jpg,4,8,60,0
image_25.jpg,5,1,5,0
image_25.jpg,5,2,13,0
image_25.jpg,5,3,21,0
image_25.jpg,5,4,29,0
image_25.jpg,5,5,37,0
image_25.jpg,5,6,45,0
image_25.jpg,5,7,53,0
image_25.jpg,5,8,61,0
image_25.jpg,6,1,6,0
image_25.jpg,6,2,14,0
image_25.jpg,6,3,22,0
image_25.jpg,6,4,30,0
image_25.jpg,6,5,38,0
image_25.jpg,6,6,46,0
image_25.jpg,6,7,54,0
image_25.jpg,6,8,62,0
image_25.jpg,7,1,7,0
image_25.jpg,7,2,15,0
image_25.jpg,7,3,23,0
image_25.jpg,7,4,31,0
image_25.jpg,7,5,39,0
image_25.jpg,7,6,47,0
image_25.jpg,7,7,55,0
image_25.jpg,7,8,63,0
image_25.jpg,8,1,8,0
image_25.jpg,8,2,16,0
image_25.jpg,8,3,24,0
image_25.jpg,8,4,32,0
image_25.jpg,8,5,40,0
image_25.jpg,8,6,48,0
image_25.jpg,8,7,56,0
image_25.jpg,8,8,64,0
image_26.jpg,1,1,1,0
image_26.jpg,1,2,9,0
image_26.jpg,1,3,17,0
image_26.jpg,1,4,25,0
image_26.jpg,1,5,33,0
image_26.jpg,1,6,41,0
image_26.jpg,1,7,49,0
image_26.jpg,1,8,57,0
image_26.jpg,2,1,2,0
image_26.jpg,2,2,10,0
image_26.jpg,2,3,18,0
image_26.jpg,2,4,26,0
image_26.jpg,2,5,34,0
image_26.jpg,2,6,42,0
image_26.jpg,2,7,50,0
image_26.jpg,2,8,58,0
image_26.jpg,3,1,3,0
image_26.jpg,3,2,11,0
image_26.jpg,3,3,19,0
image_26.jpg,3,4,27,0
image_26.jpg,3,5,35,0
image_26.jpg,3,6,43,0
image_26.jpg,3,7,51,0
image_26.jpg,3,8,59,0
image_26.jpg,4,1,4,0
image_26.jpg,4,2,12,0
image_26.jpg,4,3,20,0
image_26.jpg,4,4,28,0
image_26.jpg,4,5,36,0
image_26.jpg,4,6,44,0
image_26.jpg,4,7,52,0
image_26.jpg,4,8,60,0
image_26.jpg,5,1,5,0
image_26.jpg,5,2,13,0
image_26.jpg,5,3,21,0
image_26.jpg,5,4,29,0
image_26.jpg,5,5,37,0
image_26.jpg,5,6,45,0
image_26.jpg,5,7,53,0
image_26.jpg,5,8,61,0
image_26.jpg,6,1,6,0
image_26.jpg,6,2,14,0
image_26.jpg,6,3,22,0
image_26.jpg,6,4,30,0
image_26.jpg,6,5,38,0
image_26.jpg,6,6,46,0
image_26.jpg,6,7,54,0
image_26.jpg,6,8,62,0
image_26.jpg,7,1,7,0
image_26.jpg,7,2,15,0
image_26.jpg,7,3,23,0
image_26.jpg,7,4,31,0
image_26.jpg,7,5,39,0
image_26.jpg,7,6,47,0
image_26.jpg,7,7,55,0
image_26.jpg,7,8,63,0
image_26.jpg,8,1,8,0
image_26.jpg,8,2,16,0
image_26.jpg,8,3,24,0
image_26.jpg,8,4,32,0
image_26.jpg,8,5,40,0
image_26.jpg,8,6,48,0
image_26.jpg,8,7,56,0
image_26.jpg,8,8,64,0
image_27.jpg,1,1,1,0
image_27.jpg,1,2,9,0
image_27.jpg,1,3,17,0
image_27.jpg,1,4,25,0
image_27.jpg,1,5,33,0
image_27.jpg,1,6,41,0
image_27.jpg,1,7,49,0
image_27.jpg,1,8,57,0
image_27.jpg,2,1,2,0
image_27.jpg,2,2,10,0
image_27.jpg,2,3,18,0
image_27.jpg,2,4,26,0
image_27.jpg,2,5,34,0
image_27.jpg,2,6,42,0
image_27.jpg,2,7,50,0
image_27.jpg,2,8,58,0
image_27.jpg,3,1,3,0
image_27.jpg,3,2,11,0
image_27.jpg,3,3,19,0
image_27.jpg,3,4,27,0
image_27.jpg,3,5,35,0
image_27.jpg,3,6,43,0
image_27.jpg,3,7,51,0
image_27.jpg,3,8,59,0
image_27.jpg,4,1,4,0
image_27.jpg,4,2,12,0
image_27.jpg,4,3,20,0
image_27.jpg,4,4,28,0
image_27.jpg,4,5,36,0
image_27.jpg,4,6,44,0
image_27.jpg,4,7,52,0
image_27.jpg,4,8,60,0
image_27.jpg,5,1,5,0
image_27.jpg,5,2,13,0
image_27.jpg,5,3,21,0
image_27.jpg,5,4,29,0
image_27.jpg,5,5,37,0
image_27.jpg,5,6,45,0
image_27.jpg,5,7,53,0
image_27.jpg,5,8,61,0
image_27.jpg,6,1,6,0
image_27.jpg,6,2,14,0
image_27.jpg,6,3,22,0
image_27.jpg,6,4,30,0
image_27.jpg,6,5,38,0
image_27.jpg,6,6,46,0
image_27.jpg,6,7,54,0
image_27.jpg,6,8,62,0
image_27.jpg,7,1,7,0
image_27.jpg,7,2,15,0
image_27.jpg,7,3,23,0
image_27.jpg,7,4,31,0
image_27.jpg,7,5,39,0
image_27.jpg,7,6,47,0
image_27.jpg,7,7,55,0
image_27.jpg,7,8,63,0
image_27.jpg,8,1,8,0
image_27.jpg,8,2,16,0
image_27.jpg,8,3,24,0
image_27.jpg,8,4,32,0
image_27.jpg,8,5,40,0
image_27.jpg,8,6,48,0
image_27.jpg,8,7,56,0
image_27.jpg,8,8,64,0
image_28.jpg,1,1,1,0
image_28.jpg,1,2,9,0
image_28.jpg,1,3,17,0
image_28.jpg,1,4,25,0
image_28.jpg,1,5,33,0
image_28.jpg,1,6,41,0
image_28.jpg,1,7,49,0
image_28.jpg,1,8,57,0
image_28.jpg,2,1,2,0
image_28.jpg,2,2,10,0
image_28.jpg,2,3,18,0
image_28.jpg,2,4,26,0
image_28.jpg,2,5,34,0
image_28.jpg,2,6,42,0
image_28.jpg,2,7,50,0
image_28.jpg,2,8,58,0
image_28.jpg,3,1,3,0
image_28.jpg,3,2,11,0
image_28.jpg,3,3,19,0
image_28.jpg,3,4,27,0
image_28.jpg,3,5,35,0
image_28.jpg,3,6,43,0
image_28.jpg,3,7,51,0
image_28.jpg,3,8,59,0
image_28.jpg,4,1,4,0
image_28.jpg,4,2,12,0
image_28.jpg,4,3,20,0
image_28.jpg,4,4,28,0
image_28.jpg,4,5,36,0
image_28.jpg,4,6,44,0
image_28.jpg,4,7,52,0
image_28.jpg,4,8,60,0
image_28.jpg,5,1,5,0
image_28.jpg,5,2,13,0
image_28.jpg,5,3,21,0
image_28.jpg,5,4,29,0
image_28.jpg,5,5,37,0
image_28.jpg,5,6,45,0
image_28.jpg,5,7,53,0
image_28.jpg,5,8,61,0
image_28.jpg,6,1,6,0
image_28.jpg,6,2,14,0
image_28.jpg,6,3,22,0
image_28.jpg,6,4,30,0
image_28.jpg,6,5,38,0
image_28.jpg,6,6,46,0
image_28.jpg,6,7,54,0
image_28.jpg,6,8,62,0
image_28.jpg,7,1,7,0
image_28.jpg,7,2,15,0
image_28.jpg,7,3,23,0
image_28.jpg,7,4,31,0
image_28.jpg,7,5,39,0
image_28.jpg,7,6,47,0
image_28.jpg,7,7,55,0
image_28.jpg,7,8,63,0
image_28.jpg,8,1,8,0
image_28.jpg,8,2,16,0
image_28.jpg,8,3,24,0
image_28.jpg,8,4,32,0
image_28.jpg,8,5,40,0
image_28.jpg,8,6,48,0
image_28.jpg,8,7,56,0
image_28.jpg,8,8,64,0
image_29.jpg,1,1,1,0
image_29.jpg,1,2,9,0
image_29.jpg,1,3,17,0
image_29.jpg,1,4,25,0
image_29.jpg,1,5,33,0
image_29.jpg,1,6,41,0
image_29.jpg,1,7,49,0
image_29.jpg,1,8,57,0
image_29.jpg,2,1,2,0
image_29.jpg,2,2,10,0
image_29.jpg,2,3,18,0
image_29.jpg,2,4,26,0
image_29.jpg,2,5,34,0
image_29.jpg,2,6,42,0
image_29.jpg,2,7,50,0
image_29.jpg,2,8,58,0
image_29.jpg,3,1,3,0
image_29.jpg,3,2,11,0
image_29.jpg,3,3,19,0
image_29.jpg,3,4,27,0
image_29.jpg,3,5,35,0
image_29.jpg,3,6,43,0
image_29.jpg,3,7,51,0
image_29.jpg,3,8,59,0
image_29.jpg,4,1,4,0
image_29.jpg,4,2,12,0
image_29.jpg,4,3,20,0
image_29.jpg,4,4,28,0
image_29.jpg,4,5,36,0
image_29.jpg,4,6,44,0
image_29.jpg,4,7,52,0
image_29.jpg,4,8,60,0
image_29.jpg,5,1,5,0
image_29.jpg,5,2,13,0
image_29.jpg,5,3,21,0
image_29.jpg,5,4,29,0
image_29.jpg,5,5,37,0
image_29.jpg,5,6,45,0
image_29.jpg,5,7,53,0
image_29.jpg,5,8,61,0
image_29.jpg,6,1,6,0
image_29.jpg,6,2,14,0
image_29.jpg,6,3,22,0
image_29.jpg,6,4,30,0
image_29.jpg,6,5,38,0
image_29.jpg,6,6,46,0
image_29.jpg,6,7,54,0
image_29.jpg,6,8,62,0
image_29.jpg,7,1,7,0
image_29.jpg,7,2,15,0
image_29.jpg,7,3,23,0
image_29.jpg,7,4,31,0
image_29.jpg,7,5,39,0
image_29.jpg,7,6,47,0
image_29.jpg,7,7,55,0
image_29.jpg,7,8,63,0
image_29.jpg,8,1,8,0
image_29.jpg,8,2,16,0
image_29.jpg,8,3,24,0
image_29.jpg,8,4,32,0
image_29.jpg,8,5,40,0
image_29.jpg,8,6,48,0
image_29.jpg,8,7,56,0
image_29.jpg,8,8,64,0
image_3.jpg,1,1,1,0
image_3.jpg,1,2,9,0
image_3.jpg,1,3,17,0
image_3.jpg,1,4,25,0
image_3.jpg,1,5,33,0
image_3.jpg,1,6,41,0
image_3.jpg,1,7,49,0
image_3.jpg,1,8,57,0
image_3.jpg,2,1,2,0
image_3.jpg,2,2,10,0
image_3.jpg,2,3,18,0
image_3.jpg,2,4,26,0
image_3.jpg,2,5,34,0
image_3.jpg,2,6,42,0
image_3.jpg,2,7,50,0
image_3.jpg,2,8,58,0
image_3.jpg,3,1,3,0
image_3.jpg,3,2,11,0
image_3.jpg,3,3,19,0
image_3.jpg,3,4,27,0
image_3.jpg,3,5,35,0
image_3.jpg,3,6,43,0
image_3.jpg,3,7,51,0
image_3.jpg,3,8,59,0
image_3.jpg,4,1,4,0
image_3.jpg,4,2,12,0
image_3.jpg,4,3,20,0
image_3.jpg,4,4,28,0
image_3.jpg,4,5,36,0
image_3.jpg,4,6,44,0
image_3.jpg,4,7,52,0
image_3.jpg,4,8,60,0
image_3.jpg,5,1,5,0
image_3.jpg,5,2,13,0
image_3.jpg,5,3,21,0
image_3.jpg,5,4,29,0
image_3.jpg,5,5,37,0
image_3.jpg,5,6,45,0
image_3.jpg,5,7,53,0
image_3.jpg,5,8,61,0
image_3.jpg,6,1,6,0
image_3.jpg,6,2,14,0
image_3.jpg,6,3,22,0
image_3.jpg,6,4,30,0
image_3.jpg,6,5,38,0
image_3.jpg,6,6,46,0
image_3.jpg,6,7,54,0
image_3.jpg,6,8,62,0
image_3.jpg,7,1,7,0
image_3.jpg,7,2,15,0
image_3.jpg,7,3,23,0
image_3.jpg,7,4,31,0
image_3.jpg,7,5,39,0
image_3.jpg,7,6,47,0
image_3.jpg,7,7,55,0
image_3.jpg,7,8,63,0
image_3.jpg,8,1,8,0
image_3.jpg,8,2,16,0
image_3.jpg,8,3,24,0
image_3.jpg,8,4,32,0
image_3.jpg,8,5,40,0
image_3.jpg,8,6,48,0
image_3.jpg,8,7,56,0
image_3.jpg,8,8,64,0
image_30.jpg,1,1,1,0
image_30.jpg,1,2,9,0
image_30.jpg,1,3,17,0
image_30.jpg,1,4,25,0
image_30.jpg,1,5,33,0
image_30.jpg,1,6,41,0
image_30.jpg,1,7,49,0
image_30.jpg,1,8,57,0
image_30.jpg,2,1,2,0
image_30.jpg,2,2,10,0
image_30.jpg,2,3,18,0
image_30.jpg,2,4,26,0
image_30.jpg,2,5,34,0
image_30.jpg,2,6,42,0
image_30.jpg,2,7,50,0
image_30.jpg,2,8,58,0
image_30.jpg,3,1,3,0
image_30.jpg,3,2,11,0
image_30.jpg,3,3,19,0
image_30.jpg,3,4,27,0
image_30.jpg,3,5,35,0
image_30.jpg,3,6,43,0
image_30.jpg,3,7,51,0
image_30.jpg,3,8,59,0
image_30.jpg,4,1,4,0
image_30.jpg,4,2,12,0
image_30.jpg,4,3,20,0
image_30.jpg,4,4,28,0
image_30.jpg,4,5,36,0
image_30.jpg,4,6,44,0
image_30.jpg,4,7,52,0
image_30.jpg,4,8,60,0
image_30.jpg,5,1,5,0
image_30.jpg,5,2,13,0
image_30.jpg,5,3,21,0
image_30.jpg,5,4,29,0
image_30.jpg,5,5,37,0
image_30.jpg,5,6,45,0
image_30.jpg,5,7,53,0
image_30.jpg,5,8,61,0
image_30.jpg,6,1,6,0
image_30.jpg,6,2,14,0
image_30.jpg,6,3,22,0
image_30.jpg,6,4,30,0
image_30.jpg,6,5,38,0
image_30.jpg,6,6,46,0
image_30.jpg,6,7,54,0
image_30.jpg,6,8,62,0
image_30.jpg,7,1,7,0
image_30.jpg,7,2,15,0
image_30.jpg,7,3,23,0
image_30.jpg,7,4,31,0
image_30.jpg,7,5,39,0
image_30.jpg,7,6,47,0
image_30.jpg,7,7,55,0
image_30.jpg,7,8,63,0
image_30.jpg,8,1,8,0
image_30.jpg,8,2,16,0
image_30.jpg,8,3,24,0
image_30.jpg,8,4,32,0
image_30.jpg,8,5,40,0
image_30.jpg,8,6,48,0
image_30.jpg,8,7,56,0
image_30.jpg,8,8,64,0
image_31.jpg,1,1,1,0
image_31.jpg,1,2,9,0
image_31.jpg,1,3,17,0
image_31.jpg,1,4,25,0
image_31.jpg,1,5,33,0
image_31.jpg,1,6,41,0
image_31.jpg,1,7,49,0
image_31.jpg,1,8,57,0
image_31.jpg,2,1,2,0
image_31.jpg,2,2,10,0
image_31.jpg,2,3,18,0
image_31.jpg,2,4,26,0
image_31.jpg,2,5,34,0
image_31.jpg,2,6,42,0
image_31.jpg,2,7,50,0
image_31.jpg,2,8,58,0
image_31.jpg,3,1,3,0
image_31.jpg,3,2,11,0
image_31.jpg,3,3,19,0
image_31.jpg,3,4,27,0
image_31.jpg,3,5,35,0
image_31.jpg,3,6,43,0
image_31.jpg,3,7,51,0
image_31.jpg,3,8,59,0
image_31.jpg,4,1,4,0
image_31.jpg,4,2,12,0
image_31.jpg,4,3,20,0
image_31.jpg,4,4,28,0
image_31.jpg,4,5,36,0
image_31.jpg,4,6,44,0
image_31.jpg,4,7,52,0
image_31.jpg,4,8,60,0
image_31.jpg,5,1,5,0
image_31.jpg,5,2,13,0
image_31.jpg,5,3,21,0
image_31.jpg,5,4,29,0
image_31.jpg,5,5,37,0
image_31.jpg,5,6,45,0
image_31.jpg,5,7,53,0
image_31.jpg,5,8,61,0
image_31.jpg,6,1,6,0
image_31.jpg,6,2,14,0
image_31.jpg,6,3,22,0
image_31.jpg,6,4,30,0
image_31.jpg,6,5,38,0
image_31.jpg,6,6,46,0
image_31.jpg,6,7,54,0
image_31.jpg,6,8,62,0
image_31.jpg,7,1,7,0
image_31.jpg,7,2,15,0
image_31.jpg,7,3,23,0
image_31.jpg,7,4,31,0
image_31.jpg,7,5,39,0
image_31.jpg,7,6,47,0
image_31.jpg,7,7,55,0
image_31.jpg,7,8,63,0
image_31.jpg,8,1,8,0
image_31.jpg,8,2,16,0
image_31.jpg,8,3,24,0
image_31.jpg,8,4,32,0
image_31.jpg,8,5,40,0
image_31.jpg,8,6,48,0
image_31.jpg,8,7,56,0
image_31.jpg,8,8,64,0
image_32.jpg,1,1,1,0
image_32.jpg,1,2,9,0
image_32.jpg,1,3,17,0
image_32.jpg,1,4,25,0
image_32.jpg,1,5,33,0
image_32.jpg,1,6,41,0
image_32.jpg,1,7,49,0
image_32.jpg,1,8,57,0
image_32.jpg,2,1,2,0
image_32.jpg,2,2,10,0
image_32.jpg,2,3,18,0
image_32.jpg,2,4,26,0
image_32.jpg,2,5,34,0
image_32.jpg,2,6,42,0
image_32.jpg,2,7,50,0
image_32.jpg,2,8,58,0
image_32.jpg,3,1,3,0
image_32.jpg,3,2,11,0
image_32.jpg,3,3,19,0
image_32.jpg,3,4,27,0
image_32.jpg,3,5,35,0
image_32.jpg,3,6,43,0
image_32.jpg,3,7,51,0
image_32.jpg,3,8,59,0
image_32.jpg,4,1,4,0
image_32.jpg,4,2,12,0
image_32.jpg,4,3,20,0
image_32.jpg,4,4,28,0
image_32.jpg,4,5,36,0
image_32.jpg,4,6,44,0
image_32.jpg,4,7,52,0
image_32.jpg,4,8,60,0
image_32.jpg,5,1,5,0
image_32.jpg,5,2,13,0
image_32.jpg,5,3,21,0
image_32.jpg,5,4,29,0
image_32.jpg,5,5,37,0
image_32.jpg,5,6,45,0
image_32.jpg,5,7,53,0
image_32.jpg,5,8,61,0
image_32.jpg,6,1,6,0
image_32.jpg,6,2,14,0
image_32.jpg,6,3,22,0
image_32.jpg,6,4,30,0
image_32.jpg,6,5,38,0
image_32.jpg,6,6,46,0
image_32.jpg,6,7,54,0
image_32.jpg,6,8,62,0
image_32.jpg,7,1,7,0
image_32.jpg,7,2,15,0
image_32.jpg,7,3,23,0
image_32.jpg,7,4,31,0
image_32.jpg,7,5,39,0
image_32.jpg,7,6,47,0
image_32.jpg,7,7,55,0
image_32.jpg,7,8,63,0
image_32.jpg,8,1,8,0
image_32.jpg,8,2,16,0
image_32.jpg,8,3,24,0
image_32.jpg,8,4,32,0
image_32.jpg,8,5,40,0
image_32.jpg,8,6,48,0
image_32.jpg,8,7,56,0
image_32.jpg,8,8,64,0
image_33.jpg,1,1,1,0
image_33.jpg,1,2,9,0
image_33.jpg,1,3,17,0
image_33.jpg,1,4,25,0
image_33.jpg,1,5,33,0
image_33.jpg,1,6,41,0
image_33.jpg,1,7,49,0
image_33.jpg,1,8,57,0
image_33.jpg,2,1,2,0
image_33.jpg,2,2,10,0
image_33.jpg,2,3,18,0
image_33.jpg,2,4,26,0
image_33.jpg,2,5,34,0
image_33.jpg,2,6,42,0
image_33.jpg,2,7,50,0
image_33.jpg,2,8,58,0
image_33.jpg,3,1,3,0
image_33.jpg,3,2,11,0
image_33.jpg,3,3,19,0
image_33.jpg,3,4,27,0
image_33.jpg,3,5,35,0
image_33.jpg,3,6,43,0
image_33.jpg,3,7,51,0
image_33.jpg,3,8,59,0
image_33.jpg,4,1,4,0
image_33.jpg,4,2,12,0
image_33.jpg,4,3,20,0
image_33.jpg,4,4,28,0
image_33.jpg,4,5,36,0
image_33.jpg,4,6,44,0
image_33.jpg,4,7,52,0
image_33.jpg,4,8,60,0
image_33.jpg,5,1,5,0
image_33.jpg,5,2,13,0
image_33.jpg,5,3,21,0
image_33.jpg,5,4,29,0
image_33.jpg,5,5,37,0
image_33.jpg,5,6,45,0
image_33.jpg,5,7,53,0
image_33.jpg,5,8,61,0
image_33.jpg,6,1,6,0
image_33.jpg,6,2,14,0
image_33.jpg,6,3,22,0
image_33.jpg,6,4,30,0
image_33.jpg,6,5,38,0
image_33.jpg,6,6,46,0
image_33.jpg,6,7,54,0
image_33.jpg,6,8,62,0
image_33.jpg,7,1,7,0
image_33.jpg,7,2,15,0
image_33.jpg,7,3,23,0
image_33.jpg,7,4,31,0
image_33.jpg,7,5,39,0
image_33.jpg,7,6,47,0
image_33.jpg,7,7,55,0
image_33.jpg,7,8,63,0
image_33.jpg,8,1,8,0
image_33.jpg,8,2,16,0
image_33.jpg,8,3,24,0
image_33.jpg,8,4,32,0
image_33.jpg,8,5,40,0
image_33.jpg,8,6,48,0
image_33.jpg,8,7,56,0
image_33.jpg,8,8,64,0
image_34.jpg,1,1,1,0
image_34.jpg,1,2,9,0
image_34.jpg,1,3,17,0
image_34.jpg,1,4,25,0
image_34.jpg,1,5,33,0
image_34.jpg,1,6,41,0
image_34.jpg,1,7,49,0
image_34.jpg,1,8,57,0
image_34.jpg,2,1,2,0
image_34.jpg,2,2,10,0
image_34.jpg,2,3,18,0
image_34.jpg,2,4,26,0
image_34.jpg,2,5,34,0
image_34.jpg,2,6,42,0
image_34.jpg,2,7,50,0
image_34.jpg,2,8,58,0
image_34.jpg,3,1,3,0
image_34.jpg,3,2,11,0
image_34.jpg,3,3,19,0
image_34.jpg,3,4,27,0
image_34.jpg,3,5,35,0
image_34.jpg,3,6,43,0
image_34.jpg,3,7,51,0
image_34.jpg,3,8,59,0
image_34.jpg,4,1,4,0
image_34.jpg,4,2,12,0
image_34.jpg,4,3,20,0
image_34.jpg,4,4,28,0
image_34.jpg,4,5,36,0
image_34.jpg,4,6,44,0
image_34.jpg,4,7,52,0
image_34.jpg,4,8,60,0
image_34.jpg,5,1,5,0
image_34.jpg,5,2,13,0
image_34.jpg,5,3,21,0
image_34.jpg,5,4,29,0
image_34.jpg,5,5,37,0
image_34.jpg,5,6,45,0
image_34.jpg,5,7,53,0
image_34.jpg,5,8,61,0
image_34.jpg,6,1,6,0
image_34.jpg,6,2,14,0
image_34.jpg,6,3,22,0
image_34.jpg,6,4,30,0
image_34.jpg,6,5,38,0
image_34.jpg,6,6,46,0
image_34.jpg,6,7,54,0
image_34.jpg,6,8,62,0
image_34.jpg,7,1,7,0
image_34.jpg,7,2,15,0
image_34.jpg,7,3,23,0
image_34.jpg,7,4,31,0
image_34.jpg,7,5,39,0
image_34.jpg,7,6,47,0
image_34.jpg,7,7,55,0
image_34.jpg,7,8,63,0
image_34.jpg,8,1,8,0
image_34.jpg,8,2,16,0
image_34.jpg,8,3,24,0
image_34.jpg,8,4,32,0
image_34.jpg,8,5,40,0
image_34.jpg,8,6,48,0
image_34.jpg,8,7,56,0
image_34.jpg,8,8,64,0
image_35.jpg,1,1,1,0
image_35.jpg,1,2,9,0
image_35.jpg,1,3,17,0
image_35.jpg,1,4,25,0
image_35.jpg,1,5,33,0
image_35.jpg,1,6,41,0
image_35.jpg,1,7,49,0
image_35.jpg,1,8,57,0
image_35.jpg,2,1,2,0
image_35.jpg,2,2,10,0
image_35.jpg,2,3,18,0
image_35.jpg,2,4,26,0
image_35.jpg,2,5,34,0
image_35.jpg,2,6,42,0
image_35.jpg,2,7,50,0
image_35.jpg,2,8,58,0
image_35.jpg,3,1,3,0
image_35.jpg,3,2,11,0
image_35.jpg,3,3,19,0
image_35.jpg,3,4,27,0
image_35.jpg,3,5,35,0
image_35.jpg,3,6,43,0
image_35.jpg,3,7,51,0
image_35.jpg,3,8,59,0
image_35.jpg,4,1,4,0
image_35.jpg,4,2,12,0
image_35.jpg,4,3,20,0
image_35.jpg,4,4,28,0
image_35.jpg,4,5,36,0
image_35.jpg,4,6,44,0
image_35.jpg,4,7,52,0
image_35.jpg,4,8,60,0
image_35.jpg,5,1,5,0
image_35.jpg,5,2,13,0
image_35.jpg,5,3,21,0
image_35.jpg,5,4,29,0
image_35.jpg,5,5,37,0
image_35.jpg,5,6,45,0
image_35.jpg,5,7,53,0
image_35.jpg,5,8,61,0
image_35.jpg,6,1,6,0
image_35.jpg,6,2,14,0
image_35.jpg,6,3,22,0
image_35.jpg,6,4,30,0
image_35.jpg,6,5,38,0
image_35.jpg,6,6,46,0
image_35.jpg,6,7,54,0
image_35.jpg,6,8,62,0
image_35.jpg,7,1,7,0
image_35.jpg,7,2,15,0
image_35.jpg,7,3,23,0
image_35.jpg,7,4,31,0
image_35.jpg,7,5,39,0
image_35.jpg,7,6,47,0
image_35.jpg,7,7,55,0
image_35.jpg,7,8,63,0
image_35.jpg,8,1,8,0
image_35.jpg,8,2,16,0
image_35.jpg,8,3,24,0
image_35.jpg,8,4,32,0
image_35.jpg,8,5,40,0
image_35.jpg,8,6,48,0
image_35.jpg,8,7,56,0
image_35.jpg,8,8,64,0
image_36.jpg,1,1,1,0
image_36.jpg,1,2,9,0
image_36.jpg,1,3,17,0
image_36.jpg,1,4,25,0
image_36.jpg,1,5,33,0
image_36.jpg,1,6,41,0
image_36.jpg,1,7,49,0
image_36.jpg,1,8,57,0
image_36.jpg,2,1,2,0
image_36.jpg,2,2,10,0
image_36.jpg,2,3,18,0
image_36.jpg,2,4,26,0
image_36.jpg,2,5,34,0
image_36.jpg,2,6,42,0
image_36.jpg,2,7,50,0
image_36.jpg,2,8,58,0
image_36.jpg,3,1,3,0
image_36.jpg,3,2,11,0
image_36.jpg,3,3,19,0
image_36.jpg,3,4,27,0
image_36.jpg,3,5,35,0
image_36.jpg,3,6,43,0
image_36.jpg,3,7,51,0
image_36.jpg,3,8,59,0
image_36.jpg,4,1,4,0
image_36.jpg,4,2,12,0
image_36.jpg,4,3,20,0
image_36.jpg,4,4,28,0
image_36.jpg,4,5,36,0
image_36.jpg,4,6,44,0
image_36.jpg,4,7,52,0
image_36.jpg,4,8,60,0
image_36.jpg,5,1,5,0
image_36.jpg,5,2,13,0
image_36.jpg,5,3,21,0
image_36.jpg,5,4,29,0
image_36.jpg,5,5,37,0
image_36.jpg,5,6,45,0
image_36.jpg,5,7,53,0
image_36.jpg,5,8,61,0
image_36.jpg,6,1,6,0
image_36.jpg,6,2,14,0
image_36.jpg,6,3,22,0
image_36.jpg,6,4,30,0
image_36.jpg,6,5,38,0
image_36.jpg,6,6,46,0
image_36.jpg,6,7,54,0
image_36.jpg,6,8,62,0
image_36.jpg,7,1,7,0
image_36.jpg,7,2,15,0
image_36.jpg,7,3,23,0
image_36.jpg,7,4,31,0
image_36.jpg,7,5,39,0
image_36.jpg,7,6,47,0
image_36.jpg,7,7,55,0
image_36.jpg,7,8,63,0
image_36.jpg,8,1,8,0
image_36.jpg,8,2,16,0
image_36.jpg,8,3,24,0
image_36.jpg,8,4,32,0
image_36.jpg,8,5,40,0
image_36.jpg,8,6,48,0
image_36.jpg,8,7,56,0
image_36.jpg,8,8,64,0
image_37.jpg,1,1,1,0
image_37.jpg,1,2,9,0
image_37.jpg,1,3,17,0
image_37.jpg,1,4,25,0
image_37.jpg,1,5,33,0
image_37.jpg,1,6,41,0
image_37.jpg,1,7,49,0
image_37.jpg,1,8,57,0
image_37.jpg,2,1,2,0
image_37.jpg,2,2,10,0
image_37.jpg,2,3,18,0
image_37.jpg,2,4,26,0
image_37.jpg,2,5,34,0
image_37.jpg,2,6,42,0
image_37.jpg,2,7,50,0
image_37.jpg,2,8,58,0
image_37.jpg,3,1,3,0
image_37.jpg,3,2,11,0
image_37.jpg,3,3,19,0
image_37.jpg,3,4,27,0
image_37.jpg,3,5,35,0
image_37.jpg,3,6,43,0
image_37.jpg,3,7,51,0
image_37.jpg,3,8,59,0
image_37.jpg,4,1,4,0
image_37.jpg,4,2,12,0
image_37.jpg,4,3,20,0
image_37.jpg,4,4,28,0
image_37.jpg,4,5,36,0
image_37.jpg,4,6,44,0
image_37.jpg,4,7,52,0
image_37.jpg,4,8,60,0
image_37.jpg,5,1,5,0
image_37.jpg,5,2,13,0
image_37.jpg,5,3,21,0
image_37.jpg,5,4,29,0
image_37.jpg,5,5,37,0
image_37.jpg,5,6,45,0
image_37.jpg,5,7,53,0
image_37.jpg,5,8,61,0
image_37.jpg,6,1,6,0
image_37.jpg,6,2,14,0
image_37.jpg,6,3,22,0
image_37.jpg,6,4,30,0
image_37.jpg,6,5,38,0
image_37.jpg,6,6,46,0
image_37.jpg,6,7,54,0
image_37.jpg,6,8,62,0
image_37.jpg,7,1,7,0
image_37.jpg,7,2,15,0
image_37.jpg,7,3,23,0
image_37.jpg,7,4,31,0
image_37.jpg,7,5,39,0
image_37.jpg,7,6,47,0
image_37.jpg,7,7,55,0
image_37.jpg,7,8,63,0
image_37.jpg,8,1,8,0
image_37.jpg,8,2,16,0
image_37.jpg,8,3,24,0
image_37.jpg,8,4,32,0
image_37.jpg,8,5,40,0
image_37.jpg,8,6,48,0
image_37.jpg,8,7,56,0
image_37.jpg,8,8,64,0
image_38.jpg,1,1,1,0
image_38.jpg,1,2,9,0
image_38.jpg,1,3,17,0
image_38.jpg,1,4,25,0
image_38.jpg,1,5,33,0
image_38.jpg,1,6,41,0
image_38.jpg,1,7,49,0
image_38.jpg,1,8,57,0
image_38.jpg,2,1,2,0
image_38.jpg,2,2,10,0
image_38.jpg,2,3,18,0
image_38.jpg,2,4,26,0
image_38.jpg,2,5,34,0
image_38.jpg,2,6,42,0
image_38.jpg,2,7,50,0
image_38.jpg,2,8,58,0
image_38.jpg,3,1,3,0
image_38.jpg,3,2,11,0
image_38.jpg,3,3,19,0
image_38.jpg,3,4,27,0
image_38.jpg,3,5,35,0
image_38.jpg,3,6,43,0
image_38.jpg,3,7,51,0
image_38.jpg,3,8,59,0
image_38.jpg,4,1,4,0
image_38.jpg,4,2,12,0
image_38.jpg,4,3,20,0
image_38.jpg,4,4,28,0
image_38.jpg,4,5,36,0
image_38.jpg,4,6,44,0
image_38.jpg,4,7,52,0
image_38.jpg,4,8,60,0
image_38.jpg,5,1,5,0
image_38.jpg,5,2,13,0
image_38.jpg,5,3,21,0
image_38.jpg,5,4,29,0
image_38.jpg,5,5,37,0
image_38.jpg,5,6,45,0
image_38.jpg,5,7,53,0
image_38.jpg,5,8,61,0
image_38.jpg,6,1,6,0
image_38.jpg,6,2,14,0
image_38.jpg,6,3,22,0
image_38.jpg,6,4,30,0
image_38.jpg,6,5,38,0
image_38.jpg,6,6,46,0
image_38.jpg,6,7,54,0
image_38.jpg,6,8,62,0
image_38.jpg,7,1,7,0
image_38.jpg,7,2,15,0
image_38.jpg,7,3,23,0
image_38.jpg,7,4,31,0
image_38.jpg,7,5,39,0
image_38.jpg,7,6,47,0
image_38.jpg,7,7,55,0
image_38.jpg,7,8,63,0
image_38.jpg,8,1,8,0
image_38.jpg,8,2,16,0
image_38.jpg,8,3,24,0
image_38.jpg,8,4,32,0
image_38.jpg,8,5,40,0
image_38.jpg,8,6,48,0
image_38.jpg,8,7,56,0
image_38.jpg,8,8,64,0
image_39.jpg,1,1,1,0
image_39.jpg,1,2,9,0
image_39.jpg,1,3,17,0
image_39.jpg,1,4,25,0
image_39.jpg,1,5,33,0
image_39.jpg,1,6,41,0
image_39.jpg,1,7,49,0
image_39.jpg,1,8,57,0
image_39.jpg,2,1,2,0
image_39.jpg,2,2,10,0
image_39.jpg,2,3,18,0
image_39.jpg,2,4,26,0
image_39.jpg,2,5,34,0
image_39.jpg,2,6,42,0
image_39.jpg,2,7,50,0
image_39.jpg,2,8,58,0
image_39.jpg,3,1,3,0
image_39.jpg,3,2,11,0
image_39.jpg,3,3,19,0
image_39.jpg,3,4,27,0
image_39.jpg,3,5,35,0
image_39.jpg,3,6,43,0
image_39.jpg,3,7,51,0
image_39.jpg,3,8,59,0
image_39.jpg,4,1,4,0
image_39.jpg,4,2,12,0
image_39.jpg,4,3,20,0
image_39.jpg,4,4,28,0
image_39.jpg,4,5,36,0
image_39.jpg,4,6,44,0
image_39.jpg,4,7,52,0
image_39.jpg,4,8,60,0
image_39.jpg,5,1,5,0
image_39.jpg,5,2,13,0
image_39.jpg,5,3,21,0
image_39.jpg,5,4,29,0
image_39.jpg,5,5,37,0
image_39.jpg,5,6,45,0
image_39.jpg,5,7,53,0
image_39.jpg,5,8,61,0
image_39.jpg,6,1,6,0
image_39.jpg,6,2,14,0
image_39.jpg,6,3,22,0
image_39.jpg,6,4,30,0
image_39.jpg,6,5,38,0
image_39.jpg,6,6,46,0
image_39.jpg,6,7,54,0
image_39.jpg,6,8,62,0
image_39.jpg,7,1,7,0
image_39.jpg,7,2,15,0
image_39.jpg,7,3,23,0
image_39.jpg,7,4,31,0
image_39.jpg,7,5,39,0
image_39.jpg,7,6,47,0
image_39.jpg,7,7,55,0
image_39.jpg,7,8,63,0
image_39.jpg,8,1,8,0
image_39.jpg,8,2,16,0
image_39.jpg,8,3,24,0
image_39.jpg,8,4,32,0
image_39.jpg,8,5,40,0
image_39.jpg,8,6,48,0
image_39.jpg,8,7,56,0
image_39.jpg,8,8,64,0
image_4.jpg,1,1,1,0
image_4.jpg,1,2,9,0
image_4.jpg,1,3,17,0
image_4.jpg,1,4,25,0
image_4.jpg,1,5,33,0
image_4.jpg,1,6,41,0
image_4.jpg,1,7,49,0
image_4.jpg,1,8,57,0
image_4.jpg,2,1,2,0
image_4.jpg,2,2,10,0
image_4.jpg,2,3,18,0
image_4.jpg,2,4,26,0
image_4.jpg,2,5,34,0
image_4.jpg,2,6,42,0
image_4.jpg,2,7,50,0
image_4.jpg,2,8,58,0
image_4.jpg,3,1,3,0
image_4.jpg,3,2,11,0
image_4.jpg,3,3,19,0
image_4.jpg,3,4,27,0
image_4.jpg,3,5,35,0
image_4.jpg,3,6,43,0
image_4.jpg,3,7,51,0
image_4.jpg,3,8,59,0
image_4.jpg,4,1,4,0
image_4.jpg,4,2,12,0
image_4.jpg,4,3,20,0
image_4.jpg,4,4,28,0
image_4.jpg,4,5,36,0
image_4.jpg,4,6,44,0
image_4.jpg,4,7,52,0
image_4.jpg,4,8,60,0
image_4.jpg,5,1,5,0
image_4.jpg,5,2,13,0
image_4.jpg,5,3,21,0
image_4.jpg,5,4,29,0
image_4.jpg,5,5,37,0
image_4.jpg,5,6,45,0
image_4.jpg,5,7,53,0
image_4.jpg,5,8,61,0
image_4.jpg,6,1,6,0
image_4.jpg,6,2,14,0
image_4.jpg,6,3,22,0
image_4.jpg,6,4,30,0
image_4.jpg,6,5,38,0
image_4.jpg,6,6,46,0
image_4.jpg,6,7,54,0
image_4.jpg,6,8,62,0
image_4.jpg,7,1,7,0
image_4.jpg,7,2,15,0
image_4.jpg,7,3,23,0
image_4.jpg,7,4,31,0
image_4.jpg,7,5,39,0
image_4.jpg,7,6,47,0
image_4.jpg,7,7,55,0
image_4.jpg,7,8,63,0
image_4.jpg,8,1,8,0
image_4.jpg,8,2,16,0
image_4.jpg,8,3,24,0
image_4.jpg,8,4,32,0
image_4.jpg,8,5,40,0
image_4.jpg,8,6,48,0
image_4.jpg,8,7,56,0
image_4.jpg,8,8,64,0
image_40.jpg,1,1,1,0
image_40.jpg,1,2,9,0
image_40.jpg,1,3,17,0
image_40.jpg,1,4,25,0
image_40.jpg,1,5,33,0
image_40.jpg,1,6,41,0
image_40.jpg,1,7,49,0
image_40.jpg,1,8,57,0
image_40.jpg,2,1,2,0
image_40.jpg,2,2,10,0
image_40.jpg,2,3,18,0
image_40.jpg,2,4,26,0
image_40.jpg,2,5,34,0
image_40.jpg,2,6,42,0
image_40.jpg,2,7,50,0
image_40.jpg,2,8,58,0
image_40.jpg,3,1,3,0
image_40.jpg,3,2,11,0
image_40.jpg,3,3,19,0
image_40.jpg,3,4,27,0
image_40.jpg,3,5,35,0
image_40.jpg,3,6,43,0
image_40.jpg,3,7,51,0
image_40.jpg,3,8,59,0
image_40.jpg,4,1,4,0
image_40.jpg,4,2,12,0
image_40.jpg,4,3,20,0
image_40.jpg,4,4,28,0
image_40.jpg,4,5,36,0
image_40.jpg,4,6,44,0
image_40.jpg,4,7,52,0
image_40.jpg,4,8,60,0
image_40.jpg,5,1,5,0
image_40.jpg,5,2,13,0
image_40.jpg,5,3,21,0
image_40.jpg,5,4,29,0
image_40.jpg,5,5,37,0
image_40.jpg,5,6,45,0
image_40.jpg,5,7,53,0
image_40.jpg,5,8,61,0
image_40.jpg,6,1,6,0
image_40.jpg,6,2,14,0
image_40.jpg,6,3,22,0
image_40.jpg,6,4,30,0
image_40.jpg,6,5,38,0
image_40.jpg,6,6,46,0
image_40.jpg,6,7,54,0
image_40.jpg,6,8,62,0
image_40.jpg,7,1,7,0
image_40.jpg,7,2,15,0
image_40.jpg,7,3,23,0
image_40.jpg,7,4,31,0
image_40.jpg,7,5,39,0
image_40.jpg,7,6,47,0
image_40.jpg,7,7,55,0
image_40.jpg,7,8,63,0
image_40.jpg,8,1,8,0
image_40.jpg,8,2,16,0
image_40.jpg,8,3,24,0
image_40.jpg,8,4,32,0
image_40.jpg,8,5,40,0
image_40.jpg,8,6,48,0
image_40.jpg,8,7,56,0
image_40.jpg,8,8,64,0
image_41.jpg,1,1,1,0
image_41.jpg,1,2,9,0
image_41.jpg,1,3,17,0
image_41.jpg,1,4,25,0
image_41.jpg,1,5,33,0
image_41.jpg,1,6,41,0
image_41.jpg,1,7,49,0
image_41.jpg,1,8,57,0
image_41.jpg,2,1,2,0
image_41.jpg,2,2,10,0
image_41.jpg,2,3,18,0
image_41.jpg,2,4,26,0
image_41.jpg,2,5,34,0
image_41.jpg,2,6,42,0
image_41.jpg,2,7,50,0
image_41.jpg,2,8,58,0
image_41.jpg,3,1,3,0
image_41.jpg,3,2,11,0
image_41.jpg,3,3,19,0
image_41.jpg,3,4,27,0
image_41.jpg,3,5,35,0
image_41.jpg,3,6,43,0
image_41.jpg,3,7,51,0
image_41.jpg,3,8,59,0
image_41.jpg,4,1,4,0
image_41.jpg,4,2,12,0
image_41.jpg,4,3,20,0
image_41.jpg,4,4,28,0
image_41.jpg,4,5,36,0
image_41.jpg,4,6,44,0
image_41.jpg,4,7,52,0
image_41.jpg,4,8,60,0
image_41.jpg,5,1,5,0
image_41.jpg,5,2,13,0
image_41.jpg,5,3,21,0
image_41.jpg,5,4,29,0
image_41.jpg,5,5,37,0
image_41.jpg,5,6,45,0
image_41.jpg,5,7,53,0
image_41.jpg,5,8,61,0
image_41.jpg,6,1,6,0
image_41.jpg,6,2,14,0
image_41.jpg,6,3,22,0
image_41.jpg,6,4,30,0
image_41.jpg,6,5,38,0
image_41.jpg,6,6,46,0
image_41.jpg,6,7,54,0
image_41.jpg,6,8,62,0
image_41.jpg,7,1,7,0
image_41.jpg,7,2,15,0
image_41.jpg,7,3,23,0
image_41.jpg,7,4,31,0
image_41.jpg,7,5,39,0
image_41.jpg,7,6,47,0
image_41.jpg,7,7,55,0
image_41.jpg,7,8,63,0
image_41.jpg,8,1,8,0
image_41.jpg,8,2,16,0
image_41.jpg,8,3,24,0
image_41.jpg,8,4,32,0
image_41.jpg,8,5,40,0
image_41.jpg,8,6,48,0
image_41.jpg,8,7,56,0
image_41.jpg,8,8,64,0
image_42.jpg,1,1,1,0
image_42.jpg,1,2,9,0
image_42.jpg,1,3,17,0
image_42.jpg,1,4,25,0
image_42.jpg,1,5,33,0
image_42.jpg,1,6,41,0
image_42.jpg,1,7,49,0
image_42.jpg,1,8,57,0
image_42.jpg,2,1,2,0
image_42.jpg,2,2,10,0
image_42.jpg,2,3,18,0
image_42.jpg,2,4,26,0
image_42.jpg,2,5,34,0
image_42.jpg,2,6,42,0
image_42.jpg,2,7,50,0
image_42.jpg,2,8,58,0
image_42.jpg,3,1,3,0
image_42.jpg,3,2,11,0
image_42.jpg,3,3,19,0
image_42.jpg,3,4,27,0
image_42.jpg,3,5,35,0
image_42.jpg,3,6,43,0
image_42.jpg,3,7,51,0
image_42.jpg,3,8,59,0
image_42.jpg,4,1,4,0
image_42.jpg,4,2,12,0
image_42.jpg,4,3,20,0
image_42.jpg,4,4,28,0
image_42.jpg,4,5,36,0
image_42.jpg,4,6,44,0
image_42.jpg,4,7,52,0
image_42.jpg,4,8,60,0
image_42.jpg,5,1,5,0
image_42.jpg,5,2,13,0
image_42.jpg,5,3,21,0
image_42.jpg,5,4,29,0
image_42.jpg,5,5,37,0
image_42.jpg,5,6,45,0
image_42.jpg,5,7,53,0
image_42.jpg,5,8,61,0
image_42.jpg,6,1,6,0
image_42.jpg,6,2,14,0
image_42.jpg,6,3,22,0
image_42.jpg,6,4,30,0
image_42.jpg,6,5,38,0
image_42.jpg,6,6,46,0
image_42.jpg,6,7,54,0
image_42.jpg,6,8,62,0
image_42.jpg,7,1,7,0
image_42.jpg,7,2,15,0
image_42.jpg,7,3,23,0
image_42.jpg,7,4,31,0
image_42.jpg,7,5,39,0
image_42.jpg,7,6,47,0
image_42.jpg,7,7,55,0
image_42.jpg,7,8,63,0
image_42.jpg,8,1,8,0
image_42.jpg,8,2,16,0
image_42.jpg,8,3,24,0
image_42.jpg,8,4,32,0
image_42.jpg,8,5,40,0
image_42.jpg,8,6,48,0
image_42.jpg,8,7,56,0
image_42.jpg,8,8,64,0
image_43.jpg,1,1,1,0
image_43.jpg,1,2,9,0
image_43.jpg,1,3,17,0
image_43.jpg,1,4,25,0
image_43.jpg,1,5,33,0
image_43.jpg,1,6,41,0
image_43.jpg,1,7,49,0
image_43.jpg,1,8,57,0
image_43.jpg,2,1,2,0
image_43.jpg,2,2,10,0
image_43.jpg,2,3,18,0
image_43.jpg,2,4,26,0
image_43.jpg,2,5,34,0
image_43.jpg,2,6,42,0
image_43.jpg,2,7,50,0
image_43.jpg,2,8,58,0
image_43.jpg,3,1,3,0
image_43.jpg,3,2,11,0
image_43.jpg,3,3,19,0
image_43.jpg,3,4,27,0
image_43.jpg,3,5,35,0
image_43.jpg,3,6,43,0
image_43.jpg,3,7,51,0
image_43.jpg,3,8,59,0
image_43.jpg,4,1,4,0
image_43.jpg,4,2,12,0
image_43.jpg,4,3,20,0
image_43.jpg,4,4,28,0
image_43.jpg,4,5,36,0
image_43.jpg,4,6,44,0
image_43.jpg,4,7,52,0
image_43.jpg,4,8,60,0
image_43.jpg,5,1,5,0
image_43.jpg,5,2,13,0
image_43.jpg,5,3,21,0
image_43.jpg,5,4,29,0
image_43.jpg,5,5,37,0
image_43.jpg,5,6,45,0
image_43.jpg,5,7,53,0
image_43.jpg,5,8,61,0
image_43.jpg,6,1,6,0
image_43.jpg,6,2,14,0
image_43.jpg,6,3,22,0
image_43.jpg,6,4,30,0
image_43.jpg,6,5,38,0
image_43.jpg,6,6,46,0
image_43.jpg,6,7,54,0
image_43.jpg,6,8,62,0
image_43.jpg,7,1,7,0
image_43.jpg,7,2,15,0
image_43.jpg,7,3,23,0
image_43.jpg,7,4,31,0
image_43.jpg,7,5,39,0
image_43.jpg,7,6,47,0
image_43.jpg,7,7,55,0
image_43.jpg,7,8,63,0
image_43.jpg,8,1,8,0
image_43.jpg,8,2,16,0
image_43.jpg,8,3,24,0
image_43.jpg,8,4,32,0
image_43.jpg,8,5,40,0
image_43.jpg,8,6,48,0
image_43.jpg,8,7,56,0
image_43.jpg,8,8,64,0
image_44.jpg,1,1,1,0
image_44.jpg,1,2,9,0
image_44.jpg,1,3,17,0
image_44.jpg,1,4,25,0
image_44.jpg,1,5,33,0
image_44.jpg,1,6,41,0
image_44.jpg,1,7,49,0
image_44.jpg,1,8,57,0
image_44.jpg,2,1,2,0
image_44.jpg,2,2,10,0
image_44.jpg,2,3,18,0
image_44.jpg,2,4,26,0
image_44.jpg,2,5,34,0
image_44.jpg,2,6,42,0
image_44.jpg,2,7,50,0
image_44.jpg,2,8,58,0
image_44.jpg,3,1,3,0
image_44.jpg,3,2,11,0
image_44.jpg,3,3,19,0
image_44.jpg,3,4,27,0
image_44.jpg,3,5,35,0
image_44.jpg,3,6,43,0
image_44.jpg,3,7,51,0
image_44.jpg,3,8,59,0
image_44.jpg,4,1,4,0
image_44.jpg,4,2,12,0
image_44.jpg,4,3,20,0
image_44.jpg,4,4,28,0
image_44.jpg,4,5,36,0
image_44.jpg,4,6,44,0
image_44.jpg,4,7,52,0
image_44.jpg,4,8,60,0
image_44.jpg,5,1,5,0
image_44.jpg,5,2,13,0
image_44.jpg,5,3,21,0
image_44.jpg,5,4,29,0
image_44.jpg,5,5,37,0
image_44.jpg,5,6,45,0
image_44.jpg,5,7,53,0
image_44.jpg,5,8,61,0
image_44.jpg,6,1,6,0
image_44.jpg,6,2,14,0
image_44.jpg,6,3,22,0
image_44.jpg,6,4,30,0
image_44.jpg,6,5,38,0
image_44.jpg,6,6,46,0
image_44.jpg,6,7,54,0
image_44.jpg,6,8,62,0
image_44.jpg,7,1,7,0
image_44.jpg,7,2,15,0
image_44.jpg,7,3,23,0
image_44.jpg,7,4,31,0
image_44.jpg,7,5,39,0
image_44.jpg,7,6,47,0
image_44.jpg,7,7,55,0
image_44.jpg,7,8,63,0
image_44.jpg,8,1,8,0
image_44.jpg,8,2,16,0
image_44.jpg,8,3,24,0
image_44.jpg,8,4,32,0
image_44.jpg,8,5,40,0
image_44.jpg,8,6,48,0
image_44.jpg,8,7,56,0
image_44.jpg,8,8,64,0
image_45.jpg,1,1,1,0
image_45.jpg,1,2,9,0
image_45.jpg,1,3,17,0
image_45.jpg,1,4,25,0
image_45.jpg,1,5,33,0
image_45.jpg,1,6,41,0
image_45.jpg,1,7,49,0
image_45.jpg,1,8,57,0
image_45.jpg,2,1,2,0
image_45.jpg,2,2,10,0
image_45.jpg,2,3,18,0
image_45.jpg,2,4,26,0
image_45.jpg,2,5,34,0
image_45.jpg,2,6,42,0
image_45.jpg,2,7,50,0
image_45.jpg,2,8,58,0
image_45.jpg,3,1,3,0
image_45.jpg,3,2,11,0
image_45.jpg,3,3,19,0
image_45.jpg,3,4,27,0
image_45.jpg,3,5,35,0
image_45.jpg,3,6,43,0
image_45.jpg,3,7,51,0
image_45.jpg,3,8,59,0
image_45.jpg,4,1,4,0
image_45.jpg,4,2,12,0
image_45.jpg,4,3,20,0
image_45.jpg,4,4,28,0
image_45.jpg,4,5,36,0
image_45.jpg,4,6,44,0
image_45.jpg,4,7,52,0
image_45.jpg,4,8,60,0
image_45.jpg,5,1,5,0
image_45.jpg,5,2,13,0
image_45.jpg,5,3,21,0
image_45.jpg,5,4,29,0
image_45.jpg,5,5,37,0
image_45.jpg,5,6,45,0
image_45.jpg,5,7,53,0
image_45.jpg,5,8,61,0
image_45.jpg,6,1,6,0
image_45.jpg,6,2,14,0
image_45.jpg,6,3,22,0
image_45.jpg,6,4,30,0
image_45.jpg,6,5,38,0
image_45.jpg,6,6,46,0
image_45.jpg,6,7,54,0
image_45.jpg,6,8,62,0
image_45.jpg,7,1,7,0
image_45.jpg,7,2,15,0
image_45.jpg,7,3,23,0
image_45.jpg,7,4,31,0
image_45.jpg,7,5,39,0
image_45.jpg,7,6,47,0
image_45.jpg,7,7,55,0
image_45.jpg,7,8,63,0
image_45.jpg,8,1,8,0
image_45.jpg,8,2,16,0
image_45.jpg,8,3,24,0
image_45.jpg,8,4,32,0
image_45.jpg,8,5,40,0
image_45.jpg,8,6,48,0
image_45.jpg,8,7,56,0
image_45.jpg,8,8,64,0
image_46.jpg,1,1,1,0
image_46.jpg,1,2,9,0
image_46.jpg,1,3,17,0
image_46.jpg,1,4,25,0
image_46.jpg,1,5,33,0
image_46.jpg,1,6,41,0
image_46.jpg,1,7,49,0
image_46.jpg,1,8,57,0
image_46.jpg,2,1,2,0
image_46.jpg,2,2,10,0
image_46.jpg,2,3,18,0
image_46.jpg,2,4,26,0
image_46.jpg,2,5,34,0
image_46.jpg,2,6,42,0
image_46.jpg,2,7,50,0
image_46.jpg,2,8,58,0
image_46.jpg,3,1,3,0
image_46.jpg,3,2,11,0
image_46.jpg,3,3,19,0
image_46.jpg,3,4,27,0
image_46.jpg,3,5,35,0
image_46.jpg,3,6,43,0
image_46.jpg,3,7,51,0
image_46.jpg,3,8,59,0
image_46.jpg,4,1,4,0
image_46.jpg,4,2,12,0
image_46.jpg,4,3,20,0
image_46.jpg,4,4,28,0
image_46.jpg,4,5,36,0
image_46.jpg,4,6,44,0
image_46.jpg,4,7,52,0
image_46.jpg,4,8,60,0
image_46.jpg,5,1,5,0
image_46.jpg,5,2,13,0
image_46.jpg,5,3,21,0
image_46.jpg,5,4,29,0
image_46.jpg,5,5,37,0
image_46.jpg,5,6,45,0
image_46.jpg,5,7,53,0
image_46.jpg,5,8,61,0
image_46.jpg,6,1,6,0
image_46.jpg,6,2,14,0
image_46.jpg,6,3,22,0
image_46.jpg,6,4,30,0
image_46.jpg,6,5,38,0
image_46.jpg,6,6,46,0
image_46.jpg,6,7,54,0
image_46.jpg,6,8,62,0
image_46.jpg,7,1,7,0
image_46.jpg,7,2,15,0
image_46.jpg,7,3,23,0
image_46.jpg,7,4,31,0
image_46.jpg,7,5,39,0
image_46.jpg,7,6,47,0
image_46.jpg,7,7,55,0
image_46.jpg,7,8,63,0
image_46.jpg,8,1,8,0
image_46.jpg,8,2,16,0
image_46.jpg,8,3,24,0
image_46.jpg,8,4,32,0
image_46.jpg,8,5,40,0
image_46.jpg,8,6,48,0
image_46.jpg,8,7,56,0
image_46.jpg,8,8,64,0
image_47.jpg,1,1,1,0
image_47.jpg,1,2,9,0
image_47.jpg,1,3,17,0
image_47.jpg,1,4,25,0
image_47.jpg,1,5,33,0
image_47.jpg,1,6,41,0
image_47.jpg,1,7,49,0
image_47.jpg,1,8,57,0
image_47.jpg,2,1,2,0
image_47.jpg,2,2,10,0
image_47.jpg,2,3,18,0
image_47.jpg,2,4,26,0
image_47.jpg,2,5,34,0
image_47.jpg,2,6,42,0
image_47.jpg,2,7,50,0
image_47.jpg,2,8,58,0
image_47.jpg,3,1,3,0
image_47.jpg,3,2,11,0
image_47.jpg,3,3,19,0
image_47.jpg,3,4,27,0
image_47.jpg,3,5,35,0
image_47.jpg,3,6,43,0
image_47.jpg,3,7,51,0
image_47.jpg,3,8,59,0
image_47.jpg,4,1,4,0
image_47.jpg,4,2,12,0
image_47.jpg,4,3,20,0
image_47.jpg,4,4,28,0
image_47.jpg,4,5,36,0
image_47.jpg,4,6,44,0
image_47.jpg,4,7,52,0
image_47.jpg,4,8,60,0
image_47.jpg,5,1,5,0
image_47.jpg,5,2,13,0
image_47.jpg,5,3,21,0
image_47.jpg,5,4,29,0
image_47.jpg,5,5,37,0
image_47.jpg,5,6,45,0
image_47.jpg,5,7,53,0
image_47.jpg,5,8,61,0
image_47.jpg,6,1,6,0
image_47.jpg,6,2,14,0
image_47.jpg,6,3,22,0
image_47.jpg,6,4,30,0
image_47.jpg,6,5,38,0
image_47.jpg,6,6,46,0
image_47.jpg,6,7,54,0
image_47.jpg,6,8,62,0
image_47.jpg,7,1,7,0
image_47.jpg,7,2,15,0
image_47.jpg,7,3,23,0
image_47.jpg,7,4,31,0
image_47.jpg,7,5,39,0
image_47.jpg,7,6,47,0
image_47.jpg,7,7,55,0
image_47.jpg,7,8,63,0
image_47.jpg,8,1,8,0
image_47.jpg,8,2,16,0
image_47.jpg,8,3,24,0
image_47.jpg,8,4,32,0
image_47.jpg,8,5,40,0
image_47.jpg,8,6,48,0
image_47.jpg,8,7,56,0
image_47.jpg,8,8,64,0
image_48.jpg,1,1,1,0
image_48.jpg,1,2,9,0
image_48.jpg,1,3,17,0
image_48.jpg,1,4,25,0
image_48.jpg,1,5,33,0
image_48.jpg,1,6,41,0
image_48.jpg,1,7,49,0
image_48.jpg,1,8,57,0
image_48.jpg,2,1,2,0
image_48.jpg,2,2,10,0
image_48.jpg,2,3,18,0
image_48.jpg,2,4,26,0
image_48.jpg,2,5,34,0
image_48.jpg,2,6,42,0
image_48.jpg,2,7,50,0
image_48.jpg,2,8,58,0
image_48.jpg,3,1,3,0
image_48.jpg,3,2,11,0
image_48.jpg,3,3,19,0
image_48.jpg,3,4,27,0
image_48.jpg,3,5,35,0
image_48.jpg,3,6,43,0
image_48.jpg,3,7,51,0
image_48.jpg,3,8,59,0
image_48.jpg,4,1,4,0
image_48.jpg,4,2,12,0
image_48.jpg,4,3,20,0
image_48.jpg,4,4,28,0
image_48.jpg,4,5,36,0
image_48.jpg,4,6,44,0
image_48.jpg,4,7,52,0
image_48.jpg,4,8,60,0
image_48.jpg,5,1,5,0
image_48.jpg,5,2,13,0
image_48.jpg,5,3,21,0
image_48.jpg,5,4,29,0
image_48.jpg,5,5,37,0
image_48.jpg,5,6,45,0
image_48.jpg,5,7,53,0
image_48.jpg,5,8,61,0
image_48.jpg,6,1,6,0
image_48.jpg,6,2,14,0
image_48.jpg,6,3,22,0
image_48.jpg,6,4,30,0
image_48.jpg,6,5,38,0
image_48.jpg,6,6,46,0
image_48.jpg,6,7,54,0
image_48.jpg,6,8,62,0
image_48.jpg,7,1,7,0
image_48.jpg,7,2,15,0
image_48.jpg,7,3,23,0
image_48.jpg,7,4,31,0
image_48.jpg,7,5,39,0
image_48.jpg,7,6,47,0
image_48.jpg,7,7,55,0
image_48.jpg,7,8,63,0
image_48.jpg,8,1,8,0
image_48.jpg,8,2,16,0
image_48.jpg,8,3,24,0
image_48.jpg,8,4,32,0
image_48.jpg,8,5,40,0
image_48.jpg,8,6,48,0
image_48.jpg,8,7,56,0
image_48.jpg,8,8,64,0
image_49.jpg,1,1,1,0
image_49.jpg,1,2,9,0
image_49.jpg,1,3,17,0
image_49.jpg,1,4,25,0
image_49.jpg,1,5,33,0
image_49.jpg,1,6,41,0
image_49.jpg,1,7,49,0
image_49.jpg,1,8,57,0
image_49.jpg,2,1,2,0
image_49.jpg,2,2,10,0
image_49.jpg,2,3,18,0
image_49.jpg,2,4,26,0
image_49.jpg,2,5,34,0
image_49.jpg,2,6,42,0
image_49.jpg,2,7,50,0
image_49.jpg,2,8,58,0
image_49.jpg,3,1,3,0
image_49.jpg,3,2,11,0
image_49.jpg,3,3,19,0
image_49.jpg,3,4,27,0
image_49.jpg,3,5,35,0
image_49.jpg,3,6,43,0
image_49.jpg,3,7,51,0
image_49.jpg,3,8,59,0
image_49.jpg,4,1,4,0
image_49.jpg,4,2,12,0
image_49.jpg,4,3,20,0
image_49.jpg,4,4,28,0
image_49.jpg,4,5,36,0
image_49.jpg,4,6,44,0
image_49.jpg,4,7,52,0
image_49.jpg,4,8,60,0
image_49.jpg,5,1,5,0
image_49.jpg,5,2,13,0
image_49.jpg,5,3,21,0
image_49.jpg,5,4,29,0
image_49.jpg,5,5,37,0
image_49.jpg,5,6,45,0
image_49.jpg,5,7,53,0
image_49.jpg,5,8,61,0
image_49.jpg,6,1,6,0
image_49.jpg,6,2,14,0
image_49.jpg,6,3,22,0
image_49.jpg,6,4,30,0
image_49.jpg,6,5,38,0
image_49.jpg,6,6,46,0
image_49.jpg,6,7,54,0
image_49.jpg,6,8,62,0
image_49.jpg,7,1,7,0
image_49.jpg,7,2,15,0
image_49.jpg,7,3,23,0
image_49.jpg,7,4,31,0
image_49.jpg,7,5,39,0
image_49.jpg,7,6,47,0
image_49.jpg,7,7,55,0
image_49.jpg,7,8,63,0
image_49.jpg,8,1,8,0
image_49.jpg,8,2,16,0
image_49.jpg,8,3,24,0
image_49.jpg,8,4,32,0
image_49.jpg,8,5,40,0
image_49.jpg,8,6,48,0
image_49.jpg,8,7,56,0
image_49.jpg,8,8,64,0
image_5.jpg,1,1,1,0
image_5.jpg,1,2,9,0
image_5.jpg,1,3,17,0
image_5.jpg,1,4,25,0
image_5.jpg,1,5,33,0
image_5.jpg,1,6,41,0
image_5.jpg,1,7,49,0
image_5.jpg,1,8,57,0
image_5.jpg,2,1,2,0
image_5.jpg,2,2,10,0
image_5.jpg,2,3,18,0
image_5.jpg,2,4,26,0
image_5.jpg,2,5,34,0
image_5.jpg,2,6,42,0
image_5.jpg,2,7,50,0
image_5.jpg,2,8,58,0
image_5.jpg,3,1,3,0
image_5.jpg,3,2,11,0
image_5.jpg,3,3,19,0
image_5.jpg,3,4,27,0
image_5.jpg,3,5,35,0
image_5.jpg,3,6,43,0
image_5.jpg,3,7,51,0
image_5.jpg,3,8,59,0
image_5.jpg,4,1,4,0
image_5.jpg,4,2,12,0
image_5.jpg,4,3,20,0
image_5.jpg,4,4,28,0
image_5.jpg,4,5,36,0
image_5.jpg,4,6,44,0
image_5.jpg,4,7,52,0
image_5.jpg,4,8,60,0
image_5.jpg,5,1,5,0
image_5.jpg,5,2,13,0
image_5.jpg,5,3,21,0
image_5.jpg,5,4,29,0
image_5.jpg,5,5,37,0
image_5.jpg,5,6,45,0
image_5.jpg,5,7,53,0
image_5.jpg,5,8,61,0
image_5.jpg,6,1,6,0
image_5.jpg,6,2,14,0
image_5.jpg,6,3,22,0
image_5.jpg,6,4,30,0
image_5.jpg,6,5,38,0
image_5.jpg,6,6,46,0
image_5.jpg,6,7,54,0
image_5.jpg,6,8,62,0
image_5.jpg,7,1,7,0
image_5.jpg,7,2,15,0
image_5.jpg,7,3,23,0
image_5.jpg,7,4,31,0
image_5.jpg,7,5,39,0
image_5.jpg,7,6,47,0
image_5.jpg,7,7,55,0
image_5.jpg,7,8,63,0
image_5.jpg,8,1,8,0
image_5.jpg,8,2,16,0
image_5.jpg,8,3,24,0
image_5.jpg,8,4,32,0
image_5.jpg,8,5,40,0
image_5.jpg,8,6,48,0
image_5.jpg,8,7,56,0
image_5.jpg,8,8,64,0
image_50.jpg,1,1,1,0
image_50.jpg,1,2,9,0
image_50.jpg,1,3,17,0
image_50.jpg,1,4,25,0
image_50.jpg,1,5,33,0
image_50.jpg,1,6,41,0
image_50.jpg,1,7,49,0
image_50.jpg,1,8,57,0
image_50.jpg,2,1,2,0
image_50.jpg,2,2,10,0
image_50.jpg,2,3,18,0
image_50.jpg,2,4,26,0
image_50.jpg,2,5,34,0
image_50.jpg,2,6,42,0
image_50.jpg,2,7,50,0
image_50.jpg,2,8,58,0
image_50.jpg,3,1,3,0
image_50.jpg,3,2,11,0
image_50.jpg,3,3,19,0
image_50.jpg,3,4,27,0
image_50.jpg,3,5,35,0
image_50.jpg,3,6,43,0
image_50.jpg,3,7,51,0
image_50.jpg,3,8,59,0
image_50.jpg,4,1,4,0
image_50.jpg,4,2,12,0
image_50.jpg,4,3,20,0
image_50.jpg,4,4,28,0
image_50.jpg,4,5,36,0
image_50.jpg,4,6,44,0
image_50.jpg,4,7,52,0
image_50.jpg,4,8,60,0
image_50.jpg,5,1,5,0
image_50.jpg,5,2,13,0
image_50.jpg,5,3,21,0
image_50.jpg,5,4,29,0
image_50.jpg,5,5,37,0
image_50.jpg,5,6,45,0
image_50.jpg,5,7,53,0
image_50.jpg,5,8,61,0
image_50.jpg,6,1,6,0
image_50.jpg,6,2,14,0
image_50.jpg,6,3,22,0
image_50.jpg,6,4,30,0
image_50.jpg,6,5,38,0
image_50.jpg,6,6,46,0
image_50.jpg,6,7,54,0
image_50.jpg,6,8,62,0
image_50.jpg,7,1,7,0
image_50.jpg,7,2,15,0
image_50.jpg,7,3,23,0
image_50.jpg,7,4,31,0
image_50.jpg,7,5,39,0
image_50.jpg,7,6,47,0
image_50.jpg,7,7,55,0
image_50.jpg,7,8,63,0
image_50.jpg,8,1,8,0
image_50.jpg,8,2,16,0
image_50.jpg,8,3,24,0
image_50.jpg,8,4,32,0
image_50.jpg,8,5,40,0
image_50.jpg,8,6,48,0
image_50.jpg,8,7,56,0
image_50.jpg,8,8,64,0
image_6.jpg,1,1,1,0
image_6.jpg,1,2,9,0
image_6.jpg,1,3,17,0
image_6.jpg,1,4,25,0
image_6.jpg,1,5,33,0
image_6.jpg,1,6,41,0
image_6.jpg,1,7,49,0
image_6.jpg,1,8,57,0
image_6.jpg,2,1,2,0
image_6.jpg,2,2,10,0
image_6.jpg,2,3,18,0
image_6.jpg,2,4,26,0
image_6.jpg,2,5,34,0
image_6.jpg,2,6,42,0
image_6.jpg,2,7,50,0
image_6.jpg,2,8,58,0
image_6.jpg,3,1,3,0
image_6.jpg,3,2,11,0
image_6.jpg,3,3,19,0
image_6.jpg,3,4,27,0
image_6.jpg,3,5,35,0
image_6.jpg,3,6,43,0
image_6.jpg,3,7,51,0
image_6.jpg,3,8,59,0
image_6.jpg,4,1,4,0
image_6.jpg,4,2,12,0
image_6.jpg,4,3,20,0
image_6.jpg,4,4,28,0
image_6.jpg,4,5,36,0
image_6.jpg,4,6,44,0
image_6.jpg,4,7,52,0
image_6.jpg,4,8,60,0
image_6.jpg,5,1,5,0
image_6.jpg,5,2,13,0
image_6.jpg,5,3,21,0
image_6.jpg,5,4,29,0
image_6.jpg,5,5,37,0
image_6.jpg,5,6,45,0
image_6.jpg,5,7,53,0
image_6.jpg,5,8,61,0
image_6.jpg,6,1,6,0
image_6.jpg,6,2,14,0
image_6.jpg,6,3,22,0
image_6.jpg,6,4,30,0
image_6.jpg,6,5,38,0
image_6.jpg,6,6,46,0
image_6.jpg,6,7,54,0
image_6.jpg,6,8,62,0
image_6.jpg,7,1,7,0
image_6.jpg,7,2,15,0
image_6.jpg,7,3,23,0
image_6.jpg,7,4,31,0
image_6.jpg,7,5,39,0
image_6.jpg,7,6,47,0
image_6.jpg,7,7,55,0
image_6.jpg,7,8,63,0
image_6.jpg,8,1,8,0
image_6.jpg,8,2,16,0
image_6.jpg,8,3,24,0
image_6.jpg,8,4,32,0
image_6.jpg,8,5,40,0
image_6.jpg,8,6,48,0
image_6.jpg,8,7,56,0
image_6.jpg,8,8,64,0
image_7.jpg,1,1,1,0
image_7.jpg,1,2,9,0
image_7.jpg,1,3,17,0
image_7.jpg,1,4,25,0
image_7.jpg,1,5,33,0
image_7.jpg,1,6,41,0
image_7.jpg,1,7,49,0
image_7.jpg,1,8,57,0
image_7.jpg,2,1,2,0
image_7.jpg,2,2,10,0
image_7.jpg,2,3,18,0
image_7.jpg,2,4,26,0
image_7.jpg,2,5,34,0
image_7.jpg,2,6,42,0
image_7.jpg,2,7,50,0
image_7.jpg,2,8,58,0
image_7.jpg,3,1,3,0
image_7.jpg,3,2,11,0
image_7.jpg,3,3,19,0
image_7.jpg,3,4,27,0
image_7.jpg,3,5,35,0
image_7.jpg,3,6,43,0
image_7.jpg,3,7,51,0
image_7.jpg,3,8,59,0
image_7.jpg,4,1,4,0
image_7.jpg,4,2,12,0
image_7.jpg,4,3,20,0
image_7.jpg,4,4,28,0
image_7.jpg,4,5,36,0
image_7.jpg,4,6,44,0
image_7.jpg,4,7,52,0
image_7.jpg,4,8,60,0
image_7.jpg,5,1,5,0
image_7.jpg,5,2,13,0
image_7.jpg,5,3,21,0
image_7.jpg,5,4,29,0
image_7.jpg,5,5,37,0
image_7.jpg,5,6,45,0
image_7.jpg,5,7,53,0
image_7.jpg,5,8,61,0
image_7.jpg,6,1,6,0
image_7.jpg,6,2,14,0
image_7.jpg,6,3,22,0
image_7.jpg,6,4,30,0
image_7.jpg,6,5,38,0
image_7.jpg,6,6,46,0
image_7.jpg,6,7,54,0
image_7.jpg,6,8,62,0
image_7.jpg,7,1,7,0
image_7.jpg,7,2,15,0
image_7.jpg,7,3,23,0
image_7.jpg,7,4,31,0
image_7.jpg,7,5,39,0
image_7.jpg,7,6,47,0
image_7.jpg,7,7,55,0
image_7.jpg,7,8,63,0
image_7.jpg,8,1,8,0
image_7.jpg,8,2,16,0
image_7.jpg,8,3,24,0
image_7.jpg,8,4,32,0
image_7.jpg,8,5,40,0
image_7.jpg,8,6,48,0
image_7.jpg,8,7,56,0
image_7.jpg,8,8,64,0
image_8.jpg,1,1,1,0
image_8.jpg,1,2,9,0
image_8.jpg,1,3,17,0
image_8.jpg,1,4,25,0
image_8.jpg,1,5,33,0
image_8.jpg,1,6,41,0
image_8.jpg,1,7,49,0
image_8.jpg,1,8,57,0
image_8.jpg,2,1,2,0
image_8.jpg,2,2,10,0
image_8.jpg,2,3,18,0
image_8.jpg,2,4,26,0
image_8.jpg,2,5,34,0
image_8.jpg,2,6,42,0
image_8.jpg,2,7,50,0
image_8.jpg,2,8,58,0
image_8.jpg,3,1,3,0
image_8.jpg,3,2,11,0
image_8.jpg,3,3,19,0
image_8.jpg,3,4,27,0
image_8.jpg,3,5,35,0
image_8.jpg,3,6,43,0
image_8.jpg,3,7,51,0
image_8.jpg,3,8,59,0
image_8.jpg,4,1,4,0
image_8.jpg,4,2,12,0
image_8.jpg,4,3,20,0
image_8.jpg,4,4,28,0
image_8.jpg,4,5,36,0
image_8.jpg,4,6,44,0
image_8.jpg,4,7,52,0
image_8.jpg,4,8,60,0
image_8.jpg,5,1,5,0
image_8.jpg,5,2,13,0
image_8.jpg,5,3,21,0
image_8.jpg,5,4,29,0
image_8.jpg,5,5,37,0
image_8.jpg,5,6,45,0
image_8.jpg,5,7,53,0
image_8.jpg,5,8,61,0
image_8.jpg,6,1,6,0
image_8.jpg,6,2,14,0
image_8.jpg,6,3,22,0
image_8.jpg,6,4,30,0
image_8.jpg,6,5,38,0
image_8.jpg,6,6,46,0
image_8.jpg,6,7,54,0
image_8.jpg,6,8,62,0
image_8.jpg,7,1,7,0
image_8.jpg,7,2,15,0
image_8.jpg,7,3,23,0
image_8.jpg,7,4,31,0
image_8.jpg,7,5,39,0
image_8.jpg,7,6,47,0
image_8.jpg,7,7,55,0
image_8.jpg,7,8,63,0
image_8.jpg,8,1,8,0
image_8.jpg,8,2,16,0
image_8.jpg,8,3,24,0
image_8.jpg,8,4,32,0
image_8.jpg,8,5,40,0
image_8.jpg,8,6,48,0
image_8.jpg,8,7,56,0
image_8.jpg,8,8,64,0
image_9.jpg,1,1,1,0
image_9.jpg,1,2,9,0
image_9.jpg,1,3,17,0
image_9.jpg,1,4,25,0
image_9.jpg,1,5,33,0
image_9.jpg,1,6,41,0
image_9.jpg,1,7,49,0
image_9.jpg,1,8,57,0
image_9.jpg,2,1,2,0
image_9.jpg,2,2,10,0
image_9.jpg,2,3,18,0
image_9.jpg,2,4,26,0
image_9.jpg,2,5,34,0
image_9.jpg,2,6,42,0
image_9.jpg,2,7,50,0
image_9.jpg,2,8,58,0
image_9.jpg,3,1,3,0
image_9.jpg,3,2,11,0
image_9.jpg,3,3,19,0
image_9.jpg,3,4,27,0
image_9.jpg,3,5,35,0
image_9.jpg,3,6,43,0
image_9.jpg,3,7,51,0
image_9.jpg,3,8,59,0
image_9.jpg,4,1,4,0
image_9.jpg,4,2,12,0
image_9.jpg,4,3,20,0
image_9.jpg,4,4,28,0
image_9.jpg,4,5,36,0
image_9.jpg,4,6,44,0
image_9.jpg,4,7,52,0
image_9.jpg,4,8,60,0
image_9.jpg,5,1,5,0
image_9.jpg,5,2,13,0
image_9.jpg,5,3,21,0
image_9.jpg,5,4,29,0
image_9.jpg,5,5,37,0
image_9.jpg,5,6,45,0
image_9.jpg,5,7,53,0
image_9.jpg,5,8,61,0
image_9.jpg,6,1,6,0
image_9.jpg,6,2,14,0
image_9.jpg,6,3,22,0
image_9.jpg,6,4,30,0
image_9.jpg,6,5,38,0
image_9.jpg,6,6,46,0
image_9.jpg,6,7,54,0
image_9.jpg,6,8,62,0
image_9.jpg,7,1,7,0
image_9.jpg,7,2,15,0
image_9.jpg,7,3,23,0
image_9.jpg,7,4,31,0
image_9.jpg,7,5,39,0
image_9.jpg,7,6,47,0
image_9.jpg,7,7,55,0
image_9.jpg,7,8,63,0
image_9.jpg,8,1,8,0
image_9.jpg,8,2,16,0
image_9.jpg,8,3,24,0
image_9.jpg,8,4,32,0
image_9.jpg,8,5,40,0
image_9.jpg,8,6,48,0
image_9.jpg,8,7,56,0
image_9.jpg,8,8,64,0
